progressivo_odonimo,municipality_belfiore,municipality_istat_x,odonimo,dug,duf,municipality_name,region_name,municipality_istat_y,person_id,canonical_name,matched_alias,match_score,match_method,odonimo_normalized,review_status,aliases,role_category,territories,period,connection_summary,source_url,wikidata_qid,allow_surname_only,status,total_odonimi_region
565949,A125,067001,VIALE DUCA DEGLI ABRUZZI,,VIALE DUCA DEGLI ABRUZZI,Alba Adriatica,Abruzzo,067001,savoiaaosta_luigiamedeo,Luigi Amedeo di Savoia-Aosta,Duca degli Abruzzi,100.0,exact_alias,duca degli abruzzi,accepted_auto,Luigi Amedeo di Savoia-Aosta;Duca degli Abruzzi,economic_and_colonization,Somalia,1919-1933,"Prince, explorer and founder of the large agricultural settlement and company at Villaggio Duca degli Abruzzi in Italian Somalia.",https://www.treccani.it/enciclopedia/savoia-aosta-luigi-amedeo-giuseppe-maria-ferdinando-francesco-di-duca-degli-abruzzi_%28Dizionario-Biografico%29/,,False,verified_manual,38412
844467,A187,066003,VIA DUCA DEGLI ABRUZZI,,VIA DUCA DEGLI ABRUZZI,Alfedena,Abruzzo,066003,savoiaaosta_luigiamedeo,Luigi Amedeo di Savoia-Aosta,Duca degli Abruzzi,100.0,exact_alias,duca degli abruzzi,accepted_auto,Luigi Amedeo di Savoia-Aosta;Duca degli Abruzzi,economic_and_colonization,Somalia,1919-1933,"Prince, explorer and founder of the large agricultural settlement and company at Villaggio Duca degli Abruzzi in Italian Somalia.",https://www.treccani.it/enciclopedia/savoia-aosta-luigi-amedeo-giuseppe-maria-ferdinando-francesco-di-duca-degli-abruzzi_%28Dizionario-Biografico%29/,,False,verified_manual,38412
386555,A235,069001,PIAZZA DUCA DEGLI ABRUZZI,,PIAZZA DUCA DEGLI ABRUZZI,Altino,Abruzzo,069001,savoiaaosta_luigiamedeo,Luigi Amedeo di Savoia-Aosta,Duca degli Abruzzi,100.0,exact_alias,duca degli abruzzi,accepted_auto,Luigi Amedeo di Savoia-Aosta;Duca degli Abruzzi,economic_and_colonization,Somalia,1919-1933,"Prince, explorer and founder of the large agricultural settlement and company at Villaggio Duca degli Abruzzi in Italian Somalia.",https://www.treccani.it/enciclopedia/savoia-aosta-luigi-amedeo-giuseppe-maria-ferdinando-francesco-di-duca-degli-abruzzi_%28Dizionario-Biografico%29/,,False,verified_manual,38412
762624,A270,067002,VIA DUCA DEGLI ABRUZZI,,VIA DUCA DEGLI ABRUZZI,Ancarano,Abruzzo,067002,savoiaaosta_luigiamedeo,Luigi Amedeo di Savoia-Aosta,Duca degli Abruzzi,100.0,exact_alias,duca degli abruzzi,accepted_auto,Luigi Amedeo di Savoia-Aosta;Duca degli Abruzzi,economic_and_colonization,Somalia,1919-1933,"Prince, explorer and founder of the large agricultural settlement and company at Villaggio Duca degli Abruzzi in Italian Somalia.",https://www.treccani.it/enciclopedia/savoia-aosta-luigi-amedeo-giuseppe-maria-ferdinando-francesco-di-duca-degli-abruzzi_%28Dizionario-Biografico%29/,,False,verified_manual,38412
1279666,A345,066049,CORSO DUCA DEGLI ABRUZZI,,CORSO DUCA DEGLI ABRUZZI,L'Aquila,Abruzzo,066049,savoiaaosta_luigiamedeo,Luigi Amedeo di Savoia-Aosta,Duca degli Abruzzi,100.0,exact_alias,duca degli abruzzi,accepted_auto,Luigi Amedeo di Savoia-Aosta;Duca degli Abruzzi,economic_and_colonization,Somalia,1919-1933,"Prince, explorer and founder of the large agricultural settlement and company at Villaggio Duca degli Abruzzi in Italian Somalia.",https://www.treccani.it/enciclopedia/savoia-aosta-luigi-amedeo-giuseppe-maria-ferdinando-francesco-di-duca-degli-abruzzi_%28Dizionario-Biografico%29/,,False,verified_manual,38412
1279667,A345,066049,VIA DUCA DEGLI ABRUZZI,,VIA DUCA DEGLI ABRUZZI,L'Aquila,Abruzzo,066049,savoiaaosta_luigiamedeo,Luigi Amedeo di Savoia-Aosta,Duca degli Abruzzi,100.0,exact_alias,duca degli abruzzi,accepted_auto,Luigi Amedeo di Savoia-Aosta;Duca degli Abruzzi,economic_and_colonization,Somalia,1919-1933,"Prince, explorer and founder of the large agricultural settlement and company at Villaggio Duca degli Abruzzi in Italian Somalia.",https://www.treccani.it/enciclopedia/savoia-aosta-luigi-amedeo-giuseppe-maria-ferdinando-francesco-di-duca-degli-abruzzi_%28Dizionario-Biografico%29/,,False,verified_manual,38412
1279665,A345,066049,VIALE DUCA DEGLI ABRUZZI,,VIALE DUCA DEGLI ABRUZZI,L'Aquila,Abruzzo,066049,savoiaaosta_luigiamedeo,Luigi Amedeo di Savoia-Aosta,Duca degli Abruzzi,100.0,exact_alias,duca degli abruzzi,accepted_auto,Luigi Amedeo di Savoia-Aosta;Duca degli Abruzzi,economic_and_colonization,Somalia,1919-1933,"Prince, explorer and founder of the large agricultural settlement and company at Villaggio Duca degli Abruzzi in Italian Somalia.",https://www.treccani.it/enciclopedia/savoia-aosta-luigi-amedeo-giuseppe-maria-ferdinando-francesco-di-duca-degli-abruzzi_%28Dizionario-Biografico%29/,,False,verified_manual,38412
1279746,A345,066049,VIALE FRANCESCO CRISPI,,VIALE FRANCESCO CRISPI,L'Aquila,Abruzzo,066049,crispi_francesco,Francesco Crispi,Francesco Crispi,100.0,exact_canonical,francesco crispi,accepted_auto,Francesco Crispi,political_and_administration,Eritrea;Ethiopia;Somalia,1887-1896,Prime minister and a principal political promoter of Italian colonial expansion in the Horn of Africa; his policy culminated in the war ending at Adwa.,https://www.treccani.it/enciclopedia/francesco-crispi/,,False,verified_manual,38412
1067744,A481,066005,PIAZZA DUCA DEGLI ABRUZZI,,PIAZZA DUCA DEGLI ABRUZZI,Ateleta,Abruzzo,066005,savoiaaosta_luigiamedeo,Luigi Amedeo di Savoia-Aosta,Duca degli Abruzzi,100.0,exact_alias,duca degli abruzzi,accepted_auto,Luigi Amedeo di Savoia-Aosta;Duca degli Abruzzi,economic_and_colonization,Somalia,1919-1933,"Prince, explorer and founder of the large agricultural settlement and company at Villaggio Duca degli Abruzzi in Italian Somalia.",https://www.treccani.it/enciclopedia/savoia-aosta-luigi-amedeo-giuseppe-maria-ferdinando-francesco-di-duca-degli-abruzzi_%28Dizionario-Biografico%29/,,False,verified_manual,38412
538944,A485,069005,VIA DUCA DEGLI ABRUZZI,,VIA DUCA DEGLI ABRUZZI,Atessa,Abruzzo,069005,savoiaaosta_luigiamedeo,Luigi Amedeo di Savoia-Aosta,Duca degli Abruzzi,100.0,exact_alias,duca degli abruzzi,accepted_auto,Luigi Amedeo di Savoia-Aosta;Duca degli Abruzzi,economic_and_colonization,Somalia,1919-1933,"Prince, explorer and founder of the large agricultural settlement and company at Villaggio Duca degli Abruzzi in Italian Somalia.",https://www.treccani.it/enciclopedia/savoia-aosta-luigi-amedeo-giuseppe-maria-ferdinando-francesco-di-duca-degli-abruzzi_%28Dizionario-Biografico%29/,,False,verified_manual,38412
1175759,A515,066006,VIA FRANCESCO CRISPI,,VIA FRANCESCO CRISPI,Avezzano,Abruzzo,066006,crispi_francesco,Francesco Crispi,Francesco Crispi,100.0,exact_canonical,francesco crispi,accepted_auto,Francesco Crispi,political_and_administration,Eritrea;Ethiopia;Somalia,1887-1896,Prime minister and a principal political promoter of Italian colonial expansion in the Horn of Africa; his policy culminated in the war ending at Adwa.,https://www.treccani.it/enciclopedia/francesco-crispi/,,False,verified_manual,38412
1176190,A515,066006,VIA VITTORIO BOTTEGO,,VIA VITTORIO BOTTEGO,Avezzano,Abruzzo,066006,bottego_vittorio,Vittorio Bottego,Vittorio Bottego,100.0,exact_canonical,vittorio bottego,accepted_auto,Vittorio Bottego,exploration_geography,Somalia;Ethiopia;Eritrea,1887-1897,Army officer and explorer whose expeditions in the Horn of Africa were closely connected with Italian territorial ambitions in Somalia and Ethiopia.,https://www.treccani.it/enciclopedia/vittorio-bottego_%28Dizionario-Biografico%29/,,False,verified_manual,38412
1221506,A603,066007,VIA FRANCESCO CRISPI,,VIA FRANCESCO CRISPI,Balsorano,Abruzzo,066007,crispi_francesco,Francesco Crispi,Francesco Crispi,100.0,exact_canonical,francesco crispi,accepted_auto,Francesco Crispi,political_and_administration,Eritrea;Ethiopia;Somalia,1887-1896,Prime minister and a principal political promoter of Italian colonial expansion in the Horn of Africa; his policy culminated in the war ending at Adwa.,https://www.treccani.it/enciclopedia/francesco-crispi/,,False,verified_manual,38412
996078,A656,066008,VIA DUCA DEGLI ABRUZZI,,VIA DUCA DEGLI ABRUZZI,Barete,Abruzzo,066008,savoiaaosta_luigiamedeo,Luigi Amedeo di Savoia-Aosta,Duca degli Abruzzi,100.0,exact_alias,duca degli abruzzi,accepted_auto,Luigi Amedeo di Savoia-Aosta;Duca degli Abruzzi,economic_and_colonization,Somalia,1919-1933,"Prince, explorer and founder of the large agricultural settlement and company at Villaggio Duca degli Abruzzi in Italian Somalia.",https://www.treccani.it/enciclopedia/savoia-aosta-luigi-amedeo-giuseppe-maria-ferdinando-francesco-di-duca-degli-abruzzi_%28Dizionario-Biografico%29/,,False,verified_manual,38412
996108,A656,066008,VIA TOSELLI,,VIA TOSELLI,Barete,Abruzzo,066008,toselli_pietro,Pietro Toselli,Toselli,100.0,exact_surname,toselli,needs_review,Pietro Toselli;Toselli;Maggiore Toselli,military,Eritrea;Ethiopia,1890s,Italian officer in the colonial campaigns in the Horn of Africa; killed at Amba Alagi in 1895.,https://www.tandfonline.com/doi/full/10.1080/1369801X.2023.2222710,,True,verified,38412
823283,A678,066010,CORSO DUCA DEGLI ABRUZZI,,CORSO DUCA DEGLI ABRUZZI,Barrea,Abruzzo,066010,savoiaaosta_luigiamedeo,Luigi Amedeo di Savoia-Aosta,Duca degli Abruzzi,100.0,exact_alias,duca degli abruzzi,accepted_auto,Luigi Amedeo di Savoia-Aosta;Duca degli Abruzzi,economic_and_colonization,Somalia,1919-1933,"Prince, explorer and founder of the large agricultural settlement and company at Villaggio Duca degli Abruzzi in Italian Somalia.",https://www.treccani.it/enciclopedia/savoia-aosta-luigi-amedeo-giuseppe-maria-ferdinando-francesco-di-duca-degli-abruzzi_%28Dizionario-Biografico%29/,,False,verified_manual,38412
1224042,A885,067007,VIA DUCA DEGLI ABRUZZI,,VIA DUCA DEGLI ABRUZZI,Bisenti,Abruzzo,067007,savoiaaosta_luigiamedeo,Luigi Amedeo di Savoia-Aosta,Duca degli Abruzzi,100.0,exact_alias,duca degli abruzzi,accepted_auto,Luigi Amedeo di Savoia-Aosta;Duca degli Abruzzi,economic_and_colonization,Somalia,1919-1933,"Prince, explorer and founder of the large agricultural settlement and company at Villaggio Duca degli Abruzzi in Italian Somalia.",https://www.treccani.it/enciclopedia/savoia-aosta-luigi-amedeo-giuseppe-maria-ferdinando-francesco-di-duca-degli-abruzzi_%28Dizionario-Biografico%29/,,False,verified_manual,38412
1224045,A885,067007,VIA FRANCESCO CRISPI,,VIA FRANCESCO CRISPI,Bisenti,Abruzzo,067007,crispi_francesco,Francesco Crispi,Francesco Crispi,100.0,exact_canonical,francesco crispi,accepted_auto,Francesco Crispi,political_and_administration,Eritrea;Ethiopia;Somalia,1887-1896,Prime minister and a principal political promoter of Italian colonial expansion in the Horn of Africa; his policy culminated in the war ending at Adwa.,https://www.treccani.it/enciclopedia/francesco-crispi/,,False,verified_manual,38412
1217736,B358,066013,VIA DUCA DEGLI ABRUZZI,,VIA DUCA DEGLI ABRUZZI,Cagnano Amiterno,Abruzzo,066013,savoiaaosta_luigiamedeo,Luigi Amedeo di Savoia-Aosta,Duca degli Abruzzi,100.0,exact_alias,duca degli abruzzi,accepted_auto,Luigi Amedeo di Savoia-Aosta;Duca degli Abruzzi,economic_and_colonization,Somalia,1919-1933,"Prince, explorer and founder of the large agricultural settlement and company at Villaggio Duca degli Abruzzi in Italian Somalia.",https://www.treccani.it/enciclopedia/savoia-aosta-luigi-amedeo-giuseppe-maria-ferdinando-francesco-di-duca-degli-abruzzi_%28Dizionario-Biografico%29/,,False,verified_manual,38412
1296920,B515,067008,VIA GALLIANO,,VIA GALLIANO,Campli,Abruzzo,067008,galliano_giuseppe,Giuseppe Galliano,Galliano,100.0,exact_surname,galliano,needs_review,Giuseppe Galliano;Galliano,military,Eritrea;Ethiopia,1880s-1890s,Italian officer active in the colonial campaigns in Eritrea and Ethiopia.,https://www.lastampa.it/torino/2023/03/22/news/nomi_vie_piazze_colonialismo-12713667/,,True,verified,38412
487678,B722,068007,VIA DUCA DEGLI ABRUZZI,,VIA DUCA DEGLI ABRUZZI,Caramanico Terme,Abruzzo,068007,savoiaaosta_luigiamedeo,Luigi Amedeo di Savoia-Aosta,Duca degli Abruzzi,100.0,exact_alias,duca degli abruzzi,accepted_auto,Luigi Amedeo di Savoia-Aosta;Duca degli Abruzzi,economic_and_colonization,Somalia,1919-1933,"Prince, explorer and founder of the large agricultural settlement and company at Villaggio Duca degli Abruzzi in Italian Somalia.",https://www.treccani.it/enciclopedia/savoia-aosta-luigi-amedeo-giuseppe-maria-ferdinando-francesco-di-duca-degli-abruzzi_%28Dizionario-Biografico%29/,,False,verified_manual,38412
487685,B722,068007,VIA GALLIANO,,VIA GALLIANO,Caramanico Terme,Abruzzo,068007,galliano_giuseppe,Giuseppe Galliano,Galliano,100.0,exact_surname,galliano,needs_review,Giuseppe Galliano;Galliano,military,Eritrea;Ethiopia,1880s-1890s,Italian officer active in the colonial campaigns in Eritrea and Ethiopia.,https://www.lastampa.it/torino/2023/03/22/news/nomi_vie_piazze_colonialismo-12713667/,,True,verified,38412
340100,B827,068008,VIA DUCA DEGLI ABRUZZI,,VIA DUCA DEGLI ABRUZZI,Carpineto della Nora,Abruzzo,068008,savoiaaosta_luigiamedeo,Luigi Amedeo di Savoia-Aosta,Duca degli Abruzzi,100.0,exact_alias,duca degli abruzzi,accepted_auto,Luigi Amedeo di Savoia-Aosta;Duca degli Abruzzi,economic_and_colonization,Somalia,1919-1933,"Prince, explorer and founder of the large agricultural settlement and company at Villaggio Duca degli Abruzzi in Italian Somalia.",https://www.treccani.it/enciclopedia/savoia-aosta-luigi-amedeo-giuseppe-maria-ferdinando-francesco-di-duca-degli-abruzzi_%28Dizionario-Biografico%29/,,False,verified_manual,38412
1217214,C083,066026,VIA DUCA DEGLI ABRUZZI,,VIA DUCA DEGLI ABRUZZI,Castel del Monte,Abruzzo,066026,savoiaaosta_luigiamedeo,Luigi Amedeo di Savoia-Aosta,Duca degli Abruzzi,100.0,exact_alias,duca degli abruzzi,accepted_auto,Luigi Amedeo di Savoia-Aosta;Duca degli Abruzzi,economic_and_colonization,Somalia,1919-1933,"Prince, explorer and founder of the large agricultural settlement and company at Villaggio Duca degli Abruzzi in Italian Somalia.",https://www.treccani.it/enciclopedia/savoia-aosta-luigi-amedeo-giuseppe-maria-ferdinando-francesco-di-duca-degli-abruzzi_%28Dizionario-Biografico%29/,,False,verified_manual,38412
642581,C123,069019,LARGO DUCA DEGLI ABRUZZI,,LARGO DUCA DEGLI ABRUZZI,Castelguidone,Abruzzo,069019,savoiaaosta_luigiamedeo,Luigi Amedeo di Savoia-Aosta,Duca degli Abruzzi,100.0,exact_alias,duca degli abruzzi,accepted_auto,Luigi Amedeo di Savoia-Aosta;Duca degli Abruzzi,economic_and_colonization,Somalia,1919-1933,"Prince, explorer and founder of the large agricultural settlement and company at Villaggio Duca degli Abruzzi in Italian Somalia.",https://www.treccani.it/enciclopedia/savoia-aosta-luigi-amedeo-giuseppe-maria-ferdinando-francesco-di-duca-degli-abruzzi_%28Dizionario-Biografico%29/,,False,verified_manual,38412
839671,C128,067011,LARGO DUCA DEGLI ABRUZZI,,LARGO DUCA DEGLI ABRUZZI,Castellalto,Abruzzo,067011,savoiaaosta_luigiamedeo,Luigi Amedeo di Savoia-Aosta,Duca degli Abruzzi,100.0,exact_alias,duca degli abruzzi,accepted_auto,Luigi Amedeo di Savoia-Aosta;Duca degli Abruzzi,economic_and_colonization,Somalia,1919-1933,"Prince, explorer and founder of the large agricultural settlement and company at Villaggio Duca degli Abruzzi in Italian Somalia.",https://www.treccani.it/enciclopedia/savoia-aosta-luigi-amedeo-giuseppe-maria-ferdinando-francesco-di-duca-degli-abruzzi_%28Dizionario-Biografico%29/,,False,verified_manual,38412
839686,C128,067011,VIA FRANCESCO CRISPI,,VIA FRANCESCO CRISPI,Castellalto,Abruzzo,067011,crispi_francesco,Francesco Crispi,Francesco Crispi,100.0,exact_canonical,francesco crispi,accepted_auto,Francesco Crispi,political_and_administration,Eritrea;Ethiopia;Somalia,1887-1896,Prime minister and a principal political promoter of Italian colonial expansion in the Horn of Africa; his policy culminated in the war ending at Adwa.,https://www.treccani.it/enciclopedia/francesco-crispi/,,False,verified_manual,38412
1217313,C278,066030,VIA DUCA DEGLI ABRUZZI,,VIA DUCA DEGLI ABRUZZI,Castelvecchio Calvisio,Abruzzo,066030,savoiaaosta_luigiamedeo,Luigi Amedeo di Savoia-Aosta,Duca degli Abruzzi,100.0,exact_alias,duca degli abruzzi,accepted_auto,Luigi Amedeo di Savoia-Aosta;Duca degli Abruzzi,economic_and_colonization,Somalia,1919-1933,"Prince, explorer and founder of the large agricultural settlement and company at Villaggio Duca degli Abruzzi in Italian Somalia.",https://www.treccani.it/enciclopedia/savoia-aosta-luigi-amedeo-giuseppe-maria-ferdinando-francesco-di-duca-degli-abruzzi_%28Dizionario-Biografico%29/,,False,verified_manual,38412
696119,C322,067014,VIA DUCA DEGLI ABRUZZI,,VIA DUCA DEGLI ABRUZZI,Castilenti,Abruzzo,067014,savoiaaosta_luigiamedeo,Luigi Amedeo di Savoia-Aosta,Duca degli Abruzzi,100.0,exact_alias,duca degli abruzzi,accepted_auto,Luigi Amedeo di Savoia-Aosta;Duca degli Abruzzi,economic_and_colonization,Somalia,1919-1933,"Prince, explorer and founder of the large agricultural settlement and company at Villaggio Duca degli Abruzzi in Italian Somalia.",https://www.treccani.it/enciclopedia/savoia-aosta-luigi-amedeo-giuseppe-maria-ferdinando-francesco-di-duca-degli-abruzzi_%28Dizionario-Biografico%29/,,False,verified_manual,38412
521030,C354,068010,VIA DUCA DEGLI ABRUZZI,,VIA DUCA DEGLI ABRUZZI,Catignano,Abruzzo,068010,savoiaaosta_luigiamedeo,Luigi Amedeo di Savoia-Aosta,Duca degli Abruzzi,100.0,exact_alias,duca degli abruzzi,accepted_auto,Luigi Amedeo di Savoia-Aosta;Duca degli Abruzzi,economic_and_colonization,Somalia,1919-1933,"Prince, explorer and founder of the large agricultural settlement and company at Villaggio Duca degli Abruzzi in Italian Somalia.",https://www.treccani.it/enciclopedia/savoia-aosta-luigi-amedeo-giuseppe-maria-ferdinando-francesco-di-duca-degli-abruzzi_%28Dizionario-Biografico%29/,,False,verified_manual,38412
403839,C449,067015,VIA DUCA DEGLI ABRUZZI,,VIA DUCA DEGLI ABRUZZI,Cellino Attanasio,Abruzzo,067015,savoiaaosta_luigiamedeo,Luigi Amedeo di Savoia-Aosta,Duca degli Abruzzi,100.0,exact_alias,duca degli abruzzi,accepted_auto,Luigi Amedeo di Savoia-Aosta;Duca degli Abruzzi,economic_and_colonization,Somalia,1919-1933,"Prince, explorer and founder of the large agricultural settlement and company at Villaggio Duca degli Abruzzi in Italian Somalia.",https://www.treccani.it/enciclopedia/savoia-aosta-luigi-amedeo-giuseppe-maria-ferdinando-francesco-di-duca-degli-abruzzi_%28Dizionario-Biografico%29/,,False,verified_manual,38412
555443,C474,068011,VIA DUCA DEGLI ABRUZZI,,VIA DUCA DEGLI ABRUZZI,Cepagatti,Abruzzo,068011,savoiaaosta_luigiamedeo,Luigi Amedeo di Savoia-Aosta,Duca degli Abruzzi,100.0,exact_alias,duca degli abruzzi,accepted_auto,Luigi Amedeo di Savoia-Aosta;Duca degli Abruzzi,economic_and_colonization,Somalia,1919-1933,"Prince, explorer and founder of the large agricultural settlement and company at Villaggio Duca degli Abruzzi in Italian Somalia.",https://www.treccani.it/enciclopedia/savoia-aosta-luigi-amedeo-giuseppe-maria-ferdinando-francesco-di-duca-degli-abruzzi_%28Dizionario-Biografico%29/,,False,verified_manual,38412
1273656,C492,066033,VIA FRANCESCO CRISPI,,VIA FRANCESCO CRISPI,Cerchio,Abruzzo,066033,crispi_francesco,Francesco Crispi,Francesco Crispi,100.0,exact_canonical,francesco crispi,accepted_auto,Francesco Crispi,political_and_administration,Eritrea;Ethiopia;Somalia,1887-1896,Prime minister and a principal political promoter of Italian colonial expansion in the Horn of Africa; his policy culminated in the war ending at Adwa.,https://www.treccani.it/enciclopedia/francesco-crispi/,,False,verified_manual,38412
209499,C778,066035,VIA DUCA DEGLI ABRUZZI,,VIA DUCA DEGLI ABRUZZI,Civitella Alfedena,Abruzzo,066035,savoiaaosta_luigiamedeo,Luigi Amedeo di Savoia-Aosta,Duca degli Abruzzi,100.0,exact_alias,duca degli abruzzi,accepted_auto,Luigi Amedeo di Savoia-Aosta;Duca degli Abruzzi,economic_and_colonization,Somalia,1919-1933,"Prince, explorer and founder of the large agricultural settlement and company at Villaggio Duca degli Abruzzi in Italian Somalia.",https://www.treccani.it/enciclopedia/savoia-aosta-luigi-amedeo-giuseppe-maria-ferdinando-francesco-di-duca-degli-abruzzi_%28Dizionario-Biografico%29/,,False,verified_manual,38412
330496,C779,068014,PIAZZA DUCA DEGLI ABRUZZI,,PIAZZA DUCA DEGLI ABRUZZI,Civitella Casanova,Abruzzo,068014,savoiaaosta_luigiamedeo,Luigi Amedeo di Savoia-Aosta,Duca degli Abruzzi,100.0,exact_alias,duca degli abruzzi,accepted_auto,Luigi Amedeo di Savoia-Aosta;Duca degli Abruzzi,economic_and_colonization,Somalia,1919-1933,"Prince, explorer and founder of the large agricultural settlement and company at Villaggio Duca degli Abruzzi in Italian Somalia.",https://www.treccani.it/enciclopedia/savoia-aosta-luigi-amedeo-giuseppe-maria-ferdinando-francesco-di-duca-degli-abruzzi_%28Dizionario-Biografico%29/,,False,verified_manual,38412
694366,C781,067017,VIA DEL BONO,,VIA DEL BONO,Civitella del Tronto,Abruzzo,067017,debono_emilio,Emilio De Bono,De Bono,93.33333333333333,fuzzy_full_or_alias,del bono,needs_review,Emilio De Bono;De Bono;Emilio De Bòno,military_political_administration,Libya;Eritrea;Ethiopia,1925-1935,"Governor of Tripolitania, minister of the Colonies, and commander in the first phase of the war against Ethiopia.",https://www.treccani.it/enciclopedia/emilio-de-bono/,,True,verified,38412
1176302,C999,066041,VIA DUCA DEGLI ABRUZZI,,VIA DUCA DEGLI ABRUZZI,Corfinio,Abruzzo,066041,savoiaaosta_luigiamedeo,Luigi Amedeo di Savoia-Aosta,Duca degli Abruzzi,100.0,exact_alias,duca degli abruzzi,accepted_auto,Luigi Amedeo di Savoia-Aosta;Duca degli Abruzzi,economic_and_colonization,Somalia,1919-1933,"Prince, explorer and founder of the large agricultural settlement and company at Villaggio Duca degli Abruzzi in Italian Somalia.",https://www.treccani.it/enciclopedia/savoia-aosta-luigi-amedeo-giuseppe-maria-ferdinando-francesco-di-duca-degli-abruzzi_%28Dizionario-Biografico%29/,,False,verified_manual,38412
514392,D209,069028,CORSO DUCA DEGLI ABRUZZI,,CORSO DUCA DEGLI ABRUZZI,Cupello,Abruzzo,069028,savoiaaosta_luigiamedeo,Luigi Amedeo di Savoia-Aosta,Duca degli Abruzzi,100.0,exact_alias,duca degli abruzzi,accepted_auto,Luigi Amedeo di Savoia-Aosta;Duca degli Abruzzi,economic_and_colonization,Somalia,1919-1933,"Prince, explorer and founder of the large agricultural settlement and company at Villaggio Duca degli Abruzzi in Italian Somalia.",https://www.treccani.it/enciclopedia/savoia-aosta-luigi-amedeo-giuseppe-maria-ferdinando-francesco-di-duca-degli-abruzzi_%28Dizionario-Biografico%29/,,False,verified_manual,38412
514403,D209,069028,VIA GALLIANO,,VIA GALLIANO,Cupello,Abruzzo,069028,galliano_giuseppe,Giuseppe Galliano,Galliano,100.0,exact_surname,galliano,needs_review,Giuseppe Galliano;Galliano,military,Eritrea;Ethiopia,1880s-1890s,Italian officer active in the colonial campaigns in Eritrea and Ethiopia.,https://www.lastampa.it/torino/2023/03/22/news/nomi_vie_piazze_colonialismo-12713667/,,True,verified,38412
514489,D209,069028,VIA TOSELLI,,VIA TOSELLI,Cupello,Abruzzo,069028,toselli_pietro,Pietro Toselli,Toselli,100.0,exact_surname,toselli,needs_review,Pietro Toselli;Toselli;Maggiore Toselli,military,Eritrea;Ethiopia,1890s,Italian officer in the colonial campaigns in the Horn of Africa; killed at Amba Alagi in 1895.,https://www.tandfonline.com/doi/full/10.1080/1369801X.2023.2222710,,True,verified,38412
322139,D394,068018,PIAZZA DUCA DEGLI ABRUZZI,,PIAZZA DUCA DEGLI ABRUZZI,Elice,Abruzzo,068018,savoiaaosta_luigiamedeo,Luigi Amedeo di Savoia-Aosta,Duca degli Abruzzi,100.0,exact_alias,duca degli abruzzi,accepted_auto,Luigi Amedeo di Savoia-Aosta;Duca degli Abruzzi,economic_and_colonization,Somalia,1919-1933,"Prince, explorer and founder of the large agricultural settlement and company at Villaggio Duca degli Abruzzi in Italian Somalia.",https://www.treccani.it/enciclopedia/savoia-aosta-luigi-amedeo-giuseppe-maria-ferdinando-francesco-di-duca-degli-abruzzi_%28Dizionario-Biografico%29/,,False,verified_manual,38412
217561,D480,069104,VIA DUCA DEGLI ABRUZZI,,VIA DUCA DEGLI ABRUZZI,Fallo,Abruzzo,069104,savoiaaosta_luigiamedeo,Luigi Amedeo di Savoia-Aosta,Duca degli Abruzzi,100.0,exact_alias,duca degli abruzzi,accepted_auto,Luigi Amedeo di Savoia-Aosta;Duca degli Abruzzi,economic_and_colonization,Somalia,1919-1933,"Prince, explorer and founder of the large agricultural settlement and company at Villaggio Duca degli Abruzzi in Italian Somalia.",https://www.treccani.it/enciclopedia/savoia-aosta-luigi-amedeo-giuseppe-maria-ferdinando-francesco-di-duca-degli-abruzzi_%28Dizionario-Biografico%29/,,False,verified_manual,38412
207472,D501,068019,VIA DUCA DEGLI ABRUZZI,,VIA DUCA DEGLI ABRUZZI,Farindola,Abruzzo,068019,savoiaaosta_luigiamedeo,Luigi Amedeo di Savoia-Aosta,Duca degli Abruzzi,100.0,exact_alias,duca degli abruzzi,accepted_auto,Luigi Amedeo di Savoia-Aosta;Duca degli Abruzzi,economic_and_colonization,Somalia,1919-1933,"Prince, explorer and founder of the large agricultural settlement and company at Villaggio Duca degli Abruzzi in Italian Somalia.",https://www.treccani.it/enciclopedia/savoia-aosta-luigi-amedeo-giuseppe-maria-ferdinando-francesco-di-duca-degli-abruzzi_%28Dizionario-Biografico%29/,,False,verified_manual,38412
248974,D757,069034,CORSO DUCA DEGLI ABRUZZI,,CORSO DUCA DEGLI ABRUZZI,Fraine,Abruzzo,069034,savoiaaosta_luigiamedeo,Luigi Amedeo di Savoia-Aosta,Duca degli Abruzzi,100.0,exact_alias,duca degli abruzzi,accepted_auto,Luigi Amedeo di Savoia-Aosta;Duca degli Abruzzi,economic_and_colonization,Somalia,1919-1933,"Prince, explorer and founder of the large agricultural settlement and company at Villaggio Duca degli Abruzzi in Italian Somalia.",https://www.treccani.it/enciclopedia/savoia-aosta-luigi-amedeo-giuseppe-maria-ferdinando-francesco-di-duca-degli-abruzzi_%28Dizionario-Biografico%29/,,False,verified_manual,38412
367851,D763,069035,VIA DUCA DEGLI ABRUZZI,,VIA DUCA DEGLI ABRUZZI,Francavilla al Mare,Abruzzo,069035,savoiaaosta_luigiamedeo,Luigi Amedeo di Savoia-Aosta,Duca degli Abruzzi,100.0,exact_alias,duca degli abruzzi,accepted_auto,Luigi Amedeo di Savoia-Aosta;Duca degli Abruzzi,economic_and_colonization,Somalia,1919-1933,"Prince, explorer and founder of the large agricultural settlement and company at Villaggio Duca degli Abruzzi in Italian Somalia.",https://www.treccani.it/enciclopedia/savoia-aosta-luigi-amedeo-giuseppe-maria-ferdinando-francesco-di-duca-degli-abruzzi_%28Dizionario-Biografico%29/,,False,verified_manual,38412
290301,D898,069039,PIAZZA DUCA DEGLI ABRUZZI,,PIAZZA DUCA DEGLI ABRUZZI,Gamberale,Abruzzo,069039,savoiaaosta_luigiamedeo,Luigi Amedeo di Savoia-Aosta,Duca degli Abruzzi,100.0,exact_alias,duca degli abruzzi,accepted_auto,Luigi Amedeo di Savoia-Aosta;Duca degli Abruzzi,economic_and_colonization,Somalia,1919-1933,"Prince, explorer and founder of the large agricultural settlement and company at Villaggio Duca degli Abruzzi in Italian Somalia.",https://www.treccani.it/enciclopedia/savoia-aosta-luigi-amedeo-giuseppe-maria-ferdinando-francesco-di-duca-degli-abruzzi_%28Dizionario-Biografico%29/,,False,verified_manual,38412
844671,E040,066046,VIA DUCA DEGLI ABRUZZI,,VIA DUCA DEGLI ABRUZZI,Gioia dei Marsi,Abruzzo,066046,savoiaaosta_luigiamedeo,Luigi Amedeo di Savoia-Aosta,Duca degli Abruzzi,100.0,exact_alias,duca degli abruzzi,accepted_auto,Luigi Amedeo di Savoia-Aosta;Duca degli Abruzzi,economic_and_colonization,Somalia,1919-1933,"Prince, explorer and founder of the large agricultural settlement and company at Villaggio Duca degli Abruzzi in Italian Somalia.",https://www.treccani.it/enciclopedia/savoia-aosta-luigi-amedeo-giuseppe-maria-ferdinando-francesco-di-duca-degli-abruzzi_%28Dizionario-Biografico%29/,,False,verified_manual,38412
770969,E058,067025,VIA VITTORIO BOTTEGO,,VIA VITTORIO BOTTEGO,Giulianova,Abruzzo,067025,bottego_vittorio,Vittorio Bottego,Vittorio Bottego,100.0,exact_canonical,vittorio bottego,accepted_auto,Vittorio Bottego,exploration_geography,Somalia;Ethiopia;Eritrea,1887-1897,Army officer and explorer whose expeditions in the Horn of Africa were closely connected with Italian territorial ambitions in Somalia and Ethiopia.,https://www.treccani.it/enciclopedia/vittorio-bottego_%28Dizionario-Biografico%29/,,False,verified_manual,38412
1217349,E096,066047,PIAZZA DUCA DEGLI ABRUZZI,,PIAZZA DUCA DEGLI ABRUZZI,Goriano Sicoli,Abruzzo,066047,savoiaaosta_luigiamedeo,Luigi Amedeo di Savoia-Aosta,Duca degli Abruzzi,100.0,exact_alias,duca degli abruzzi,accepted_auto,Luigi Amedeo di Savoia-Aosta;Duca degli Abruzzi,economic_and_colonization,Somalia,1919-1933,"Prince, explorer and founder of the large agricultural settlement and company at Villaggio Duca degli Abruzzi in Italian Somalia.",https://www.treccani.it/enciclopedia/savoia-aosta-luigi-amedeo-giuseppe-maria-ferdinando-francesco-di-duca-degli-abruzzi_%28Dizionario-Biografico%29/,,False,verified_manual,38412
1274555,E307,066048,VIA FRANCESCO CRISPI,,VIA FRANCESCO CRISPI,Introdacqua,Abruzzo,066048,crispi_francesco,Francesco Crispi,Francesco Crispi,100.0,exact_canonical,francesco crispi,accepted_auto,Francesco Crispi,political_and_administration,Eritrea;Ethiopia;Somalia,1887-1896,Prime minister and a principal political promoter of Italian colonial expansion in the Horn of Africa; his policy culminated in the war ending at Adwa.,https://www.treccani.it/enciclopedia/francesco-crispi/,,False,verified_manual,38412
1217013,E343,067026,VIALE DUCA DEGLI ABRUZZI,,VIALE DUCA DEGLI ABRUZZI,Isola del Gran Sasso d'Italia,Abruzzo,067026,savoiaaosta_luigiamedeo,Luigi Amedeo di Savoia-Aosta,Duca degli Abruzzi,100.0,exact_alias,duca degli abruzzi,accepted_auto,Luigi Amedeo di Savoia-Aosta;Duca degli Abruzzi,economic_and_colonization,Somalia,1919-1933,"Prince, explorer and founder of the large agricultural settlement and company at Villaggio Duca degli Abruzzi in Italian Somalia.",https://www.treccani.it/enciclopedia/savoia-aosta-luigi-amedeo-giuseppe-maria-ferdinando-francesco-di-duca-degli-abruzzi_%28Dizionario-Biografico%29/,,False,verified_manual,38412
1110346,E372,069099,LUNGOMARE DUCA DEGLI ABRUZZI,,LUNGOMARE DUCA DEGLI ABRUZZI,Vasto,Abruzzo,069099,savoiaaosta_luigiamedeo,Luigi Amedeo di Savoia-Aosta,Duca degli Abruzzi,100.0,exact_alias,duca degli abruzzi,accepted_auto,Luigi Amedeo di Savoia-Aosta;Duca degli Abruzzi,economic_and_colonization,Somalia,1919-1933,"Prince, explorer and founder of the large agricultural settlement and company at Villaggio Duca degli Abruzzi in Italian Somalia.",https://www.treccani.it/enciclopedia/savoia-aosta-luigi-amedeo-giuseppe-maria-ferdinando-francesco-di-duca-degli-abruzzi_%28Dizionario-Biografico%29/,,False,verified_manual,38412
1110449,E372,069099,VIA ANTONIO LOCATELLI,,VIA ANTONIO LOCATELLI,Vasto,Abruzzo,069099,locatelli_antonio,Antonio Locatelli,Antonio Locatelli,100.0,exact_canonical,antonio locatelli,accepted_auto,Antonio Locatelli;Locatelli,military,Ethiopia,1935-1936,"Aviator and volunteer in the war against Ethiopia, later commemorated in Italian public space.",https://www.tandfonline.com/doi/full/10.1080/1369801X.2023.2222710,,False,verified,38412
1110376,E372,069099,VIA FRANCESCO CRISPI,,VIA FRANCESCO CRISPI,Vasto,Abruzzo,069099,crispi_francesco,Francesco Crispi,Francesco Crispi,100.0,exact_canonical,francesco crispi,accepted_auto,Francesco Crispi,political_and_administration,Eritrea;Ethiopia;Somalia,1887-1896,Prime minister and a principal political promoter of Italian colonial expansion in the Horn of Africa; his policy culminated in the war ending at Adwa.,https://www.treccani.it/enciclopedia/francesco-crispi/,,False,verified_manual,38412
509411,E691,068021,CONTRADA GALLIANO,,CONTRADA GALLIANO,Loreto Aprutino,Abruzzo,068021,galliano_giuseppe,Giuseppe Galliano,Galliano,100.0,exact_surname,galliano,needs_review,Giuseppe Galliano;Galliano,military,Eritrea;Ethiopia,1880s-1890s,Italian officer active in the colonial campaigns in Eritrea and Ethiopia.,https://www.lastampa.it/torino/2023/03/22/news/nomi_vie_piazze_colonialismo-12713667/,,True,verified,38412
1217636,E723,066051,VIA TOSELLI,,VIA TOSELLI,Luco dei Marsi,Abruzzo,066051,toselli_pietro,Pietro Toselli,Toselli,100.0,exact_surname,toselli,needs_review,Pietro Toselli;Toselli;Maggiore Toselli,military,Eritrea;Ethiopia,1890s,Italian officer in the colonial campaigns in the Horn of Africa; killed at Amba Alagi in 1895.,https://www.tandfonline.com/doi/full/10.1080/1369801X.2023.2222710,,True,verified,38412
1217495,E723,066051,VIALE DUCA DEGLI ABRUZZI,,VIALE DUCA DEGLI ABRUZZI,Luco dei Marsi,Abruzzo,066051,savoiaaosta_luigiamedeo,Luigi Amedeo di Savoia-Aosta,Duca degli Abruzzi,100.0,exact_alias,duca degli abruzzi,accepted_auto,Luigi Amedeo di Savoia-Aosta;Duca degli Abruzzi,economic_and_colonization,Somalia,1919-1933,"Prince, explorer and founder of the large agricultural settlement and company at Villaggio Duca degli Abruzzi in Italian Somalia.",https://www.treccani.it/enciclopedia/savoia-aosta-luigi-amedeo-giuseppe-maria-ferdinando-francesco-di-duca-degli-abruzzi_%28Dizionario-Biografico%29/,,False,verified_manual,38412
249627,F535,069053,VIA DUCA DEGLI ABRUZZI,,VIA DUCA DEGLI ABRUZZI,Montelapiano,Abruzzo,069053,savoiaaosta_luigiamedeo,Luigi Amedeo di Savoia-Aosta,Duca degli Abruzzi,100.0,exact_alias,duca degli abruzzi,accepted_auto,Luigi Amedeo di Savoia-Aosta;Duca degli Abruzzi,economic_and_colonization,Somalia,1919-1933,"Prince, explorer and founder of the large agricultural settlement and company at Villaggio Duca degli Abruzzi in Italian Somalia.",https://www.treccani.it/enciclopedia/savoia-aosta-luigi-amedeo-giuseppe-maria-ferdinando-francesco-di-duca-degli-abruzzi_%28Dizionario-Biografico%29/,,False,verified_manual,38412
451518,F582,069055,VIA DUCA DEGLI ABRUZZI,,VIA DUCA DEGLI ABRUZZI,Monteodorisio,Abruzzo,069055,savoiaaosta_luigiamedeo,Luigi Amedeo di Savoia-Aosta,Duca degli Abruzzi,100.0,exact_alias,duca degli abruzzi,accepted_auto,Luigi Amedeo di Savoia-Aosta;Duca degli Abruzzi,economic_and_colonization,Somalia,1919-1933,"Prince, explorer and founder of the large agricultural settlement and company at Villaggio Duca degli Abruzzi in Italian Somalia.",https://www.treccani.it/enciclopedia/savoia-aosta-luigi-amedeo-giuseppe-maria-ferdinando-francesco-di-duca-degli-abruzzi_%28Dizionario-Biografico%29/,,False,verified_manual,38412
745302,F646,068024,VIA FRANCESCO CRISPI,,VIA FRANCESCO CRISPI,Montesilvano,Abruzzo,068024,crispi_francesco,Francesco Crispi,Francesco Crispi,100.0,exact_canonical,francesco crispi,accepted_auto,Francesco Crispi,political_and_administration,Eritrea;Ethiopia;Somalia,1887-1896,Prime minister and a principal political promoter of Italian colonial expansion in the Horn of Africa; his policy culminated in the war ending at Adwa.,https://www.treccani.it/enciclopedia/francesco-crispi/,,False,verified_manual,38412
478773,F690,067028,VIA DUCA DEGLI ABRUZZI,,VIA DUCA DEGLI ABRUZZI,Montorio al Vomano,Abruzzo,067028,savoiaaosta_luigiamedeo,Luigi Amedeo di Savoia-Aosta,Duca degli Abruzzi,100.0,exact_alias,duca degli abruzzi,accepted_auto,Luigi Amedeo di Savoia-Aosta;Duca degli Abruzzi,economic_and_colonization,Somalia,1919-1933,"Prince, explorer and founder of the large agricultural settlement and company at Villaggio Duca degli Abruzzi in Italian Somalia.",https://www.treccani.it/enciclopedia/savoia-aosta-luigi-amedeo-giuseppe-maria-ferdinando-francesco-di-duca-degli-abruzzi_%28Dizionario-Biografico%29/,,False,verified_manual,38412
778100,F747,067029,PIAZZA DUCA DEGLI ABRUZZI,,PIAZZA DUCA DEGLI ABRUZZI,Morro d'Oro,Abruzzo,067029,savoiaaosta_luigiamedeo,Luigi Amedeo di Savoia-Aosta,Duca degli Abruzzi,100.0,exact_alias,duca degli abruzzi,accepted_auto,Luigi Amedeo di Savoia-Aosta;Duca degli Abruzzi,economic_and_colonization,Somalia,1919-1933,"Prince, explorer and founder of the large agricultural settlement and company at Villaggio Duca degli Abruzzi in Italian Somalia.",https://www.treccani.it/enciclopedia/savoia-aosta-luigi-amedeo-giuseppe-maria-ferdinando-francesco-di-duca-degli-abruzzi_%28Dizionario-Biografico%29/,,False,verified_manual,38412
537080,F764,067030,VIA FRANCESCO CRISPI,,VIA FRANCESCO CRISPI,Mosciano Sant'Angelo,Abruzzo,067030,crispi_francesco,Francesco Crispi,Francesco Crispi,100.0,exact_canonical,francesco crispi,accepted_auto,Francesco Crispi,political_and_administration,Eritrea;Ethiopia;Somalia,1887-1896,Prime minister and a principal political promoter of Italian colonial expansion in the Horn of Africa; his policy culminated in the war ending at Adwa.,https://www.treccani.it/enciclopedia/francesco-crispi/,,False,verified_manual,38412
1217110,F870,067031,VIA GALLIANO,,VIA GALLIANO,Nereto,Abruzzo,067031,galliano_giuseppe,Giuseppe Galliano,Galliano,100.0,exact_surname,galliano,needs_review,Giuseppe Galliano;Galliano,military,Eritrea;Ethiopia,1880s-1890s,Italian officer active in the colonial campaigns in Eritrea and Ethiopia.,https://www.lastampa.it/torino/2023/03/22/news/nomi_vie_piazze_colonialismo-12713667/,,True,verified,38412
778218,F942,067032,VIA DUCA DEGLI ABRUZZI,,VIA DUCA DEGLI ABRUZZI,Notaresco,Abruzzo,067032,savoiaaosta_luigiamedeo,Luigi Amedeo di Savoia-Aosta,Duca degli Abruzzi,100.0,exact_alias,duca degli abruzzi,accepted_auto,Luigi Amedeo di Savoia-Aosta;Duca degli Abruzzi,economic_and_colonization,Somalia,1919-1933,"Prince, explorer and founder of the large agricultural settlement and company at Villaggio Duca degli Abruzzi in Italian Somalia.",https://www.treccani.it/enciclopedia/savoia-aosta-luigi-amedeo-giuseppe-maria-ferdinando-francesco-di-duca-degli-abruzzi_%28Dizionario-Biografico%29/,,False,verified_manual,38412
778229,F942,067032,VICOLO FRANCESCO CRISPI,,VICOLO FRANCESCO CRISPI,Notaresco,Abruzzo,067032,crispi_francesco,Francesco Crispi,Francesco Crispi,100.0,exact_canonical,francesco crispi,accepted_auto,Francesco Crispi,political_and_administration,Eritrea;Ethiopia;Somalia,1887-1896,Prime minister and a principal political promoter of Italian colonial expansion in the Horn of Africa; his policy culminated in the war ending at Adwa.,https://www.treccani.it/enciclopedia/francesco-crispi/,,False,verified_manual,38412
1184189,G002,066060,VIA FRANCESCO CRISPI,,VIA FRANCESCO CRISPI,Ofena,Abruzzo,066060,crispi_francesco,Francesco Crispi,Francesco Crispi,100.0,exact_canonical,francesco crispi,accepted_auto,Francesco Crispi,political_and_administration,Eritrea;Ethiopia;Somalia,1887-1896,Prime minister and a principal political promoter of Italian colonial expansion in the Horn of Africa; his policy culminated in the war ending at Adwa.,https://www.treccani.it/enciclopedia/francesco-crispi/,,False,verified_manual,38412
1178899,G200,066065,VIA DUCA DEGLI ABRUZZI,,VIA DUCA DEGLI ABRUZZI,Ovindoli,Abruzzo,066065,savoiaaosta_luigiamedeo,Luigi Amedeo di Savoia-Aosta,Duca degli Abruzzi,100.0,exact_alias,duca degli abruzzi,accepted_auto,Luigi Amedeo di Savoia-Aosta;Duca degli Abruzzi,economic_and_colonization,Somalia,1919-1933,"Prince, explorer and founder of the large agricultural settlement and company at Villaggio Duca degli Abruzzi in Italian Somalia.",https://www.treccani.it/enciclopedia/savoia-aosta-luigi-amedeo-giuseppe-maria-ferdinando-francesco-di-duca-degli-abruzzi_%28Dizionario-Biografico%29/,,False,verified_manual,38412
330818,G441,069065,VIA DUCA DEGLI ABRUZZI,,VIA DUCA DEGLI ABRUZZI,Perano,Abruzzo,069065,savoiaaosta_luigiamedeo,Luigi Amedeo di Savoia-Aosta,Duca degli Abruzzi,100.0,exact_alias,duca degli abruzzi,accepted_auto,Luigi Amedeo di Savoia-Aosta;Duca degli Abruzzi,economic_and_colonization,Somalia,1919-1933,"Prince, explorer and founder of the large agricultural settlement and company at Villaggio Duca degli Abruzzi in Italian Somalia.",https://www.treccani.it/enciclopedia/savoia-aosta-luigi-amedeo-giuseppe-maria-ferdinando-francesco-di-duca-degli-abruzzi_%28Dizionario-Biografico%29/,,False,verified_manual,38412
129462,G482,068028,PIAZZA DUCA DEGLI ABRUZZI,,PIAZZA DUCA DEGLI ABRUZZI,Pescara,Abruzzo,068028,savoiaaosta_luigiamedeo,Luigi Amedeo di Savoia-Aosta,Duca degli Abruzzi,100.0,exact_alias,duca degli abruzzi,accepted_auto,Luigi Amedeo di Savoia-Aosta;Duca degli Abruzzi,economic_and_colonization,Somalia,1919-1933,"Prince, explorer and founder of the large agricultural settlement and company at Villaggio Duca degli Abruzzi in Italian Somalia.",https://www.treccani.it/enciclopedia/savoia-aosta-luigi-amedeo-giuseppe-maria-ferdinando-francesco-di-duca-degli-abruzzi_%28Dizionario-Biografico%29/,,False,verified_manual,38412
1274788,G484,066068,PIAZZA DUCA DEGLI ABRUZZI,,PIAZZA DUCA DEGLI ABRUZZI,Pescasseroli,Abruzzo,066068,savoiaaosta_luigiamedeo,Luigi Amedeo di Savoia-Aosta,Duca degli Abruzzi,100.0,exact_alias,duca degli abruzzi,accepted_auto,Luigi Amedeo di Savoia-Aosta;Duca degli Abruzzi,economic_and_colonization,Somalia,1919-1933,"Prince, explorer and founder of the large agricultural settlement and company at Villaggio Duca degli Abruzzi in Italian Somalia.",https://www.treccani.it/enciclopedia/savoia-aosta-luigi-amedeo-giuseppe-maria-ferdinando-francesco-di-duca-degli-abruzzi_%28Dizionario-Biografico%29/,,False,verified_manual,38412
365582,G499,068029,VIA DUCA DEGLI ABRUZZI,,VIA DUCA DEGLI ABRUZZI,Pescosansonesco,Abruzzo,068029,savoiaaosta_luigiamedeo,Luigi Amedeo di Savoia-Aosta,Duca degli Abruzzi,100.0,exact_alias,duca degli abruzzi,accepted_auto,Luigi Amedeo di Savoia-Aosta;Duca degli Abruzzi,economic_and_colonization,Somalia,1919-1933,"Prince, explorer and founder of the large agricultural settlement and company at Villaggio Duca degli Abruzzi in Italian Somalia.",https://www.treccani.it/enciclopedia/savoia-aosta-luigi-amedeo-giuseppe-maria-ferdinando-francesco-di-duca-degli-abruzzi_%28Dizionario-Biografico%29/,,False,verified_manual,38412
330889,G589,068031,PIAZZA DUCA DEGLI ABRUZZI,,PIAZZA DUCA DEGLI ABRUZZI,Picciano,Abruzzo,068031,savoiaaosta_luigiamedeo,Luigi Amedeo di Savoia-Aosta,Duca degli Abruzzi,100.0,exact_alias,duca degli abruzzi,accepted_auto,Luigi Amedeo di Savoia-Aosta;Duca degli Abruzzi,economic_and_colonization,Somalia,1919-1933,"Prince, explorer and founder of the large agricultural settlement and company at Villaggio Duca degli Abruzzi in Italian Somalia.",https://www.treccani.it/enciclopedia/savoia-aosta-luigi-amedeo-giuseppe-maria-ferdinando-francesco-di-duca-degli-abruzzi_%28Dizionario-Biografico%29/,,False,verified_manual,38412
1272687,H166,066077,VIA GRAZIANI,,VIA GRAZIANI,Raiano,Abruzzo,066077,graziani_rodolfo,Rodolfo Graziani,Graziani,100.0,exact_surname,graziani,needs_review,Rodolfo Graziani;Graziani;Maresciallo Graziani,military_and_administration,Libya;Ethiopia,1920s-1937,Senior colonial commander in Libya and commander in the Italo-Ethiopian war; viceroy of Ethiopia in 1936-1937.,https://www.treccani.it/enciclopedia/rodolfo-graziani/,,True,verified,38412
1275341,H399,066080,VIA DUCA DEGLI ABRUZZI,,VIA DUCA DEGLI ABRUZZI,Rocca di Botte,Abruzzo,066080,savoiaaosta_luigiamedeo,Luigi Amedeo di Savoia-Aosta,Duca degli Abruzzi,100.0,exact_alias,duca degli abruzzi,accepted_auto,Luigi Amedeo di Savoia-Aosta;Duca degli Abruzzi,economic_and_colonization,Somalia,1919-1933,"Prince, explorer and founder of the large agricultural settlement and company at Villaggio Duca degli Abruzzi in Italian Somalia.",https://www.treccani.it/enciclopedia/savoia-aosta-luigi-amedeo-giuseppe-maria-ferdinando-francesco-di-duca-degli-abruzzi_%28Dizionario-Biografico%29/,,False,verified_manual,38412
1281068,H400,066081,VIA DUCA DEGLI ABRUZZI,,VIA DUCA DEGLI ABRUZZI,Rocca di Cambio,Abruzzo,066081,savoiaaosta_luigiamedeo,Luigi Amedeo di Savoia-Aosta,Duca degli Abruzzi,100.0,exact_alias,duca degli abruzzi,accepted_auto,Luigi Amedeo di Savoia-Aosta;Duca degli Abruzzi,economic_and_colonization,Somalia,1919-1933,"Prince, explorer and founder of the large agricultural settlement and company at Villaggio Duca degli Abruzzi in Italian Somalia.",https://www.treccani.it/enciclopedia/savoia-aosta-luigi-amedeo-giuseppe-maria-ferdinando-francesco-di-duca-degli-abruzzi_%28Dizionario-Biografico%29/,,False,verified_manual,38412
344521,H442,069075,VIA DUCA DEGLI ABRUZZI,,VIA DUCA DEGLI ABRUZZI,Roccascalegna,Abruzzo,069075,savoiaaosta_luigiamedeo,Luigi Amedeo di Savoia-Aosta,Duca degli Abruzzi,100.0,exact_alias,duca degli abruzzi,accepted_auto,Luigi Amedeo di Savoia-Aosta;Duca degli Abruzzi,economic_and_colonization,Somalia,1919-1933,"Prince, explorer and founder of the large agricultural settlement and company at Villaggio Duca degli Abruzzi in Italian Somalia.",https://www.treccani.it/enciclopedia/savoia-aosta-luigi-amedeo-giuseppe-maria-ferdinando-francesco-di-duca-degli-abruzzi_%28Dizionario-Biografico%29/,,False,verified_manual,38412
845049,H772,066085,VIA FRANCESCO CRISPI,,VIA FRANCESCO CRISPI,San Benedetto dei Marsi,Abruzzo,066085,crispi_francesco,Francesco Crispi,Francesco Crispi,100.0,exact_canonical,francesco crispi,accepted_auto,Francesco Crispi,political_and_administration,Eritrea;Ethiopia;Somalia,1887-1896,Prime minister and a principal political promoter of Italian colonial expansion in the Horn of Africa; his policy culminated in the war ending at Adwa.,https://www.treccani.it/enciclopedia/francesco-crispi/,,False,verified_manual,38412
250822,I148,069083,VIALE DUCA DEGLI ABRUZZI,,VIALE DUCA DEGLI ABRUZZI,San Salvo,Abruzzo,069083,savoiaaosta_luigiamedeo,Luigi Amedeo di Savoia-Aosta,Duca degli Abruzzi,100.0,exact_alias,duca degli abruzzi,accepted_auto,Luigi Amedeo di Savoia-Aosta;Duca degli Abruzzi,economic_and_colonization,Somalia,1919-1933,"Prince, explorer and founder of the large agricultural settlement and company at Villaggio Duca degli Abruzzi in Italian Somalia.",https://www.treccani.it/enciclopedia/savoia-aosta-luigi-amedeo-giuseppe-maria-ferdinando-francesco-di-duca-degli-abruzzi_%28Dizionario-Biografico%29/,,False,verified_manual,38412
219244,I318,067038,PIAZZA DUCA DEGLI ABRUZZI,,PIAZZA DUCA DEGLI ABRUZZI,Sant'Egidio alla Vibrata,Abruzzo,067038,savoiaaosta_luigiamedeo,Luigi Amedeo di Savoia-Aosta,Duca degli Abruzzi,100.0,exact_alias,duca degli abruzzi,accepted_auto,Luigi Amedeo di Savoia-Aosta;Duca degli Abruzzi,economic_and_colonization,Somalia,1919-1933,"Prince, explorer and founder of the large agricultural settlement and company at Villaggio Duca degli Abruzzi in Italian Somalia.",https://www.treccani.it/enciclopedia/savoia-aosta-luigi-amedeo-giuseppe-maria-ferdinando-francesco-di-duca-degli-abruzzi_%28Dizionario-Biografico%29/,,False,verified_manual,38412
821075,I348,067039,VIA DUCA DEGLI ABRUZZI,,VIA DUCA DEGLI ABRUZZI,Sant'Omero,Abruzzo,067039,savoiaaosta_luigiamedeo,Luigi Amedeo di Savoia-Aosta,Duca degli Abruzzi,100.0,exact_alias,duca degli abruzzi,accepted_auto,Luigi Amedeo di Savoia-Aosta;Duca degli Abruzzi,economic_and_colonization,Somalia,1919-1933,"Prince, explorer and founder of the large agricultural settlement and company at Villaggio Duca degli Abruzzi in Italian Somalia.",https://www.treccani.it/enciclopedia/savoia-aosta-luigi-amedeo-giuseppe-maria-ferdinando-francesco-di-duca-degli-abruzzi_%28Dizionario-Biografico%29/,,False,verified_manual,38412
498947,I376,068038,VIA DUCA DEGLI ABRUZZI,,VIA DUCA DEGLI ABRUZZI,San Valentino in Abruzzo Citeriore,Abruzzo,068038,savoiaaosta_luigiamedeo,Luigi Amedeo di Savoia-Aosta,Duca degli Abruzzi,100.0,exact_alias,duca degli abruzzi,accepted_auto,Luigi Amedeo di Savoia-Aosta;Duca degli Abruzzi,economic_and_colonization,Somalia,1919-1933,"Prince, explorer and founder of the large agricultural settlement and company at Villaggio Duca degli Abruzzi in Italian Somalia.",https://www.treccani.it/enciclopedia/savoia-aosta-luigi-amedeo-giuseppe-maria-ferdinando-francesco-di-duca-degli-abruzzi_%28Dizionario-Biografico%29/,,False,verified_manual,38412
1231290,I553,066096,LARGO DUCA DEGLI ABRUZZI,,LARGO DUCA DEGLI ABRUZZI,Scurcola Marsicana,Abruzzo,066096,savoiaaosta_luigiamedeo,Luigi Amedeo di Savoia-Aosta,Duca degli Abruzzi,100.0,exact_alias,duca degli abruzzi,accepted_auto,Luigi Amedeo di Savoia-Aosta;Duca degli Abruzzi,economic_and_colonization,Somalia,1919-1933,"Prince, explorer and founder of the large agricultural settlement and company at Villaggio Duca degli Abruzzi in Italian Somalia.",https://www.treccani.it/enciclopedia/savoia-aosta-luigi-amedeo-giuseppe-maria-ferdinando-francesco-di-duca-degli-abruzzi_%28Dizionario-Biografico%29/,,False,verified_manual,38412
1231316,I553,066096,VIA MAGGIORE PIETRO TOSELLI,,VIA MAGGIORE PIETRO TOSELLI,Scurcola Marsicana,Abruzzo,066096,toselli_pietro,Pietro Toselli,Pietro Toselli,100.0,exact_canonical,maggiore pietro toselli,accepted_auto,Pietro Toselli;Toselli;Maggiore Toselli,military,Eritrea;Ethiopia,1890s,Italian officer in the colonial campaigns in the Horn of Africa; killed at Amba Alagi in 1895.,https://www.tandfonline.com/doi/full/10.1080/1369801X.2023.2222710,,True,verified,38412
849856,I804,066098,VIA FRANCESCO CRISPI,,VIA FRANCESCO CRISPI,Sulmona,Abruzzo,066098,crispi_francesco,Francesco Crispi,Francesco Crispi,100.0,exact_canonical,francesco crispi,accepted_auto,Francesco Crispi,political_and_administration,Eritrea;Ethiopia;Somalia,1887-1896,Prime minister and a principal political promoter of Italian colonial expansion in the Horn of Africa; his policy culminated in the war ending at Adwa.,https://www.treccani.it/enciclopedia/francesco-crispi/,,False,verified_manual,38412
996921,L025,066099,PIAZZA DUCA DEGLI ABRUZZI,,PIAZZA DUCA DEGLI ABRUZZI,Tagliacozzo,Abruzzo,066099,savoiaaosta_luigiamedeo,Luigi Amedeo di Savoia-Aosta,Duca degli Abruzzi,100.0,exact_alias,duca degli abruzzi,accepted_auto,Luigi Amedeo di Savoia-Aosta;Duca degli Abruzzi,economic_and_colonization,Somalia,1919-1933,"Prince, explorer and founder of the large agricultural settlement and company at Villaggio Duca degli Abruzzi in Italian Somalia.",https://www.treccani.it/enciclopedia/savoia-aosta-luigi-amedeo-giuseppe-maria-ferdinando-francesco-di-duca-degli-abruzzi_%28Dizionario-Biografico%29/,,False,verified_manual,38412
800819,L047,069089,VIA DUCA DEGLI ABRUZZI,,VIA DUCA DEGLI ABRUZZI,Taranta Peligna,Abruzzo,069089,savoiaaosta_luigiamedeo,Luigi Amedeo di Savoia-Aosta,Duca degli Abruzzi,100.0,exact_alias,duca degli abruzzi,accepted_auto,Luigi Amedeo di Savoia-Aosta;Duca degli Abruzzi,economic_and_colonization,Somalia,1919-1933,"Prince, explorer and founder of the large agricultural settlement and company at Villaggio Duca degli Abruzzi in Italian Somalia.",https://www.treccani.it/enciclopedia/savoia-aosta-luigi-amedeo-giuseppe-maria-ferdinando-francesco-di-duca-degli-abruzzi_%28Dizionario-Biografico%29/,,False,verified_manual,38412
881583,L103,067041,VIA DUCA DEGLI ABRUZZI,,VIA DUCA DEGLI ABRUZZI,Teramo,Abruzzo,067041,savoiaaosta_luigiamedeo,Luigi Amedeo di Savoia-Aosta,Duca degli Abruzzi,100.0,exact_alias,duca degli abruzzi,accepted_auto,Luigi Amedeo di Savoia-Aosta;Duca degli Abruzzi,economic_and_colonization,Somalia,1919-1933,"Prince, explorer and founder of the large agricultural settlement and company at Villaggio Duca degli Abruzzi in Italian Somalia.",https://www.treccani.it/enciclopedia/savoia-aosta-luigi-amedeo-giuseppe-maria-ferdinando-francesco-di-duca-degli-abruzzi_%28Dizionario-Biografico%29/,,False,verified_manual,38412
881620,L103,067041,VIALE FRANCESCO CRISPI,,VIALE FRANCESCO CRISPI,Teramo,Abruzzo,067041,crispi_francesco,Francesco Crispi,Francesco Crispi,100.0,exact_canonical,francesco crispi,accepted_auto,Francesco Crispi,political_and_administration,Eritrea;Ethiopia;Somalia,1887-1896,Prime minister and a principal political promoter of Italian colonial expansion in the Horn of Africa; his policy culminated in the war ending at Adwa.,https://www.treccani.it/enciclopedia/francesco-crispi/,,False,verified_manual,38412
668347,L186,068042,VIA FRANCESCO CRISPI,,VIA FRANCESCO CRISPI,Tocco da Casauria,Abruzzo,068042,crispi_francesco,Francesco Crispi,Francesco Crispi,100.0,exact_canonical,francesco crispi,accepted_auto,Francesco Crispi,political_and_administration,Eritrea;Ethiopia;Somalia,1887-1896,Prime minister and a principal political promoter of Italian colonial expansion in the Horn of Africa; his policy culminated in the war ending at Adwa.,https://www.treccani.it/enciclopedia/francesco-crispi/,,False,verified_manual,38412
850449,L227,066101,PIAZZA DUCA DEGLI ABRUZZI,,PIAZZA DUCA DEGLI ABRUZZI,Tornimparte,Abruzzo,066101,savoiaaosta_luigiamedeo,Luigi Amedeo di Savoia-Aosta,Duca degli Abruzzi,100.0,exact_alias,duca degli abruzzi,accepted_auto,Luigi Amedeo di Savoia-Aosta;Duca degli Abruzzi,economic_and_colonization,Somalia,1919-1933,"Prince, explorer and founder of the large agricultural settlement and company at Villaggio Duca degli Abruzzi in Italian Somalia.",https://www.treccani.it/enciclopedia/savoia-aosta-luigi-amedeo-giuseppe-maria-ferdinando-francesco-di-duca-degli-abruzzi_%28Dizionario-Biografico%29/,,False,verified_manual,38412
732814,L307,067044,VIA FRANCESCO CRISPI,,VIA FRANCESCO CRISPI,Tortoreto,Abruzzo,067044,crispi_francesco,Francesco Crispi,Francesco Crispi,100.0,exact_canonical,francesco crispi,accepted_auto,Francesco Crispi,political_and_administration,Eritrea;Ethiopia;Somalia,1887-1896,Prime minister and a principal political promoter of Italian colonial expansion in the Horn of Africa; his policy culminated in the war ending at Adwa.,https://www.treccani.it/enciclopedia/francesco-crispi/,,False,verified_manual,38412
1070433,L334,066102,VIA DUCA DEGLI ABRUZZI,,VIA DUCA DEGLI ABRUZZI,Trasacco,Abruzzo,066102,savoiaaosta_luigiamedeo,Luigi Amedeo di Savoia-Aosta,Duca degli Abruzzi,100.0,exact_alias,duca degli abruzzi,accepted_auto,Luigi Amedeo di Savoia-Aosta;Duca degli Abruzzi,economic_and_colonization,Somalia,1919-1933,"Prince, explorer and founder of the large agricultural settlement and company at Villaggio Duca degli Abruzzi in Italian Somalia.",https://www.treccani.it/enciclopedia/savoia-aosta-luigi-amedeo-giuseppe-maria-ferdinando-francesco-di-duca-degli-abruzzi_%28Dizionario-Biografico%29/,,False,verified_manual,38412
174670,L526,069098,PIAZZA DUCA DEGLI ABRUZZI,,PIAZZA DUCA DEGLI ABRUZZI,Vacri,Abruzzo,069098,savoiaaosta_luigiamedeo,Luigi Amedeo di Savoia-Aosta,Duca degli Abruzzi,100.0,exact_alias,duca degli abruzzi,accepted_auto,Luigi Amedeo di Savoia-Aosta;Duca degli Abruzzi,economic_and_colonization,Somalia,1919-1933,"Prince, explorer and founder of the large agricultural settlement and company at Villaggio Duca degli Abruzzi in Italian Somalia.",https://www.treccani.it/enciclopedia/savoia-aosta-luigi-amedeo-giuseppe-maria-ferdinando-francesco-di-duca-degli-abruzzi_%28Dizionario-Biografico%29/,,False,verified_manual,38412
405627,M022,069102,VIA DUCA DEGLI ABRUZZI,,VIA DUCA DEGLI ABRUZZI,Villa Santa Maria,Abruzzo,069102,savoiaaosta_luigiamedeo,Luigi Amedeo di Savoia-Aosta,Duca degli Abruzzi,100.0,exact_alias,duca degli abruzzi,accepted_auto,Luigi Amedeo di Savoia-Aosta;Duca degli Abruzzi,economic_and_colonization,Somalia,1919-1933,"Prince, explorer and founder of the large agricultural settlement and company at Villaggio Duca degli Abruzzi in Italian Somalia.",https://www.treccani.it/enciclopedia/savoia-aosta-luigi-amedeo-giuseppe-maria-ferdinando-francesco-di-duca-degli-abruzzi_%28Dizionario-Biografico%29/,,False,verified_manual,38412
761706,M023,066105,VIA DUCA DEGLI ABRUZZI,,VIA DUCA DEGLI ABRUZZI,Villa Sant'Angelo,Abruzzo,066105,savoiaaosta_luigiamedeo,Luigi Amedeo di Savoia-Aosta,Duca degli Abruzzi,100.0,exact_alias,duca degli abruzzi,accepted_auto,Luigi Amedeo di Savoia-Aosta;Duca degli Abruzzi,economic_and_colonization,Somalia,1919-1933,"Prince, explorer and founder of the large agricultural settlement and company at Villaggio Duca degli Abruzzi in Italian Somalia.",https://www.treccani.it/enciclopedia/savoia-aosta-luigi-amedeo-giuseppe-maria-ferdinando-francesco-di-duca-degli-abruzzi_%28Dizionario-Biografico%29/,,False,verified_manual,38412
339980,A017,077001,VIA DUCA DEGLI ABRUZZI,,VIA DUCA DEGLI ABRUZZI,Accettura,Basilicata,077001,savoiaaosta_luigiamedeo,Luigi Amedeo di Savoia-Aosta,Duca degli Abruzzi,100.0,exact_alias,duca degli abruzzi,accepted_auto,Luigi Amedeo di Savoia-Aosta;Duca degli Abruzzi,economic_and_colonization,Somalia,1919-1933,"Prince, explorer and founder of the large agricultural settlement and company at Villaggio Duca degli Abruzzi in Italian Somalia.",https://www.treccani.it/enciclopedia/savoia-aosta-luigi-amedeo-giuseppe-maria-ferdinando-francesco-di-duca-degli-abruzzi_%28Dizionario-Biografico%29/,,False,verified_manual,24938
339992,A017,077001,VIA GALLIANO,,VIA GALLIANO,Accettura,Basilicata,077001,galliano_giuseppe,Giuseppe Galliano,Galliano,100.0,exact_surname,galliano,needs_review,Giuseppe Galliano;Galliano,military,Eritrea;Ethiopia,1880s-1890s,Italian officer active in the colonial campaigns in Eritrea and Ethiopia.,https://www.lastampa.it/torino/2023/03/22/news/nomi_vie_piazze_colonialismo-12713667/,,True,verified,24938
428314,A612,076009,VIA TOSELLI,,VIA TOSELLI,Banzi,Basilicata,076009,toselli_pietro,Pietro Toselli,Toselli,100.0,exact_surname,toselli,needs_review,Pietro Toselli;Toselli;Maggiore Toselli,military,Eritrea;Ethiopia,1890s,Italian officer in the colonial campaigns in the Horn of Africa; killed at Amba Alagi in 1895.,https://www.tandfonline.com/doi/full/10.1080/1369801X.2023.2222710,,True,verified,24938
346123,A801,077003,VIA GALLIANO,,VIA GALLIANO,Bernalda,Basilicata,077003,galliano_giuseppe,Giuseppe Galliano,Galliano,100.0,exact_surname,galliano,needs_review,Giuseppe Galliano;Galliano,military,Eritrea;Ethiopia,1880s-1890s,Italian officer active in the colonial campaigns in Eritrea and Ethiopia.,https://www.lastampa.it/torino/2023/03/22/news/nomi_vie_piazze_colonialismo-12713667/,,True,verified,24938
1343991,A801,077003,VIA PIETRO TOSELLI,,VIA PIETRO TOSELLI,Bernalda,Basilicata,077003,toselli_pietro,Pietro Toselli,Pietro Toselli,100.0,exact_canonical,pietro toselli,accepted_auto,Pietro Toselli;Toselli;Maggiore Toselli,military,Eritrea;Ethiopia,1890s,Italian officer in the colonial campaigns in the Horn of Africa; killed at Amba Alagi in 1895.,https://www.tandfonline.com/doi/full/10.1080/1369801X.2023.2222710,,True,verified,24938
346324,A801,077003,VIA TOSELLI,,VIA TOSELLI,Bernalda,Basilicata,077003,toselli_pietro,Pietro Toselli,Toselli,100.0,exact_surname,toselli,needs_review,Pietro Toselli;Toselli;Maggiore Toselli,military,Eritrea;Ethiopia,1890s,Italian officer in the colonial campaigns in the Horn of Africa; killed at Amba Alagi in 1895.,https://www.tandfonline.com/doi/full/10.1080/1369801X.2023.2222710,,True,verified,24938
341981,A942,077018,VIA GALLIANO,,VIA GALLIANO,Nova Siri,Basilicata,077018,galliano_giuseppe,Giuseppe Galliano,Galliano,100.0,exact_surname,galliano,needs_review,Giuseppe Galliano;Galliano,military,Eritrea;Ethiopia,1880s-1890s,Italian officer active in the colonial campaigns in Eritrea and Ethiopia.,https://www.lastampa.it/torino/2023/03/22/news/nomi_vie_piazze_colonialismo-12713667/,,True,verified,24938
491224,B549,076017,VIA ITALO BALBO,,VIA ITALO BALBO,Campomaggiore,Basilicata,076017,balbo_italo,Italo Balbo,Italo Balbo,100.0,exact_canonical,italo balbo,accepted_auto,Italo Balbo;Balbo,political_and_administration,Libya,1934-1940,Governor-General of Italian Libya from 1934 to 1940.,https://www.treccani.it/enciclopedia/italo-balbo/,,True,verified,24938
386703,B906,076020,VIA FRANCESCO CRISPI,,VIA FRANCESCO CRISPI,San Paolo Albanese,Basilicata,076020,crispi_francesco,Francesco Crispi,Francesco Crispi,100.0,exact_canonical,francesco crispi,accepted_auto,Francesco Crispi,political_and_administration,Eritrea;Ethiopia;Somalia,1887-1896,Prime minister and a principal political promoter of Italian colonial expansion in the Horn of Africa; his policy culminated in the war ending at Adwa.,https://www.treccani.it/enciclopedia/francesco-crispi/,,False,verified_manual,24938
386708,B906,076020,VIA GALLIANO,,VIA GALLIANO,San Paolo Albanese,Basilicata,076020,galliano_giuseppe,Giuseppe Galliano,Galliano,100.0,exact_surname,galliano,needs_review,Giuseppe Galliano;Galliano,military,Eritrea;Ethiopia,1880s-1890s,Italian officer active in the colonial campaigns in Eritrea and Ethiopia.,https://www.lastampa.it/torino/2023/03/22/news/nomi_vie_piazze_colonialismo-12713667/,,True,verified,24938
386730,B906,076020,VIA TOSELLI,,VIA TOSELLI,San Paolo Albanese,Basilicata,076020,toselli_pietro,Pietro Toselli,Toselli,100.0,exact_surname,toselli,needs_review,Pietro Toselli;Toselli;Maggiore Toselli,military,Eritrea;Ethiopia,1890s,Italian officer in the colonial campaigns in the Horn of Africa; killed at Amba Alagi in 1895.,https://www.tandfonline.com/doi/full/10.1080/1369801X.2023.2222710,,True,verified,24938
386766,C201,076023,VIA MAGLIOCCO,,VIA MAGLIOCCO,Castelluccio Superiore,Basilicata,076023,magliocco_vincenzo,Vincenzo Magliocco,Magliocco,100.0,exact_surname,magliocco,needs_review,Vincenzo Magliocco;Magliocco,military,Ethiopia,1935-1936,Italian air-force general active in Ethiopia; commemorated by a street in Milan documented by the colonial-odonymy project.,https://museonazionaleresistenza.it/story/la-storia-raccontata-attraverso-le-vie-della-citta/,,True,verified,24938
386959,C539,076027,VICOLO BALBO,,VICOLO BALBO,Cersosimo,Basilicata,076027,balbo_italo,Italo Balbo,Balbo,100.0,exact_surname,balbo,needs_review,Italo Balbo;Balbo,political_and_administration,Libya,1934-1940,Governor-General of Italian Libya from 1934 to 1940.,https://www.treccani.it/enciclopedia/italo-balbo/,,True,verified,24938
276401,C888,077006,VIA DUCA DEGLI ABRUZZI,,VIA DUCA DEGLI ABRUZZI,Colobraro,Basilicata,077006,savoiaaosta_luigiamedeo,Luigi Amedeo di Savoia-Aosta,Duca degli Abruzzi,100.0,exact_alias,duca degli abruzzi,accepted_auto,Luigi Amedeo di Savoia-Aosta;Duca degli Abruzzi,economic_and_colonization,Somalia,1919-1933,"Prince, explorer and founder of the large agricultural settlement and company at Villaggio Duca degli Abruzzi in Italian Somalia.",https://www.treccani.it/enciclopedia/savoia-aosta-luigi-amedeo-giuseppe-maria-ferdinando-francesco-di-duca-degli-abruzzi_%28Dizionario-Biografico%29/,,False,verified_manual,24938
430865,D010,076029,VIA DUCA DEGLI ABRUZZI,,VIA DUCA DEGLI ABRUZZI,Corleto Perticara,Basilicata,076029,savoiaaosta_luigiamedeo,Luigi Amedeo di Savoia-Aosta,Duca degli Abruzzi,100.0,exact_alias,duca degli abruzzi,accepted_auto,Luigi Amedeo di Savoia-Aosta;Duca degli Abruzzi,economic_and_colonization,Somalia,1919-1933,"Prince, explorer and founder of the large agricultural settlement and company at Villaggio Duca degli Abruzzi in Italian Somalia.",https://www.treccani.it/enciclopedia/savoia-aosta-luigi-amedeo-giuseppe-maria-ferdinando-francesco-di-duca-degli-abruzzi_%28Dizionario-Biografico%29/,,False,verified_manual,24938
430846,D010,076029,VIA FRANCESCO CRISPI,,VIA FRANCESCO CRISPI,Corleto Perticara,Basilicata,076029,crispi_francesco,Francesco Crispi,Francesco Crispi,100.0,exact_canonical,francesco crispi,accepted_auto,Francesco Crispi,political_and_administration,Eritrea;Ethiopia;Somalia,1887-1896,Prime minister and a principal political promoter of Italian colonial expansion in the Horn of Africa; his policy culminated in the war ending at Adwa.,https://www.treccani.it/enciclopedia/francesco-crispi/,,False,verified_manual,24938
426400,D497,076031,VIA FRANCESCO CRISPI,,VIA FRANCESCO CRISPI,Fardella,Basilicata,076031,crispi_francesco,Francesco Crispi,Francesco Crispi,100.0,exact_canonical,francesco crispi,accepted_auto,Francesco Crispi,political_and_administration,Eritrea;Ethiopia;Somalia,1887-1896,Prime minister and a principal political promoter of Italian colonial expansion in the Horn of Africa; his policy culminated in the war ending at Adwa.,https://www.treccani.it/enciclopedia/francesco-crispi/,,False,verified_manual,24938
340236,D513,077030,VIA GALLIANO,,VIA GALLIANO,Valsinni,Basilicata,077030,galliano_giuseppe,Giuseppe Galliano,Galliano,100.0,exact_surname,galliano,needs_review,Giuseppe Galliano;Galliano,military,Eritrea;Ethiopia,1880s-1890s,Italian officer active in the colonial campaigns in Eritrea and Ethiopia.,https://www.lastampa.it/torino/2023/03/22/news/nomi_vie_piazze_colonialismo-12713667/,,True,verified,24938
426812,D971,076036,VIA DUCA DEGLI ABRUZZI,,VIA DUCA DEGLI ABRUZZI,Genzano di Lucania,Basilicata,076036,savoiaaosta_luigiamedeo,Luigi Amedeo di Savoia-Aosta,Duca degli Abruzzi,100.0,exact_alias,duca degli abruzzi,accepted_auto,Luigi Amedeo di Savoia-Aosta;Duca degli Abruzzi,economic_and_colonization,Somalia,1919-1933,"Prince, explorer and founder of the large agricultural settlement and company at Villaggio Duca degli Abruzzi in Italian Somalia.",https://www.treccani.it/enciclopedia/savoia-aosta-luigi-amedeo-giuseppe-maria-ferdinando-francesco-di-duca-degli-abruzzi_%28Dizionario-Biografico%29/,,False,verified_manual,24938
426833,D971,076036,VIA FRANCESCO CRISPI,,VIA FRANCESCO CRISPI,Genzano di Lucania,Basilicata,076036,crispi_francesco,Francesco Crispi,Francesco Crispi,100.0,exact_canonical,francesco crispi,accepted_auto,Francesco Crispi,political_and_administration,Eritrea;Ethiopia;Somalia,1887-1896,Prime minister and a principal political promoter of Italian colonial expansion in the Horn of Africa; his policy culminated in the war ending at Adwa.,https://www.treccani.it/enciclopedia/francesco-crispi/,,False,verified_manual,24938
426862,D971,076036,VIA GIUSEPPE GALLIANO,,VIA GIUSEPPE GALLIANO,Genzano di Lucania,Basilicata,076036,galliano_giuseppe,Giuseppe Galliano,Giuseppe Galliano,100.0,exact_canonical,giuseppe galliano,accepted_auto,Giuseppe Galliano;Galliano,military,Eritrea;Ethiopia,1880s-1890s,Italian officer active in the colonial campaigns in Eritrea and Ethiopia.,https://www.lastampa.it/torino/2023/03/22/news/nomi_vie_piazze_colonialismo-12713667/,,True,verified,24938
426961,D971,076036,VIA PIETRO TOSELLI,,VIA PIETRO TOSELLI,Genzano di Lucania,Basilicata,076036,toselli_pietro,Pietro Toselli,Pietro Toselli,100.0,exact_canonical,pietro toselli,accepted_auto,Pietro Toselli;Toselli;Maggiore Toselli,military,Eritrea;Ethiopia,1890s,Italian officer in the colonial campaigns in the Horn of Africa; killed at Amba Alagi in 1895.,https://www.tandfonline.com/doi/full/10.1080/1369801X.2023.2222710,,True,verified,24938
389778,E409,076039,PIAZZA DUCA DEGLI ABRUZZI,,PIAZZA DUCA DEGLI ABRUZZI,Lagonegro,Basilicata,076039,savoiaaosta_luigiamedeo,Luigi Amedeo di Savoia-Aosta,Duca degli Abruzzi,100.0,exact_alias,duca degli abruzzi,accepted_auto,Luigi Amedeo di Savoia-Aosta;Duca degli Abruzzi,economic_and_colonization,Somalia,1919-1933,"Prince, explorer and founder of the large agricultural settlement and company at Villaggio Duca degli Abruzzi in Italian Somalia.",https://www.treccani.it/enciclopedia/savoia-aosta-luigi-amedeo-giuseppe-maria-ferdinando-francesco-di-duca-degli-abruzzi_%28Dizionario-Biografico%29/,,False,verified_manual,24938
392607,F006,076047,VIA DUCA DEGLI ABRUZZI,,VIA DUCA DEGLI ABRUZZI,Maschito,Basilicata,076047,savoiaaosta_luigiamedeo,Luigi Amedeo di Savoia-Aosta,Duca degli Abruzzi,100.0,exact_alias,duca degli abruzzi,accepted_auto,Luigi Amedeo di Savoia-Aosta;Duca degli Abruzzi,economic_and_colonization,Somalia,1919-1933,"Prince, explorer and founder of the large agricultural settlement and company at Villaggio Duca degli Abruzzi in Italian Somalia.",https://www.treccani.it/enciclopedia/savoia-aosta-luigi-amedeo-giuseppe-maria-ferdinando-francesco-di-duca-degli-abruzzi_%28Dizionario-Biografico%29/,,False,verified_manual,24938
387255,F917,076055,VIA FRANCESCO CRISPI,,VIA FRANCESCO CRISPI,Noepoli,Basilicata,076055,crispi_francesco,Francesco Crispi,Francesco Crispi,100.0,exact_canonical,francesco crispi,accepted_auto,Francesco Crispi,political_and_administration,Eritrea;Ethiopia;Somalia,1887-1896,Prime minister and a principal political promoter of Italian colonial expansion in the Horn of Africa; his policy culminated in the war ending at Adwa.,https://www.treccani.it/enciclopedia/francesco-crispi/,,False,verified_manual,24938
659362,G712,077020,VIA DUCA DEGLI ABRUZZI,,VIA DUCA DEGLI ABRUZZI,Pisticci,Basilicata,077020,savoiaaosta_luigiamedeo,Luigi Amedeo di Savoia-Aosta,Duca degli Abruzzi,100.0,exact_alias,duca degli abruzzi,accepted_auto,Luigi Amedeo di Savoia-Aosta;Duca degli Abruzzi,economic_and_colonization,Somalia,1919-1933,"Prince, explorer and founder of the large agricultural settlement and company at Villaggio Duca degli Abruzzi in Italian Somalia.",https://www.treccani.it/enciclopedia/savoia-aosta-luigi-amedeo-giuseppe-maria-ferdinando-francesco-di-duca-degli-abruzzi_%28Dizionario-Biografico%29/,,False,verified_manual,24938
659394,G712,077020,VIA FRANCESCO CRISPI,,VIA FRANCESCO CRISPI,Pisticci,Basilicata,077020,crispi_francesco,Francesco Crispi,Francesco Crispi,100.0,exact_canonical,francesco crispi,accepted_auto,Francesco Crispi,political_and_administration,Eritrea;Ethiopia;Somalia,1887-1896,Prime minister and a principal political promoter of Italian colonial expansion in the Horn of Africa; his policy culminated in the war ending at Adwa.,https://www.treccani.it/enciclopedia/francesco-crispi/,,False,verified_manual,24938
347386,G806,077022,VIA FRANCESCO CRISPI,,VIA FRANCESCO CRISPI,Pomarico,Basilicata,077022,crispi_francesco,Francesco Crispi,Francesco Crispi,100.0,exact_canonical,francesco crispi,accepted_auto,Francesco Crispi,political_and_administration,Eritrea;Ethiopia;Somalia,1887-1896,Prime minister and a principal political promoter of Italian colonial expansion in the Horn of Africa; his policy culminated in the war ending at Adwa.,https://www.treccani.it/enciclopedia/francesco-crispi/,,False,verified_manual,24938
393694,G942,076063,PIAZZA FRANCESCO CRISPI,,PIAZZA FRANCESCO CRISPI,Potenza,Basilicata,076063,crispi_francesco,Francesco Crispi,Francesco Crispi,100.0,exact_canonical,francesco crispi,accepted_auto,Francesco Crispi,political_and_administration,Eritrea;Ethiopia;Somalia,1887-1896,Prime minister and a principal political promoter of Italian colonial expansion in the Horn of Africa; his policy culminated in the war ending at Adwa.,https://www.treccani.it/enciclopedia/francesco-crispi/,,False,verified_manual,24938
393693,G942,076063,VIA FRANCESCO CRISPI,,VIA FRANCESCO CRISPI,Potenza,Basilicata,076063,crispi_francesco,Francesco Crispi,Francesco Crispi,100.0,exact_canonical,francesco crispi,accepted_auto,Francesco Crispi,political_and_administration,Eritrea;Ethiopia;Somalia,1887-1896,Prime minister and a principal political promoter of Italian colonial expansion in the Horn of Africa; his policy culminated in the war ending at Adwa.,https://www.treccani.it/enciclopedia/francesco-crispi/,,False,verified_manual,24938
387463,H187,076065,VIA FRANCESCO CRISPI,,VIA FRANCESCO CRISPI,Rapone,Basilicata,076065,crispi_francesco,Francesco Crispi,Francesco Crispi,100.0,exact_canonical,francesco crispi,accepted_auto,Francesco Crispi,political_and_administration,Eritrea;Ethiopia;Somalia,1887-1896,Prime minister and a principal political promoter of Italian colonial expansion in the Horn of Africa; his policy culminated in the war ending at Adwa.,https://www.treccani.it/enciclopedia/francesco-crispi/,,False,verified_manual,24938
387470,H187,076065,VIA GIUSEPPE GALLIANO,,VIA GIUSEPPE GALLIANO,Rapone,Basilicata,076065,galliano_giuseppe,Giuseppe Galliano,Giuseppe Galliano,100.0,exact_canonical,giuseppe galliano,accepted_auto,Giuseppe Galliano;Galliano,military,Eritrea;Ethiopia,1880s-1890s,Italian officer active in the colonial campaigns in Eritrea and Ethiopia.,https://www.lastampa.it/torino/2023/03/22/news/nomi_vie_piazze_colonialismo-12713667/,,True,verified,24938
387498,H187,076065,VIA PIETRO TOSELLI,,VIA PIETRO TOSELLI,Rapone,Basilicata,076065,toselli_pietro,Pietro Toselli,Pietro Toselli,100.0,exact_canonical,pietro toselli,accepted_auto,Pietro Toselli;Toselli;Maggiore Toselli,military,Eritrea;Ethiopia,1890s,Italian officer in the colonial campaigns in the Horn of Africa; killed at Amba Alagi in 1895.,https://www.tandfonline.com/doi/full/10.1080/1369801X.2023.2222710,,True,verified,24938
534618,H307,076066,VIA GALLIANO,,VIA GALLIANO,Rionero in Vulture,Basilicata,076066,galliano_giuseppe,Giuseppe Galliano,Galliano,100.0,exact_surname,galliano,needs_review,Giuseppe Galliano;Galliano,military,Eritrea;Ethiopia,1880s-1890s,Italian officer active in the colonial campaigns in Eritrea and Ethiopia.,https://www.lastampa.it/torino/2023/03/22/news/nomi_vie_piazze_colonialismo-12713667/,,True,verified,24938
534856,H307,076066,VIA TOSELLI,,VIA TOSELLI,Rionero in Vulture,Basilicata,076066,toselli_pietro,Pietro Toselli,Toselli,100.0,exact_surname,toselli,needs_review,Pietro Toselli;Toselli;Maggiore Toselli,military,Eritrea;Ethiopia,1890s,Italian officer in the colonial campaigns in the Horn of Africa; killed at Amba Alagi in 1895.,https://www.tandfonline.com/doi/full/10.1080/1369801X.2023.2222710,,True,verified,24938
534857,H307,076066,VICOLO TOSELLI,,VICOLO TOSELLI,Rionero in Vulture,Basilicata,076066,toselli_pietro,Pietro Toselli,Toselli,100.0,exact_surname,toselli,needs_review,Pietro Toselli;Toselli;Maggiore Toselli,military,Eritrea;Ethiopia,1890s,Italian officer in the colonial campaigns in the Horn of Africa; killed at Amba Alagi in 1895.,https://www.tandfonline.com/doi/full/10.1080/1369801X.2023.2222710,,True,verified,24938
480554,H646,076072,VIA FRANCESCO CRISPI,,VIA FRANCESCO CRISPI,Ruvo del Monte,Basilicata,076072,crispi_francesco,Francesco Crispi,Francesco Crispi,100.0,exact_canonical,francesco crispi,accepted_auto,Francesco Crispi,political_and_administration,Eritrea;Ethiopia;Somalia,1887-1896,Prime minister and a principal political promoter of Italian colonial expansion in the Horn of Africa; his policy culminated in the war ending at Adwa.,https://www.treccani.it/enciclopedia/francesco-crispi/,,False,verified_manual,24938
388020,H808,076075,VIA TOSELLI,,VIA TOSELLI,San Costantino Albanese,Basilicata,076075,toselli_pietro,Pietro Toselli,Toselli,100.0,exact_surname,toselli,needs_review,Pietro Toselli;Toselli;Maggiore Toselli,military,Eritrea;Ethiopia,1890s,Italian officer in the colonial campaigns in the Horn of Africa; killed at Amba Alagi in 1895.,https://www.tandfonline.com/doi/full/10.1080/1369801X.2023.2222710,,True,verified,24938
340731,H888,077025,VIA FRANCESCO CRISPI,,VIA FRANCESCO CRISPI,San Giorgio Lucano,Basilicata,077025,crispi_francesco,Francesco Crispi,Francesco Crispi,100.0,exact_canonical,francesco crispi,accepted_auto,Francesco Crispi,political_and_administration,Eritrea;Ethiopia;Somalia,1887-1896,Prime minister and a principal political promoter of Italian colonial expansion in the Horn of Africa; his policy culminated in the war ending at Adwa.,https://www.treccani.it/enciclopedia/francesco-crispi/,,False,verified_manual,24938
328059,I029,077026,VIA FRANCESCO CRISPI,,VIA FRANCESCO CRISPI,San Mauro Forte,Basilicata,077026,crispi_francesco,Francesco Crispi,Francesco Crispi,100.0,exact_canonical,francesco crispi,accepted_auto,Francesco Crispi,political_and_administration,Eritrea;Ethiopia;Somalia,1887-1896,Prime minister and a principal political promoter of Italian colonial expansion in the Horn of Africa; his policy culminated in the war ending at Adwa.,https://www.treccani.it/enciclopedia/francesco-crispi/,,False,verified_manual,24938
450353,I288,076079,VIA DUCA DEGLI ABRUZZI,,VIA DUCA DEGLI ABRUZZI,Sant'Angelo Le Fratte,Basilicata,076079,savoiaaosta_luigiamedeo,Luigi Amedeo di Savoia-Aosta,Duca degli Abruzzi,100.0,exact_alias,duca degli abruzzi,accepted_auto,Luigi Amedeo di Savoia-Aosta;Duca degli Abruzzi,economic_and_colonization,Somalia,1919-1933,"Prince, explorer and founder of the large agricultural settlement and company at Villaggio Duca degli Abruzzi in Italian Somalia.",https://www.treccani.it/enciclopedia/savoia-aosta-luigi-amedeo-giuseppe-maria-ferdinando-francesco-di-duca-degli-abruzzi_%28Dizionario-Biografico%29/,,False,verified_manual,24938
432607,I305,076080,VIA FRANCESCO CRISPI,,VIA FRANCESCO CRISPI,Sant'Arcangelo,Basilicata,076080,crispi_francesco,Francesco Crispi,Francesco Crispi,100.0,exact_canonical,francesco crispi,accepted_auto,Francesco Crispi,political_and_administration,Eritrea;Ethiopia;Somalia,1887-1896,Prime minister and a principal political promoter of Italian colonial expansion in the Horn of Africa; his policy culminated in the war ending at Adwa.,https://www.treccani.it/enciclopedia/francesco-crispi/,,False,verified_manual,24938
328529,L418,077028,LARGO FRANCESCO CRISPI,,LARGO FRANCESCO CRISPI,Tricarico,Basilicata,077028,crispi_francesco,Francesco Crispi,Francesco Crispi,100.0,exact_canonical,francesco crispi,accepted_auto,Francesco Crispi,political_and_administration,Eritrea;Ethiopia;Somalia,1887-1896,Prime minister and a principal political promoter of Italian colonial expansion in the Horn of Africa; his policy culminated in the war ending at Adwa.,https://www.treccani.it/enciclopedia/francesco-crispi/,,False,verified_manual,24938
341344,L477,077029,VIA DUCA DEGLI ABRUZZI,,VIA DUCA DEGLI ABRUZZI,Tursi,Basilicata,077029,savoiaaosta_luigiamedeo,Luigi Amedeo di Savoia-Aosta,Duca degli Abruzzi,100.0,exact_alias,duca degli abruzzi,accepted_auto,Luigi Amedeo di Savoia-Aosta;Duca degli Abruzzi,economic_and_colonization,Somalia,1919-1933,"Prince, explorer and founder of the large agricultural settlement and company at Villaggio Duca degli Abruzzi in Italian Somalia.",https://www.treccani.it/enciclopedia/savoia-aosta-luigi-amedeo-giuseppe-maria-ferdinando-francesco-di-duca-degli-abruzzi_%28Dizionario-Biografico%29/,,False,verified_manual,24938
341459,L477,077029,VIA TOSELLI,,VIA TOSELLI,Tursi,Basilicata,077029,toselli_pietro,Pietro Toselli,Toselli,100.0,exact_surname,toselli,needs_review,Pietro Toselli;Toselli;Maggiore Toselli,military,Eritrea;Ethiopia,1890s,Italian officer in the colonial campaigns in the Horn of Africa; killed at Amba Alagi in 1895.,https://www.tandfonline.com/doi/full/10.1080/1369801X.2023.2222710,,True,verified,24938
504319,L738,076095,PIAZZA GENERALE LUIGI FRUSCI,,PIAZZA GENERALE LUIGI FRUSCI,Venosa,Basilicata,076095,frusci_luigi,Luigi Frusci,Luigi Frusci,100.0,exact_canonical,generale luigi frusci,accepted_auto,Luigi Frusci,military_and_administration,Ethiopia,1930s-1941,Senior commander in the Ethiopian war and colonial military administrator in Italian East Africa.,https://it.wikipedia.org/wiki/Luigi_Frusci,,False,verified_manual,24938
1079039,A160,078006,VIA DUCA DEGLI ABRUZZI,,VIA DUCA DEGLI ABRUZZI,Albidona,Calabria,078006,savoiaaosta_luigiamedeo,Luigi Amedeo di Savoia-Aosta,Duca degli Abruzzi,100.0,exact_alias,duca degli abruzzi,accepted_auto,Luigi Amedeo di Savoia-Aosta;Duca degli Abruzzi,economic_and_colonization,Somalia,1919-1933,"Prince, explorer and founder of the large agricultural settlement and company at Villaggio Duca degli Abruzzi in Italian Somalia.",https://www.treccani.it/enciclopedia/savoia-aosta-luigi-amedeo-giuseppe-maria-ferdinando-francesco-di-duca-degli-abruzzi_%28Dizionario-Biografico%29/,,False,verified_manual,71094
1130701,A255,079003,VIA FRANCESCO CRISPI,,VIA FRANCESCO CRISPI,Amaroni,Calabria,079003,crispi_francesco,Francesco Crispi,Francesco Crispi,100.0,exact_canonical,francesco crispi,accepted_auto,Francesco Crispi,political_and_administration,Eritrea;Ethiopia;Somalia,1887-1896,Prime minister and a principal political promoter of Italian colonial expansion in the Horn of Africa; his policy culminated in the war ending at Adwa.,https://www.treccani.it/enciclopedia/francesco-crispi/,,False,verified_manual,71094
1196291,A303,080003,VIA PIETRO TOSELLI,,VIA PIETRO TOSELLI,Anoia,Calabria,080003,toselli_pietro,Pietro Toselli,Pietro Toselli,100.0,exact_canonical,pietro toselli,accepted_auto,Pietro Toselli;Toselli;Maggiore Toselli,military,Eritrea;Ethiopia,1890s,Italian officer in the colonial campaigns in the Horn of Africa; killed at Amba Alagi in 1895.,https://www.tandfonline.com/doi/full/10.1080/1369801X.2023.2222710,,True,verified,71094
1097375,A385,080005,VIA GALLIANO,,VIA GALLIANO,Ardore,Calabria,080005,galliano_giuseppe,Giuseppe Galliano,Galliano,100.0,exact_surname,galliano,needs_review,Giuseppe Galliano;Galliano,military,Eritrea;Ethiopia,1880s-1890s,Italian officer active in the colonial campaigns in Eritrea and Ethiopia.,https://www.lastampa.it/torino/2023/03/22/news/nomi_vie_piazze_colonialismo-12713667/,,True,verified,71094
1097494,A385,080005,VIA TOSELLI,,VIA TOSELLI,Ardore,Calabria,080005,toselli_pietro,Pietro Toselli,Toselli,100.0,exact_surname,toselli,needs_review,Pietro Toselli;Toselli;Maggiore Toselli,military,Eritrea;Ethiopia,1890s,Italian officer in the colonial campaigns in the Horn of Africa; killed at Amba Alagi in 1895.,https://www.tandfonline.com/doi/full/10.1080/1369801X.2023.2222710,,True,verified,71094
833487,A542,079008,VIA DUCA DEGLI ABRUZZI,,VIA DUCA DEGLI ABRUZZI,Badolato,Calabria,079008,savoiaaosta_luigiamedeo,Luigi Amedeo di Savoia-Aosta,Duca degli Abruzzi,100.0,exact_alias,duca degli abruzzi,accepted_auto,Luigi Amedeo di Savoia-Aosta;Duca degli Abruzzi,economic_and_colonization,Somalia,1919-1933,"Prince, explorer and founder of the large agricultural settlement and company at Villaggio Duca degli Abruzzi in Italian Somalia.",https://www.treccani.it/enciclopedia/savoia-aosta-luigi-amedeo-giuseppe-maria-ferdinando-francesco-di-duca-degli-abruzzi_%28Dizionario-Biografico%29/,,False,verified_manual,71094
1291230,B169,102003,VIA FRANCESCO CRISPI,,VIA FRANCESCO CRISPI,Briatico,Calabria,102003,crispi_francesco,Francesco Crispi,Francesco Crispi,100.0,exact_canonical,francesco crispi,accepted_auto,Francesco Crispi,political_and_administration,Eritrea;Ethiopia;Somalia,1887-1896,Prime minister and a principal political promoter of Italian colonial expansion in the Horn of Africa; his policy culminated in the war ending at Adwa.,https://www.treccani.it/enciclopedia/francesco-crispi/,,False,verified_manual,71094
1181372,B766,080023,VIA FRANCESCO CRISPI,,VIA FRANCESCO CRISPI,Careri,Calabria,080023,crispi_francesco,Francesco Crispi,Francesco Crispi,100.0,exact_canonical,francesco crispi,accepted_auto,Francesco Crispi,political_and_administration,Eritrea;Ethiopia;Somalia,1887-1896,Prime minister and a principal political promoter of Italian colonial expansion in the Horn of Africa; his policy culminated in the war ending at Adwa.,https://www.treccani.it/enciclopedia/francesco-crispi/,,False,verified_manual,71094
1161567,B903,078154,VIA ORAZIO ANTINORI,,VIA ORAZIO ANTINORI,Villapiana,Calabria,078154,antinori_orazio,Orazio Antinori,Orazio Antinori,100.0,exact_canonical,orazio antinori,accepted_auto,Orazio Antinori,exploration_geography,Ethiopia;Eritrea,1870s-1882,Explorer and naturalist whose Ethiopian expeditions and diplomatic role helped establish early Italian political influence in Shoa.,https://www.treccani.it/enciclopedia/orazio-antinori_%28Enciclopedia-Italiana%29/,,False,verified_manual,71094
1100647,C002,078029,VIA FRANCESCO CRISPI,,VIA FRANCESCO CRISPI,Cassano all'Ionio,Calabria,078029,crispi_francesco,Francesco Crispi,Francesco Crispi,100.0,exact_canonical,francesco crispi,accepted_auto,Francesco Crispi,political_and_administration,Eritrea;Ethiopia;Somalia,1887-1896,Prime minister and a principal political promoter of Italian colonial expansion in the Horn of Africa; his policy culminated in the war ending at Adwa.,https://www.treccani.it/enciclopedia/francesco-crispi/,,False,verified_manual,71094
983634,C348,078032,VIA FRANCESCO CRISPI,,VIA FRANCESCO CRISPI,Castroregio,Calabria,078032,crispi_francesco,Francesco Crispi,Francesco Crispi,100.0,exact_canonical,francesco crispi,accepted_auto,Francesco Crispi,political_and_administration,Eritrea;Ethiopia;Somalia,1887-1896,Prime minister and a principal political promoter of Italian colonial expansion in the Horn of Africa; his policy culminated in the war ending at Adwa.,https://www.treccani.it/enciclopedia/francesco-crispi/,,False,verified_manual,71094
1121130,C349,078033,VIA PIETRO TOSELLI,,VIA PIETRO TOSELLI,Castrovillari,Calabria,078033,toselli_pietro,Pietro Toselli,Pietro Toselli,100.0,exact_canonical,pietro toselli,accepted_auto,Pietro Toselli;Toselli;Maggiore Toselli,military,Eritrea;Ethiopia,1890s,Italian officer in the colonial campaigns in the Horn of Africa; killed at Amba Alagi in 1895.,https://www.tandfonline.com/doi/full/10.1080/1369801X.2023.2222710,,True,verified,71094
840144,C352,079023,VIA FRANCESCO CRISPI,,VIA FRANCESCO CRISPI,Catanzaro,Calabria,079023,crispi_francesco,Francesco Crispi,Francesco Crispi,100.0,exact_canonical,francesco crispi,accepted_auto,Francesco Crispi,political_and_administration,Eritrea;Ethiopia;Somalia,1887-1896,Prime minister and a principal political promoter of Italian colonial expansion in the Horn of Africa; his policy culminated in the war ending at Adwa.,https://www.treccani.it/enciclopedia/francesco-crispi/,,False,verified_manual,71094
840177,C352,079023,VIA GASPARE COLOSIMO,,VIA GASPARE COLOSIMO,Catanzaro,Calabria,079023,colosimo_gaspare,Gaspare Colosimo,Gaspare Colosimo,100.0,exact_canonical,gaspare colosimo,accepted_auto,Gaspare Colosimo,political_and_administration,Libya;Eritrea;Somalia,1916-1919,Minister of the Colonies who pursued preservation and economic exploitation of the colonies during the First World War.,https://www.treccani.it/enciclopedia/gaspare-colosimo_%28Dizionario-Biografico%29/,,False,verified_manual,71094
1101234,C489,078036,VIA DUCA DEGLI ABRUZZI,,VIA DUCA DEGLI ABRUZZI,Cerchiara di Calabria,Calabria,078036,savoiaaosta_luigiamedeo,Luigi Amedeo di Savoia-Aosta,Duca degli Abruzzi,100.0,exact_alias,duca degli abruzzi,accepted_auto,Luigi Amedeo di Savoia-Aosta;Duca degli Abruzzi,economic_and_colonization,Somalia,1919-1933,"Prince, explorer and founder of the large agricultural settlement and company at Villaggio Duca degli Abruzzi in Italian Somalia.",https://www.treccani.it/enciclopedia/savoia-aosta-luigi-amedeo-giuseppe-maria-ferdinando-francesco-di-duca-degli-abruzzi_%28Dizionario-Biografico%29/,,False,verified_manual,71094
1137780,C501,101006,VIA FRANCESCO CRISPI,,VIA FRANCESCO CRISPI,Cerenzia,Calabria,101006,crispi_francesco,Francesco Crispi,Francesco Crispi,100.0,exact_canonical,francesco crispi,accepted_auto,Francesco Crispi,political_and_administration,Eritrea;Ethiopia;Somalia,1887-1896,Prime minister and a principal political promoter of Italian colonial expansion in the Horn of Africa; his policy culminated in the war ending at Adwa.,https://www.treccani.it/enciclopedia/francesco-crispi/,,False,verified_manual,71094
1291367,C581,102006,VIA DUCA DEGLI ABRUZZI,,VIA DUCA DEGLI ABRUZZI,Cessaniti,Calabria,102006,savoiaaosta_luigiamedeo,Luigi Amedeo di Savoia-Aosta,Duca degli Abruzzi,100.0,exact_alias,duca degli abruzzi,accepted_auto,Luigi Amedeo di Savoia-Aosta;Duca degli Abruzzi,economic_and_colonization,Somalia,1919-1933,"Prince, explorer and founder of the large agricultural settlement and company at Villaggio Duca degli Abruzzi in Italian Somalia.",https://www.treccani.it/enciclopedia/savoia-aosta-luigi-amedeo-giuseppe-maria-ferdinando-francesco-di-duca-degli-abruzzi_%28Dizionario-Biografico%29/,,False,verified_manual,71094
1291378,C581,102006,VIA FRANCESCO CRISPI,,VIA FRANCESCO CRISPI,Cessaniti,Calabria,102006,crispi_francesco,Francesco Crispi,Francesco Crispi,100.0,exact_canonical,francesco crispi,accepted_auto,Francesco Crispi,political_and_administration,Eritrea;Ethiopia;Somalia,1887-1896,Prime minister and a principal political promoter of Italian colonial expansion in the Horn of Africa; his policy culminated in the war ending at Adwa.,https://www.treccani.it/enciclopedia/francesco-crispi/,,False,verified_manual,71094
755391,C695,080026,VIA FRANCESCO CRISPI,,VIA FRANCESCO CRISPI,Ciminà,Calabria,080026,crispi_francesco,Francesco Crispi,Francesco Crispi,100.0,exact_canonical,francesco crispi,accepted_auto,Francesco Crispi,political_and_administration,Eritrea;Ethiopia;Somalia,1887-1896,Prime minister and a principal political promoter of Italian colonial expansion in the Horn of Africa; his policy culminated in the war ending at Adwa.,https://www.treccani.it/enciclopedia/francesco-crispi/,,False,verified_manual,71094
746129,C725,101007,VIA DUCA DEGLI ABRUZZI,,VIA DUCA DEGLI ABRUZZI,Cirò,Calabria,101007,savoiaaosta_luigiamedeo,Luigi Amedeo di Savoia-Aosta,Duca degli Abruzzi,100.0,exact_alias,duca degli abruzzi,accepted_auto,Luigi Amedeo di Savoia-Aosta;Duca degli Abruzzi,economic_and_colonization,Somalia,1919-1933,"Prince, explorer and founder of the large agricultural settlement and company at Villaggio Duca degli Abruzzi in Italian Somalia.",https://www.treccani.it/enciclopedia/savoia-aosta-luigi-amedeo-giuseppe-maria-ferdinando-francesco-di-duca-degli-abruzzi_%28Dizionario-Biografico%29/,,False,verified_manual,71094
1284906,C726,101008,VIA FRANCESCO CRISPI,,VIA FRANCESCO CRISPI,Cirò Marina,Calabria,101008,crispi_francesco,Francesco Crispi,Francesco Crispi,100.0,exact_canonical,francesco crispi,accepted_auto,Francesco Crispi,political_and_administration,Eritrea;Ethiopia;Somalia,1887-1896,Prime minister and a principal political promoter of Italian colonial expansion in the Horn of Africa; his policy culminated in the war ending at Adwa.,https://www.treccani.it/enciclopedia/francesco-crispi/,,False,verified_manual,71094
1284802,C726,101008,VIA PIETRO BADOGLIO,,VIA PIETRO BADOGLIO,Cirò Marina,Calabria,101008,badoglio_pietro,Pietro Badoglio,Pietro Badoglio,100.0,exact_canonical,pietro badoglio,accepted_auto,Pietro Badoglio;Badoglio;Maresciallo Badoglio,military_and_administration,Libya;Ethiopia,1929-1936,Governor of Libya and later senior commander/high commissioner during the invasion of Ethiopia.,https://www.treccani.it/enciclopedia/pietro-badoglio/,,True,verified,71094
1088547,C763,078041,CORSO DUCA DEGLI ABRUZZI,,CORSO DUCA DEGLI ABRUZZI,Civita,Calabria,078041,savoiaaosta_luigiamedeo,Luigi Amedeo di Savoia-Aosta,Duca degli Abruzzi,100.0,exact_alias,duca degli abruzzi,accepted_auto,Luigi Amedeo di Savoia-Aosta;Duca degli Abruzzi,economic_and_colonization,Somalia,1919-1933,"Prince, explorer and founder of the large agricultural settlement and company at Villaggio Duca degli Abruzzi in Italian Somalia.",https://www.treccani.it/enciclopedia/savoia-aosta-luigi-amedeo-giuseppe-maria-ferdinando-francesco-di-duca-degli-abruzzi_%28Dizionario-Biografico%29/,,False,verified_manual,71094
1001016,D086,078045,PIAZZA FRANCESCO CRISPI,,PIAZZA FRANCESCO CRISPI,Cosenza,Calabria,078045,crispi_francesco,Francesco Crispi,Francesco Crispi,100.0,exact_canonical,francesco crispi,accepted_auto,Francesco Crispi,political_and_administration,Eritrea;Ethiopia;Somalia,1887-1896,Prime minister and a principal political promoter of Italian colonial expansion in the Horn of Africa; his policy culminated in the war ending at Adwa.,https://www.treccani.it/enciclopedia/francesco-crispi/,,False,verified_manual,71094
1001064,D086,078045,VIA GIUSEPPE GALLIANO,,VIA GIUSEPPE GALLIANO,Cosenza,Calabria,078045,galliano_giuseppe,Giuseppe Galliano,Giuseppe Galliano,100.0,exact_canonical,giuseppe galliano,accepted_auto,Giuseppe Galliano;Galliano,military,Eritrea;Ethiopia,1880s-1890s,Italian officer active in the colonial campaigns in Eritrea and Ethiopia.,https://www.lastampa.it/torino/2023/03/22/news/nomi_vie_piazze_colonialismo-12713667/,,True,verified,71094
1129764,D189,101011,VIA PIETRO TOSELLI,,VIA PIETRO TOSELLI,Crucoli,Calabria,101011,toselli_pietro,Pietro Toselli,Pietro Toselli,100.0,exact_canonical,pietro toselli,accepted_auto,Pietro Toselli;Toselli;Maggiore Toselli,military,Eritrea;Ethiopia,1890s,Italian officer in the colonial campaigns in the Horn of Africa; killed at Amba Alagi in 1895.,https://www.tandfonline.com/doi/full/10.1080/1369801X.2023.2222710,,True,verified,71094
1022638,D289,078048,VIA FRANCESCO CRISPI,,VIA FRANCESCO CRISPI,Diamante,Calabria,078048,crispi_francesco,Francesco Crispi,Francesco Crispi,100.0,exact_canonical,francesco crispi,accepted_auto,Francesco Crispi,political_and_administration,Eritrea;Ethiopia;Somalia,1887-1896,Prime minister and a principal political promoter of Italian colonial expansion in the Horn of Africa; his policy culminated in the war ending at Adwa.,https://www.treccani.it/enciclopedia/francesco-crispi/,,False,verified_manual,71094
1137988,D476,079047,VIA REGINALDO GIULIANI,,VIA REGINALDO GIULIANI,Falerna,Calabria,079047,giuliani_reginaldo,Reginaldo Giuliani,Reginaldo Giuliani,100.0,exact_canonical,reginaldo giuliani,accepted_auto,Reginaldo Giuliani;Giuliani;Padre Reginaldo Giuliani,military_and_religious,Ethiopia,1935-1936,Dominican friar and volunteer military chaplain associated with the war against Ethiopia.,https://www.tandfonline.com/doi/full/10.1080/1369801X.2023.2222710,,False,verified,71094
834751,D546,079096,VIA MAGGIORE TOSELLI,,VIA MAGGIORE TOSELLI,Pianopoli,Calabria,079096,toselli_pietro,Pietro Toselli,Toselli,100.0,exact_surname,maggiore toselli,needs_review,Pietro Toselli;Toselli;Maggiore Toselli,military,Eritrea;Ethiopia,1890s,Italian officer in the colonial campaigns in the Horn of Africa; killed at Amba Alagi in 1895.,https://www.tandfonline.com/doi/full/10.1080/1369801X.2023.2222710,,True,verified,71094
777803,D557,080033,VIA ITALO BALBO,,VIA ITALO BALBO,Ferruzzano,Calabria,080033,balbo_italo,Italo Balbo,Italo Balbo,100.0,exact_canonical,italo balbo,accepted_auto,Italo Balbo;Balbo,political_and_administration,Libya,1934-1940,Governor-General of Italian Libya from 1934 to 1940.,https://www.treccani.it/enciclopedia/italo-balbo/,,True,verified,71094
1053534,D614,078054,VIA FRANCESCO CRISPI,,VIA FRANCESCO CRISPI,Firmo,Calabria,078054,crispi_francesco,Francesco Crispi,Francesco Crispi,100.0,exact_canonical,francesco crispi,accepted_auto,Francesco Crispi,political_and_administration,Eritrea;Ethiopia;Somalia,1887-1896,Prime minister and a principal political promoter of Italian colonial expansion in the Horn of Africa; his policy culminated in the war ending at Adwa.,https://www.treccani.it/enciclopedia/francesco-crispi/,,False,verified_manual,71094
993401,D619,080034,VIA FRANCESCO CRISPI,,VIA FRANCESCO CRISPI,Fiumara,Calabria,080034,crispi_francesco,Francesco Crispi,Francesco Crispi,100.0,exact_canonical,francesco crispi,accepted_auto,Francesco Crispi,political_and_administration,Eritrea;Ethiopia;Somalia,1887-1896,Prime minister and a principal political promoter of Italian colonial expansion in the Horn of Africa; his policy culminated in the war ending at Adwa.,https://www.treccani.it/enciclopedia/francesco-crispi/,,False,verified_manual,71094
1291956,D767,102015,VIA FRANCESCO CRISPI,,VIA FRANCESCO CRISPI,Francica,Calabria,102015,crispi_francesco,Francesco Crispi,Francesco Crispi,100.0,exact_canonical,francesco crispi,accepted_auto,Francesco Crispi,political_and_administration,Eritrea;Ethiopia;Somalia,1887-1896,Prime minister and a principal political promoter of Italian colonial expansion in the Horn of Africa; his policy culminated in the war ending at Adwa.,https://www.treccani.it/enciclopedia/francesco-crispi/,,False,verified_manual,71094
1015093,E031,079058,VIA FRANCESCO CRISPI,,VIA FRANCESCO CRISPI,Gimigliano,Calabria,079058,crispi_francesco,Francesco Crispi,Francesco Crispi,100.0,exact_canonical,francesco crispi,accepted_auto,Francesco Crispi,political_and_administration,Eritrea;Ethiopia;Somalia,1887-1896,Prime minister and a principal political promoter of Italian colonial expansion in the Horn of Africa; his policy culminated in the war ending at Adwa.,https://www.treccani.it/enciclopedia/francesco-crispi/,,False,verified_manual,71094
1185407,E041,080038,VIA FRANCESCO CRISPI,,VIA FRANCESCO CRISPI,Gioia Tauro,Calabria,080038,crispi_francesco,Francesco Crispi,Francesco Crispi,100.0,exact_canonical,francesco crispi,accepted_auto,Francesco Crispi,political_and_administration,Eritrea;Ethiopia;Somalia,1887-1896,Prime minister and a principal political promoter of Italian colonial expansion in the Horn of Africa; his policy culminated in the war ending at Adwa.,https://www.treccani.it/enciclopedia/francesco-crispi/,,False,verified_manual,71094
1277320,E321,102017,VIA PIETRO TOSELLI,,VIA PIETRO TOSELLI,Jonadi,Calabria,102017,toselli_pietro,Pietro Toselli,Pietro Toselli,100.0,exact_canonical,pietro toselli,accepted_auto,Pietro Toselli;Toselli;Maggiore Toselli,military,Eritrea;Ethiopia,1890s,Italian officer in the colonial campaigns in the Horn of Africa; killed at Amba Alagi in 1895.,https://www.tandfonline.com/doi/full/10.1080/1369801X.2023.2222710,,True,verified,71094
1334711,E339,101013,VIA FRANCESCO CRISPI,,VIA FRANCESCO CRISPI,Isola di Capo Rizzuto,Calabria,101013,crispi_francesco,Francesco Crispi,Francesco Crispi,100.0,exact_canonical,francesco crispi,accepted_auto,Francesco Crispi,political_and_administration,Eritrea;Ethiopia;Somalia,1887-1896,Prime minister and a principal political promoter of Italian colonial expansion in the Horn of Africa; his policy culminated in the war ending at Adwa.,https://www.treccani.it/enciclopedia/francesco-crispi/,,False,verified_manual,71094
1285863,E339,101013,VIA GALLIANO,,VIA GALLIANO,Isola di Capo Rizzuto,Calabria,101013,galliano_giuseppe,Giuseppe Galliano,Galliano,100.0,exact_surname,galliano,needs_review,Giuseppe Galliano;Galliano,military,Eritrea;Ethiopia,1880s-1890s,Italian officer active in the colonial campaigns in Eritrea and Ethiopia.,https://www.lastampa.it/torino/2023/03/22/news/nomi_vie_piazze_colonialismo-12713667/,,True,verified,71094
1334791,E339,101013,VIA PIETRO TOSELLI,,VIA PIETRO TOSELLI,Isola di Capo Rizzuto,Calabria,101013,toselli_pietro,Pietro Toselli,Pietro Toselli,100.0,exact_canonical,pietro toselli,accepted_auto,Pietro Toselli;Toselli;Maggiore Toselli,military,Eritrea;Ethiopia,1890s,Italian officer in the colonial campaigns in the Horn of Africa; killed at Amba Alagi in 1895.,https://www.tandfonline.com/doi/full/10.1080/1369801X.2023.2222710,,True,verified,71094
851635,E479,080042,VIA GALLIANO,,VIA GALLIANO,Laureana di Borrello,Calabria,080042,galliano_giuseppe,Giuseppe Galliano,Galliano,100.0,exact_surname,galliano,needs_review,Giuseppe Galliano;Galliano,military,Eritrea;Ethiopia,1880s-1890s,Italian officer active in the colonial campaigns in Eritrea and Ethiopia.,https://www.lastampa.it/torino/2023/03/22/news/nomi_vie_piazze_colonialismo-12713667/,,True,verified,71094
851803,E479,080042,VIA TOSELLI,,VIA TOSELLI,Laureana di Borrello,Calabria,080042,toselli_pietro,Pietro Toselli,Toselli,100.0,exact_surname,toselli,needs_review,Pietro Toselli;Toselli;Maggiore Toselli,military,Eritrea;Ethiopia,1890s,Italian officer in the colonial campaigns in the Horn of Africa; killed at Amba Alagi in 1895.,https://www.tandfonline.com/doi/full/10.1080/1369801X.2023.2222710,,True,verified,71094
1150052,E956,080045,VIA DUCA DEGLI ABRUZZI,,VIA DUCA DEGLI ABRUZZI,Marina di Gioiosa Ionica,Calabria,080045,savoiaaosta_luigiamedeo,Luigi Amedeo di Savoia-Aosta,Duca degli Abruzzi,100.0,exact_alias,duca degli abruzzi,accepted_auto,Luigi Amedeo di Savoia-Aosta;Duca degli Abruzzi,economic_and_colonization,Somalia,1919-1933,"Prince, explorer and founder of the large agricultural settlement and company at Villaggio Duca degli Abruzzi in Italian Somalia.",https://www.treccani.it/enciclopedia/savoia-aosta-luigi-amedeo-giuseppe-maria-ferdinando-francesco-di-duca-degli-abruzzi_%28Dizionario-Biografico%29/,,False,verified_manual,71094
1150058,E956,080045,VIA FRANCESCO CRISPI,,VIA FRANCESCO CRISPI,Marina di Gioiosa Ionica,Calabria,080045,crispi_francesco,Francesco Crispi,Francesco Crispi,100.0,exact_canonical,francesco crispi,accepted_auto,Francesco Crispi,political_and_administration,Eritrea;Ethiopia;Somalia,1887-1896,Prime minister and a principal political promoter of Italian colonial expansion in the Horn of Africa; his policy culminated in the war ending at Adwa.,https://www.treccani.it/enciclopedia/francesco-crispi/,,False,verified_manual,71094
1150116,E956,080045,VIA PIETRO TOSELLI,,VIA PIETRO TOSELLI,Marina di Gioiosa Ionica,Calabria,080045,toselli_pietro,Pietro Toselli,Pietro Toselli,100.0,exact_canonical,pietro toselli,accepted_auto,Pietro Toselli;Toselli;Maggiore Toselli,military,Eritrea;Ethiopia,1890s,Italian officer in the colonial campaigns in the Horn of Africa; killed at Amba Alagi in 1895.,https://www.tandfonline.com/doi/full/10.1080/1369801X.2023.2222710,,True,verified,71094
958731,E991,079074,VIA GASPARE COLOSIMO,,VIA GASPARE COLOSIMO,Martirano Lombardo,Calabria,079074,colosimo_gaspare,Gaspare Colosimo,Gaspare Colosimo,100.0,exact_canonical,gaspare colosimo,accepted_auto,Gaspare Colosimo,political_and_administration,Libya;Eritrea;Somalia,1916-1919,Minister of the Colonies who pursued preservation and economic exploitation of the colonies during the First World War.,https://www.treccani.it/enciclopedia/gaspare-colosimo_%28Dizionario-Biografico%29/,,False,verified_manual,71094
1232072,F207,102021,VIA FRANCESCO CRISPI,,VIA FRANCESCO CRISPI,Mileto,Calabria,102021,crispi_francesco,Francesco Crispi,Francesco Crispi,100.0,exact_canonical,francesco crispi,accepted_auto,Francesco Crispi,political_and_administration,Eritrea;Ethiopia;Somalia,1887-1896,Prime minister and a principal political promoter of Italian colonial expansion in the Horn of Africa; his policy culminated in the war ending at Adwa.,https://www.treccani.it/enciclopedia/francesco-crispi/,,False,verified_manual,71094
203454,F301,080051,VIA REGINALDO GIULIANI,,VIA REGINALDO GIULIANI,Molochio,Calabria,080051,giuliani_reginaldo,Reginaldo Giuliani,Reginaldo Giuliani,100.0,exact_canonical,reginaldo giuliani,accepted_auto,Reginaldo Giuliani;Giuliani;Padre Reginaldo Giuliani,military_and_religious,Ethiopia,1935-1936,Dominican friar and volunteer military chaplain associated with the war against Ethiopia.,https://www.tandfonline.com/doi/full/10.1080/1369801X.2023.2222710,,False,verified,71094
675657,F416,078081,VIA FRANCESCO CRISPI,,VIA FRANCESCO CRISPI,Montalto Uffugo,Calabria,078081,crispi_francesco,Francesco Crispi,Francesco Crispi,100.0,exact_canonical,francesco crispi,accepted_auto,Francesco Crispi,political_and_administration,Eritrea;Ethiopia;Somalia,1887-1896,Prime minister and a principal political promoter of Italian colonial expansion in the Horn of Africa; his policy culminated in the war ending at Adwa.,https://www.treccani.it/enciclopedia/francesco-crispi/,,False,verified_manual,71094
1071888,F519,078082,VIA DUCA DEGLI ABRUZZI,,VIA DUCA DEGLI ABRUZZI,Montegiordano,Calabria,078082,savoiaaosta_luigiamedeo,Luigi Amedeo di Savoia-Aosta,Duca degli Abruzzi,100.0,exact_alias,duca degli abruzzi,accepted_auto,Luigi Amedeo di Savoia-Aosta;Duca degli Abruzzi,economic_and_colonization,Somalia,1919-1933,"Prince, explorer and founder of the large agricultural settlement and company at Villaggio Duca degli Abruzzi in Italian Somalia.",https://www.treccani.it/enciclopedia/savoia-aosta-luigi-amedeo-giuseppe-maria-ferdinando-francesco-di-duca-degli-abruzzi_%28Dizionario-Biografico%29/,,False,verified_manual,71094
1071900,F519,078082,VIA FRANCESCO CRISPI,,VIA FRANCESCO CRISPI,Montegiordano,Calabria,078082,crispi_francesco,Francesco Crispi,Francesco Crispi,100.0,exact_canonical,francesco crispi,accepted_auto,Francesco Crispi,political_and_administration,Eritrea;Ethiopia;Somalia,1887-1896,Prime minister and a principal political promoter of Italian colonial expansion in the Horn of Africa; his policy culminated in the war ending at Adwa.,https://www.treccani.it/enciclopedia/francesco-crispi/,,False,verified_manual,71094
215343,F586,079081,VIA ITALO BALBO,,VIA ITALO BALBO,Montepaone,Calabria,079081,balbo_italo,Italo Balbo,Italo Balbo,100.0,exact_canonical,italo balbo,accepted_auto,Italo Balbo;Balbo,political_and_administration,Libya,1934-1940,Governor-General of Italian Libya from 1934 to 1940.,https://www.treccani.it/enciclopedia/italo-balbo/,,True,verified,71094
1138772,G034,079088,VIA DUCA DEGLI ABRUZZI,,VIA DUCA DEGLI ABRUZZI,Olivadi,Calabria,079088,savoiaaosta_luigiamedeo,Luigi Amedeo di Savoia-Aosta,Duca degli Abruzzi,100.0,exact_alias,duca degli abruzzi,accepted_auto,Luigi Amedeo di Savoia-Aosta;Duca degli Abruzzi,economic_and_colonization,Somalia,1919-1933,"Prince, explorer and founder of the large agricultural settlement and company at Villaggio Duca degli Abruzzi in Italian Somalia.",https://www.treccani.it/enciclopedia/savoia-aosta-luigi-amedeo-giuseppe-maria-ferdinando-francesco-di-duca-degli-abruzzi_%28Dizionario-Biografico%29/,,False,verified_manual,71094
1138774,G034,079088,VIA GIUSEPPE GALLIANO,,VIA GIUSEPPE GALLIANO,Olivadi,Calabria,079088,galliano_giuseppe,Giuseppe Galliano,Giuseppe Galliano,100.0,exact_canonical,giuseppe galliano,accepted_auto,Giuseppe Galliano;Galliano,military,Eritrea;Ethiopia,1880s-1890s,Italian officer active in the colonial campaigns in Eritrea and Ethiopia.,https://www.lastampa.it/torino/2023/03/22/news/nomi_vie_piazze_colonialismo-12713667/,,True,verified,71094
1138796,G034,079088,VIA PIETRO TOSELLI,,VIA PIETRO TOSELLI,Olivadi,Calabria,079088,toselli_pietro,Pietro Toselli,Pietro Toselli,100.0,exact_canonical,pietro toselli,accepted_auto,Pietro Toselli;Toselli;Maggiore Toselli,military,Eritrea;Ethiopia,1890s,Italian officer in the colonial campaigns in the Horn of Africa; killed at Amba Alagi in 1895.,https://www.tandfonline.com/doi/full/10.1080/1369801X.2023.2222710,,True,verified,71094
769023,G082,080055,VIA DUCA DEGLI ABRUZZI,,VIA DUCA DEGLI ABRUZZI,Oppido Mamertina,Calabria,080055,savoiaaosta_luigiamedeo,Luigi Amedeo di Savoia-Aosta,Duca degli Abruzzi,100.0,exact_alias,duca degli abruzzi,accepted_auto,Luigi Amedeo di Savoia-Aosta;Duca degli Abruzzi,economic_and_colonization,Somalia,1919-1933,"Prince, explorer and founder of the large agricultural settlement and company at Villaggio Duca degli Abruzzi in Italian Somalia.",https://www.treccani.it/enciclopedia/savoia-aosta-luigi-amedeo-giuseppe-maria-ferdinando-francesco-di-duca-degli-abruzzi_%28Dizionario-Biografico%29/,,False,verified_manual,71094
769039,G082,080055,VIA FRANCESCO CRISPI,,VIA FRANCESCO CRISPI,Oppido Mamertina,Calabria,080055,crispi_francesco,Francesco Crispi,Francesco Crispi,100.0,exact_canonical,francesco crispi,accepted_auto,Francesco Crispi,political_and_administration,Eritrea;Ethiopia;Somalia,1887-1896,Prime minister and a principal political promoter of Italian colonial expansion in the Horn of Africa; his policy culminated in the war ending at Adwa.,https://www.treccani.it/enciclopedia/francesco-crispi/,,False,verified_manual,71094
769052,G082,080055,VIA GALLIANO,,VIA GALLIANO,Oppido Mamertina,Calabria,080055,galliano_giuseppe,Giuseppe Galliano,Galliano,100.0,exact_surname,galliano,needs_review,Giuseppe Galliano;Galliano,military,Eritrea;Ethiopia,1880s-1890s,Italian officer active in the colonial campaigns in Eritrea and Ethiopia.,https://www.lastampa.it/torino/2023/03/22/news/nomi_vie_piazze_colonialismo-12713667/,,True,verified,71094
1153899,G277,080056,VIA DUCA DEGLI ABRUZZI,,VIA DUCA DEGLI ABRUZZI,Palizzi,Calabria,080056,savoiaaosta_luigiamedeo,Luigi Amedeo di Savoia-Aosta,Duca degli Abruzzi,100.0,exact_alias,duca degli abruzzi,accepted_auto,Luigi Amedeo di Savoia-Aosta;Duca degli Abruzzi,economic_and_colonization,Somalia,1919-1933,"Prince, explorer and founder of the large agricultural settlement and company at Villaggio Duca degli Abruzzi in Italian Somalia.",https://www.treccani.it/enciclopedia/savoia-aosta-luigi-amedeo-giuseppe-maria-ferdinando-francesco-di-duca-degli-abruzzi_%28Dizionario-Biografico%29/,,False,verified_manual,71094
1218169,G278,101016,VIA FRANCESCO CRISPI,,VIA FRANCESCO CRISPI,Pallagorio,Calabria,101016,crispi_francesco,Francesco Crispi,Francesco Crispi,100.0,exact_canonical,francesco crispi,accepted_auto,Francesco Crispi,political_and_administration,Eritrea;Ethiopia;Somalia,1887-1896,Prime minister and a principal political promoter of Italian colonial expansion in the Horn of Africa; his policy culminated in the war ending at Adwa.,https://www.treccani.it/enciclopedia/francesco-crispi/,,False,verified_manual,71094
719887,G288,080057,VIA FRANCESCO CRISPI,,VIA FRANCESCO CRISPI,Palmi,Calabria,080057,crispi_francesco,Francesco Crispi,Francesco Crispi,100.0,exact_canonical,francesco crispi,accepted_auto,Francesco Crispi,political_and_administration,Eritrea;Ethiopia;Somalia,1887-1896,Prime minister and a principal political promoter of Italian colonial expansion in the Horn of Africa; his policy culminated in the war ending at Adwa.,https://www.treccani.it/enciclopedia/francesco-crispi/,,False,verified_manual,71094
720182,G288,080057,VIA TOSELLI,,VIA TOSELLI,Palmi,Calabria,080057,toselli_pietro,Pietro Toselli,Toselli,100.0,exact_surname,toselli,needs_review,Pietro Toselli;Toselli;Maggiore Toselli,military,Eritrea;Ethiopia,1890s,Italian officer in the colonial campaigns in the Horn of Africa; killed at Amba Alagi in 1895.,https://www.tandfonline.com/doi/full/10.1080/1369801X.2023.2222710,,True,verified,71094
1080910,G298,078089,VIA DUCA DEGLI ABRUZZI,,VIA DUCA DEGLI ABRUZZI,Paludi,Calabria,078089,savoiaaosta_luigiamedeo,Luigi Amedeo di Savoia-Aosta,Duca degli Abruzzi,100.0,exact_alias,duca degli abruzzi,accepted_auto,Luigi Amedeo di Savoia-Aosta;Duca degli Abruzzi,economic_and_colonization,Somalia,1919-1933,"Prince, explorer and founder of the large agricultural settlement and company at Villaggio Duca degli Abruzzi in Italian Somalia.",https://www.treccani.it/enciclopedia/savoia-aosta-luigi-amedeo-giuseppe-maria-ferdinando-francesco-di-duca-degli-abruzzi_%28Dizionario-Biografico%29/,,False,verified_manual,71094
572151,G411,078096,VIA DUCA DEGLI ABRUZZI,,VIA DUCA DEGLI ABRUZZI,Pedivigliano,Calabria,078096,savoiaaosta_luigiamedeo,Luigi Amedeo di Savoia-Aosta,Duca degli Abruzzi,100.0,exact_alias,duca degli abruzzi,accepted_auto,Luigi Amedeo di Savoia-Aosta;Duca degli Abruzzi,economic_and_colonization,Somalia,1919-1933,"Prince, explorer and founder of the large agricultural settlement and company at Villaggio Duca degli Abruzzi in Italian Somalia.",https://www.treccani.it/enciclopedia/savoia-aosta-luigi-amedeo-giuseppe-maria-ferdinando-francesco-di-duca-degli-abruzzi_%28Dizionario-Biografico%29/,,False,verified_manual,71094
1160077,G728,102028,VIA FRANCESCO CRISPI,,VIA FRANCESCO CRISPI,Pizzoni,Calabria,102028,crispi_francesco,Francesco Crispi,Francesco Crispi,100.0,exact_canonical,francesco crispi,accepted_auto,Francesco Crispi,political_and_administration,Eritrea;Ethiopia;Somalia,1887-1896,Prime minister and a principal political promoter of Italian colonial expansion in the Horn of Africa; his policy culminated in the war ending at Adwa.,https://www.treccani.it/enciclopedia/francesco-crispi/,,False,verified_manual,71094
1055945,G975,078101,VIA FRANCESCO CRISPI,,VIA FRANCESCO CRISPI,Praia a Mare,Calabria,078101,crispi_francesco,Francesco Crispi,Francesco Crispi,100.0,exact_canonical,francesco crispi,accepted_auto,Francesco Crispi,political_and_administration,Eritrea;Ethiopia;Somalia,1887-1896,Prime minister and a principal political promoter of Italian colonial expansion in the Horn of Africa; his policy culminated in the war ending at Adwa.,https://www.treccani.it/enciclopedia/francesco-crispi/,,False,verified_manual,71094
1271379,H224,080063,PIAZZA ITALO BALBO,,PIAZZA ITALO BALBO,Reggio di Calabria,Calabria,080063,balbo_italo,Italo Balbo,Italo Balbo,100.0,exact_canonical,italo balbo,accepted_auto,Italo Balbo;Balbo,political_and_administration,Libya,1934-1940,Governor-General of Italian Libya from 1934 to 1940.,https://www.treccani.it/enciclopedia/italo-balbo/,,True,verified,71094
1081270,H235,078102,VIA DUCA DEGLI ABRUZZI,,VIA DUCA DEGLI ABRUZZI,Rende,Calabria,078102,savoiaaosta_luigiamedeo,Luigi Amedeo di Savoia-Aosta,Duca degli Abruzzi,100.0,exact_alias,duca degli abruzzi,accepted_auto,Luigi Amedeo di Savoia-Aosta;Duca degli Abruzzi,economic_and_colonization,Somalia,1919-1933,"Prince, explorer and founder of the large agricultural settlement and company at Villaggio Duca degli Abruzzi in Italian Somalia.",https://www.treccani.it/enciclopedia/savoia-aosta-luigi-amedeo-giuseppe-maria-ferdinando-francesco-di-duca-degli-abruzzi_%28Dizionario-Biografico%29/,,False,verified_manual,71094
1081334,H235,078102,VIA VITTORIO BOTTEGO,,VIA VITTORIO BOTTEGO,Rende,Calabria,078102,bottego_vittorio,Vittorio Bottego,Vittorio Bottego,100.0,exact_canonical,vittorio bottego,accepted_auto,Vittorio Bottego,exploration_geography,Somalia;Ethiopia;Eritrea,1887-1897,Army officer and explorer whose expeditions in the Horn of Africa were closely connected with Italian territorial ambitions in Somalia and Ethiopia.,https://www.treccani.it/enciclopedia/vittorio-bottego_%28Dizionario-Biografico%29/,,False,verified_manual,71094
721116,H359,080065,VIA DUCA DEGLI ABRUZZI,,VIA DUCA DEGLI ABRUZZI,Rizziconi,Calabria,080065,savoiaaosta_luigiamedeo,Luigi Amedeo di Savoia-Aosta,Duca degli Abruzzi,100.0,exact_alias,duca degli abruzzi,accepted_auto,Luigi Amedeo di Savoia-Aosta;Duca degli Abruzzi,economic_and_colonization,Somalia,1919-1933,"Prince, explorer and founder of the large agricultural settlement and company at Villaggio Duca degli Abruzzi in Italian Somalia.",https://www.treccani.it/enciclopedia/savoia-aosta-luigi-amedeo-giuseppe-maria-ferdinando-francesco-di-duca-degli-abruzzi_%28Dizionario-Biografico%29/,,False,verified_manual,71094
258608,H488,078104,VIA DUCA DEGLI ABRUZZI,,VIA DUCA DEGLI ABRUZZI,Roggiano Gravina,Calabria,078104,savoiaaosta_luigiamedeo,Luigi Amedeo di Savoia-Aosta,Duca degli Abruzzi,100.0,exact_alias,duca degli abruzzi,accepted_auto,Luigi Amedeo di Savoia-Aosta;Duca degli Abruzzi,economic_and_colonization,Somalia,1919-1933,"Prince, explorer and founder of the large agricultural settlement and company at Villaggio Duca degli Abruzzi in Italian Somalia.",https://www.treccani.it/enciclopedia/savoia-aosta-luigi-amedeo-giuseppe-maria-ferdinando-francesco-di-duca-degli-abruzzi_%28Dizionario-Biografico%29/,,False,verified_manual,71094
258621,H488,078104,VIA FRANCESCO CRISPI,,VIA FRANCESCO CRISPI,Roggiano Gravina,Calabria,078104,crispi_francesco,Francesco Crispi,Francesco Crispi,100.0,exact_canonical,francesco crispi,accepted_auto,Francesco Crispi,political_and_administration,Eritrea;Ethiopia;Somalia,1887-1896,Prime minister and a principal political promoter of Italian colonial expansion in the Horn of Africa; his policy culminated in the war ending at Adwa.,https://www.treccani.it/enciclopedia/francesco-crispi/,,False,verified_manual,71094
764090,H558,080069,VIA GRAZIANI,,VIA GRAZIANI,Rosarno,Calabria,080069,graziani_rodolfo,Rodolfo Graziani,Graziani,100.0,exact_surname,graziani,needs_review,Rodolfo Graziani;Graziani;Maresciallo Graziani,military_and_administration,Libya;Ethiopia,1920s-1937,Senior colonial commander in Libya and commander in the Italo-Ethiopian war; viceroy of Ethiopia in 1936-1937.,https://www.treccani.it/enciclopedia/rodolfo-graziani/,,True,verified,71094
764304,H558,080069,VIA PIETRO TOSELLI,,VIA PIETRO TOSELLI,Rosarno,Calabria,080069,toselli_pietro,Pietro Toselli,Pietro Toselli,100.0,exact_canonical,pietro toselli,accepted_auto,Pietro Toselli;Toselli;Maggiore Toselli,military,Eritrea;Ethiopia,1890s,Italian officer in the colonial campaigns in the Horn of Africa; killed at Amba Alagi in 1895.,https://www.tandfonline.com/doi/full/10.1080/1369801X.2023.2222710,,True,verified,71094
764063,H558,080069,VICOLO GIUSEPPE GALLIANO,,VICOLO GIUSEPPE GALLIANO,Rosarno,Calabria,080069,galliano_giuseppe,Giuseppe Galliano,Giuseppe Galliano,100.0,exact_canonical,giuseppe galliano,accepted_auto,Giuseppe Galliano;Galliano,military,Eritrea;Ethiopia,1880s-1890s,Italian officer active in the colonial campaigns in Eritrea and Ethiopia.,https://www.lastampa.it/torino/2023/03/22/news/nomi_vie_piazze_colonialismo-12713667/,,True,verified,71094
1100279,H572,078107,VIA GALLIANO,,VIA GALLIANO,Roseto Capo Spulico,Calabria,078107,galliano_giuseppe,Giuseppe Galliano,Galliano,100.0,exact_surname,galliano,needs_review,Giuseppe Galliano;Galliano,military,Eritrea;Ethiopia,1880s-1890s,Italian officer active in the colonial campaigns in Eritrea and Ethiopia.,https://www.lastampa.it/torino/2023/03/22/news/nomi_vie_piazze_colonialismo-12713667/,,True,verified,71094
1100336,H572,078107,VIA TOSELLI,,VIA TOSELLI,Roseto Capo Spulico,Calabria,078107,toselli_pietro,Pietro Toselli,Toselli,100.0,exact_surname,toselli,needs_review,Pietro Toselli;Toselli;Maggiore Toselli,military,Eritrea;Ethiopia,1890s,Italian officer in the colonial campaigns in the Horn of Africa; killed at Amba Alagi in 1895.,https://www.tandfonline.com/doi/full/10.1080/1369801X.2023.2222710,,True,verified,71094
994091,H765,078111,VIA DUCA DEGLI ABRUZZI,,VIA DUCA DEGLI ABRUZZI,San Basile,Calabria,078111,savoiaaosta_luigiamedeo,Luigi Amedeo di Savoia-Aosta,Duca degli Abruzzi,100.0,exact_alias,duca degli abruzzi,accepted_auto,Luigi Amedeo di Savoia-Aosta;Duca degli Abruzzi,economic_and_colonization,Somalia,1919-1933,"Prince, explorer and founder of the large agricultural settlement and company at Villaggio Duca degli Abruzzi in Italian Somalia.",https://www.treccani.it/enciclopedia/savoia-aosta-luigi-amedeo-giuseppe-maria-ferdinando-francesco-di-duca-degli-abruzzi_%28Dizionario-Biografico%29/,,False,verified_manual,71094
994095,H765,078111,VIA FRANCESCO CRISPI,,VIA FRANCESCO CRISPI,San Basile,Calabria,078111,crispi_francesco,Francesco Crispi,Francesco Crispi,100.0,exact_canonical,francesco crispi,accepted_auto,Francesco Crispi,political_and_administration,Eritrea;Ethiopia;Somalia,1887-1896,Prime minister and a principal political promoter of Italian colonial expansion in the Horn of Africa; his policy culminated in the war ending at Adwa.,https://www.treccani.it/enciclopedia/francesco-crispi/,,False,verified_manual,71094
1348067,H774,078112,VIA FRANCESCO CRISPI,,VIA FRANCESCO CRISPI,San Benedetto Ullano,Calabria,078112,crispi_francesco,Francesco Crispi,Francesco Crispi,100.0,exact_canonical,francesco crispi,accepted_auto,Francesco Crispi,political_and_administration,Eritrea;Ethiopia;Somalia,1887-1896,Prime minister and a principal political promoter of Italian colonial expansion in the Horn of Africa; his policy culminated in the war ending at Adwa.,https://www.treccani.it/enciclopedia/francesco-crispi/,,False,verified_manual,71094
1013738,H785,102032,VIA FRANCESCO CRISPI,,VIA FRANCESCO CRISPI,San Calogero,Calabria,102032,crispi_francesco,Francesco Crispi,Francesco Crispi,100.0,exact_canonical,francesco crispi,accepted_auto,Francesco Crispi,political_and_administration,Eritrea;Ethiopia;Somalia,1887-1896,Prime minister and a principal political promoter of Italian colonial expansion in the Horn of Africa; his policy culminated in the war ending at Adwa.,https://www.treccani.it/enciclopedia/francesco-crispi/,,False,verified_manual,71094
1051820,H818,078114,PIAZZA FRANCESCO CRISPI,,PIAZZA FRANCESCO CRISPI,San Demetrio Corone,Calabria,078114,crispi_francesco,Francesco Crispi,Francesco Crispi,100.0,exact_canonical,francesco crispi,accepted_auto,Francesco Crispi,political_and_administration,Eritrea;Ethiopia;Somalia,1887-1896,Prime minister and a principal political promoter of Italian colonial expansion in the Horn of Africa; his policy culminated in the war ending at Adwa.,https://www.treccani.it/enciclopedia/francesco-crispi/,,False,verified_manual,71094
1102276,H919,078119,VIA FRANCESCO CRISPI,,VIA FRANCESCO CRISPI,San Giovanni in Fiore,Calabria,078119,crispi_francesco,Francesco Crispi,Francesco Crispi,100.0,exact_canonical,francesco crispi,accepted_auto,Francesco Crispi,political_and_administration,Eritrea;Ethiopia;Somalia,1887-1896,Prime minister and a principal political promoter of Italian colonial expansion in the Horn of Africa; his policy culminated in the war ending at Adwa.,https://www.treccani.it/enciclopedia/francesco-crispi/,,False,verified_manual,71094
1102514,H919,078119,VIA PIETRO TOSELLI,,VIA PIETRO TOSELLI,San Giovanni in Fiore,Calabria,078119,toselli_pietro,Pietro Toselli,Pietro Toselli,100.0,exact_canonical,pietro toselli,accepted_auto,Pietro Toselli;Toselli;Maggiore Toselli,military,Eritrea;Ethiopia,1890s,Italian officer in the colonial campaigns in the Horn of Africa; killed at Amba Alagi in 1895.,https://www.tandfonline.com/doi/full/10.1080/1369801X.2023.2222710,,True,verified,71094
1102186,H919,078119,VIA VITTORIO BOTTEGO,,VIA VITTORIO BOTTEGO,San Giovanni in Fiore,Calabria,078119,bottego_vittorio,Vittorio Bottego,Vittorio Bottego,100.0,exact_canonical,vittorio bottego,accepted_auto,Vittorio Bottego,exploration_geography,Somalia;Ethiopia;Eritrea,1887-1897,Army officer and explorer whose expeditions in the Horn of Africa were closely connected with Italian territorial ambitions in Somalia and Ethiopia.,https://www.treccani.it/enciclopedia/vittorio-bottego_%28Dizionario-Biografico%29/,,False,verified_manual,71094
1187850,H959,080073,VIA FRANCESCO CRISPI,,VIA FRANCESCO CRISPI,San Lorenzo,Calabria,080073,crispi_francesco,Francesco Crispi,Francesco Crispi,100.0,exact_canonical,francesco crispi,accepted_auto,Francesco Crispi,political_and_administration,Eritrea;Ethiopia;Somalia,1887-1896,Prime minister and a principal political promoter of Italian colonial expansion in the Horn of Africa; his policy culminated in the war ending at Adwa.,https://www.treccani.it/enciclopedia/francesco-crispi/,,False,verified_manual,71094
831050,H961,078120,VIA DUCA DEGLI ABRUZZI,,VIA DUCA DEGLI ABRUZZI,San Lorenzo Bellizzi,Calabria,078120,savoiaaosta_luigiamedeo,Luigi Amedeo di Savoia-Aosta,Duca degli Abruzzi,100.0,exact_alias,duca degli abruzzi,accepted_auto,Luigi Amedeo di Savoia-Aosta;Duca degli Abruzzi,economic_and_colonization,Somalia,1919-1933,"Prince, explorer and founder of the large agricultural settlement and company at Villaggio Duca degli Abruzzi in Italian Somalia.",https://www.treccani.it/enciclopedia/savoia-aosta-luigi-amedeo-giuseppe-maria-ferdinando-francesco-di-duca-degli-abruzzi_%28Dizionario-Biografico%29/,,False,verified_manual,71094
335954,H976,079110,VIA FRANCESCO CRISPI,,VIA FRANCESCO CRISPI,San Mango d'Aquino,Calabria,079110,crispi_francesco,Francesco Crispi,Francesco Crispi,100.0,exact_canonical,francesco crispi,accepted_auto,Francesco Crispi,political_and_administration,Eritrea;Ethiopia;Somalia,1887-1896,Prime minister and a principal political promoter of Italian colonial expansion in the Horn of Africa; his policy culminated in the war ending at Adwa.,https://www.treccani.it/enciclopedia/francesco-crispi/,,False,verified_manual,71094
836289,H981,078123,VIA DUCA DEGLI ABRUZZI,,VIA DUCA DEGLI ABRUZZI,San Marco Argentano,Calabria,078123,savoiaaosta_luigiamedeo,Luigi Amedeo di Savoia-Aosta,Duca degli Abruzzi,100.0,exact_alias,duca degli abruzzi,accepted_auto,Luigi Amedeo di Savoia-Aosta;Duca degli Abruzzi,economic_and_colonization,Somalia,1919-1933,"Prince, explorer and founder of the large agricultural settlement and company at Villaggio Duca degli Abruzzi in Italian Somalia.",https://www.treccani.it/enciclopedia/savoia-aosta-luigi-amedeo-giuseppe-maria-ferdinando-francesco-di-duca-degli-abruzzi_%28Dizionario-Biografico%29/,,False,verified_manual,71094
682487,I132,080076,VIA GALLIANO,,VIA GALLIANO,San Procopio,Calabria,080076,galliano_giuseppe,Giuseppe Galliano,Galliano,100.0,exact_surname,galliano,needs_review,Giuseppe Galliano;Galliano,military,Eritrea;Ethiopia,1880s-1890s,Italian officer active in the colonial campaigns in Eritrea and Ethiopia.,https://www.lastampa.it/torino/2023/03/22/news/nomi_vie_piazze_colonialismo-12713667/,,True,verified,71094
682514,I132,080076,VIA TOSELLI,,VIA TOSELLI,San Procopio,Calabria,080076,toselli_pietro,Pietro Toselli,Toselli,100.0,exact_surname,toselli,needs_review,Pietro Toselli;Toselli;Maggiore Toselli,military,Eritrea;Ethiopia,1890s,Italian officer in the colonial campaigns in the Horn of Africa; killed at Amba Alagi in 1895.,https://www.tandfonline.com/doi/full/10.1080/1369801X.2023.2222710,,True,verified,71094
1102627,I165,078128,VIA DUCA DEGLI ABRUZZI,,VIA DUCA DEGLI ABRUZZI,San Sosti,Calabria,078128,savoiaaosta_luigiamedeo,Luigi Amedeo di Savoia-Aosta,Duca degli Abruzzi,100.0,exact_alias,duca degli abruzzi,accepted_auto,Luigi Amedeo di Savoia-Aosta;Duca degli Abruzzi,economic_and_colonization,Somalia,1919-1933,"Prince, explorer and founder of the large agricultural settlement and company at Villaggio Duca degli Abruzzi in Italian Somalia.",https://www.treccani.it/enciclopedia/savoia-aosta-luigi-amedeo-giuseppe-maria-ferdinando-francesco-di-duca-degli-abruzzi_%28Dizionario-Biografico%29/,,False,verified_manual,71094
1079531,I171,078129,VIA FRANCESCO CRISPI,,VIA FRANCESCO CRISPI,Santa Caterina Albanese,Calabria,078129,crispi_francesco,Francesco Crispi,Francesco Crispi,100.0,exact_canonical,francesco crispi,accepted_auto,Francesco Crispi,political_and_administration,Eritrea;Ethiopia;Somalia,1887-1896,Prime minister and a principal political promoter of Italian colonial expansion in the Horn of Africa; his policy culminated in the war ending at Adwa.,https://www.treccani.it/enciclopedia/francesco-crispi/,,False,verified_manual,71094
1138922,I266,079118,PIAZZA DUCA DEGLI ABRUZZI,,PIAZZA DUCA DEGLI ABRUZZI,Sant'Andrea Apostolo dello Ionio,Calabria,079118,savoiaaosta_luigiamedeo,Luigi Amedeo di Savoia-Aosta,Duca degli Abruzzi,100.0,exact_alias,duca degli abruzzi,accepted_auto,Luigi Amedeo di Savoia-Aosta;Duca degli Abruzzi,economic_and_colonization,Somalia,1919-1933,"Prince, explorer and founder of the large agricultural settlement and company at Villaggio Duca degli Abruzzi in Italian Somalia.",https://www.treccani.it/enciclopedia/savoia-aosta-luigi-amedeo-giuseppe-maria-ferdinando-francesco-di-duca-degli-abruzzi_%28Dizionario-Biografico%29/,,False,verified_manual,71094
1067684,I393,079122,VIA PIETRO TOSELLI,,VIA PIETRO TOSELLI,San Vito sullo Ionio,Calabria,079122,toselli_pietro,Pietro Toselli,Pietro Toselli,100.0,exact_canonical,pietro toselli,accepted_auto,Pietro Toselli;Toselli;Maggiore Toselli,military,Eritrea;Ethiopia,1890s,Italian officer in the colonial campaigns in the Horn of Africa; killed at Amba Alagi in 1895.,https://www.tandfonline.com/doi/full/10.1080/1369801X.2023.2222710,,True,verified,71094
1133152,I468,101023,VIA DUCA DEGLI ABRUZZI,,VIA DUCA DEGLI ABRUZZI,Savelli,Calabria,101023,savoiaaosta_luigiamedeo,Luigi Amedeo di Savoia-Aosta,Duca degli Abruzzi,100.0,exact_alias,duca degli abruzzi,accepted_auto,Luigi Amedeo di Savoia-Aosta;Duca degli Abruzzi,economic_and_colonization,Somalia,1919-1933,"Prince, explorer and founder of the large agricultural settlement and company at Villaggio Duca degli Abruzzi in Italian Somalia.",https://www.treccani.it/enciclopedia/savoia-aosta-luigi-amedeo-giuseppe-maria-ferdinando-francesco-di-duca-degli-abruzzi_%28Dizionario-Biografico%29/,,False,verified_manual,71094
142768,I536,080084,VIA DUCA DEGLI ABRUZZI,,VIA DUCA DEGLI ABRUZZI,Scido,Calabria,080084,savoiaaosta_luigiamedeo,Luigi Amedeo di Savoia-Aosta,Duca degli Abruzzi,100.0,exact_alias,duca degli abruzzi,accepted_auto,Luigi Amedeo di Savoia-Aosta;Duca degli Abruzzi,economic_and_colonization,Somalia,1919-1933,"Prince, explorer and founder of the large agricultural settlement and company at Villaggio Duca degli Abruzzi in Italian Somalia.",https://www.treccani.it/enciclopedia/savoia-aosta-luigi-amedeo-giuseppe-maria-ferdinando-francesco-di-duca-degli-abruzzi_%28Dizionario-Biografico%29/,,False,verified_manual,71094
1149115,I656,080087,VIA GALLIANO,,VIA GALLIANO,Serrata,Calabria,080087,galliano_giuseppe,Giuseppe Galliano,Galliano,100.0,exact_surname,galliano,needs_review,Giuseppe Galliano;Galliano,military,Eritrea;Ethiopia,1880s-1890s,Italian officer active in the colonial campaigns in Eritrea and Ethiopia.,https://www.lastampa.it/torino/2023/03/22/news/nomi_vie_piazze_colonialismo-12713667/,,True,verified,71094
957608,I872,079137,VIA GALLIANO,,VIA GALLIANO,Soverato,Calabria,079137,galliano_giuseppe,Giuseppe Galliano,Galliano,100.0,exact_surname,galliano,needs_review,Giuseppe Galliano;Galliano,military,Eritrea;Ethiopia,1880s-1890s,Italian officer active in the colonial campaigns in Eritrea and Ethiopia.,https://www.lastampa.it/torino/2023/03/22/news/nomi_vie_piazze_colonialismo-12713667/,,True,verified,71094
1085575,I895,078142,VIA FRANCESCO CRISPI,,VIA FRANCESCO CRISPI,Spezzano Albanese,Calabria,078142,crispi_francesco,Francesco Crispi,Francesco Crispi,100.0,exact_canonical,francesco crispi,accepted_auto,Francesco Crispi,political_and_administration,Eritrea;Ethiopia;Somalia,1887-1896,Prime minister and a principal political promoter of Italian colonial expansion in the Horn of Africa; his policy culminated in the war ending at Adwa.,https://www.treccani.it/enciclopedia/francesco-crispi/,,False,verified_manual,71094
1233325,I905,102042,VIA DUCA DEGLI ABRUZZI,,VIA DUCA DEGLI ABRUZZI,Spilinga,Calabria,102042,savoiaaosta_luigiamedeo,Luigi Amedeo di Savoia-Aosta,Duca degli Abruzzi,100.0,exact_alias,duca degli abruzzi,accepted_auto,Luigi Amedeo di Savoia-Aosta;Duca degli Abruzzi,economic_and_colonization,Somalia,1919-1933,"Prince, explorer and founder of the large agricultural settlement and company at Villaggio Duca degli Abruzzi in Italian Somalia.",https://www.treccani.it/enciclopedia/savoia-aosta-luigi-amedeo-giuseppe-maria-ferdinando-francesco-di-duca-degli-abruzzi_%28Dizionario-Biografico%29/,,False,verified_manual,71094
1233350,I905,102042,VIA PIETRO BADOGLIO,,VIA PIETRO BADOGLIO,Spilinga,Calabria,102042,badoglio_pietro,Pietro Badoglio,Pietro Badoglio,100.0,exact_canonical,pietro badoglio,accepted_auto,Pietro Badoglio;Badoglio;Maresciallo Badoglio,military_and_administration,Libya;Ethiopia,1929-1936,Governor of Libya and later senior commander/high commissioner during the invasion of Ethiopia.,https://www.treccani.it/enciclopedia/pietro-badoglio/,,True,verified,71094
1208446,I982,101025,VIA DUCA DEGLI ABRUZZI,,VIA DUCA DEGLI ABRUZZI,Strongoli,Calabria,101025,savoiaaosta_luigiamedeo,Luigi Amedeo di Savoia-Aosta,Duca degli Abruzzi,100.0,exact_alias,duca degli abruzzi,accepted_auto,Luigi Amedeo di Savoia-Aosta;Duca degli Abruzzi,economic_and_colonization,Somalia,1919-1933,"Prince, explorer and founder of the large agricultural settlement and company at Villaggio Duca degli Abruzzi in Italian Somalia.",https://www.treccani.it/enciclopedia/savoia-aosta-luigi-amedeo-giuseppe-maria-ferdinando-francesco-di-duca-degli-abruzzi_%28Dizionario-Biografico%29/,,False,verified_manual,71094
1052984,L063,080093,VIA FRANCESCO CRISPI,,VIA FRANCESCO CRISPI,Taurianova,Calabria,080093,crispi_francesco,Francesco Crispi,Francesco Crispi,100.0,exact_canonical,francesco crispi,accepted_auto,Francesco Crispi,political_and_administration,Eritrea;Ethiopia;Somalia,1887-1896,Prime minister and a principal political promoter of Italian colonial expansion in the Horn of Africa; his policy culminated in the war ending at Adwa.,https://www.treccani.it/enciclopedia/francesco-crispi/,,False,verified_manual,71094
1052997,L063,080093,VIA GIUSEPPE GALLIANO,,VIA GIUSEPPE GALLIANO,Taurianova,Calabria,080093,galliano_giuseppe,Giuseppe Galliano,Giuseppe Galliano,100.0,exact_canonical,giuseppe galliano,accepted_auto,Giuseppe Galliano;Galliano,military,Eritrea;Ethiopia,1880s-1890s,Italian officer active in the colonial campaigns in Eritrea and Ethiopia.,https://www.lastampa.it/torino/2023/03/22/news/nomi_vie_piazze_colonialismo-12713667/,,True,verified,71094
1052951,L063,080093,VIA ITALO BALBO,,VIA ITALO BALBO,Taurianova,Calabria,080093,balbo_italo,Italo Balbo,Italo Balbo,100.0,exact_canonical,italo balbo,accepted_auto,Italo Balbo;Balbo,political_and_administration,Libya,1934-1940,Governor-General of Italian Libya from 1934 to 1940.,https://www.treccani.it/enciclopedia/italo-balbo/,,True,verified,71094
257112,L240,079148,VIA DUCA DEGLI ABRUZZI,,VIA DUCA DEGLI ABRUZZI,Torre di Ruggiero,Calabria,079148,savoiaaosta_luigiamedeo,Luigi Amedeo di Savoia-Aosta,Duca degli Abruzzi,100.0,exact_alias,duca degli abruzzi,accepted_auto,Luigi Amedeo di Savoia-Aosta;Duca degli Abruzzi,economic_and_colonization,Somalia,1919-1933,"Prince, explorer and founder of the large agricultural settlement and company at Villaggio Duca degli Abruzzi in Italian Somalia.",https://www.treccani.it/enciclopedia/savoia-aosta-luigi-amedeo-giuseppe-maria-ferdinando-francesco-di-duca-degli-abruzzi_%28Dizionario-Biografico%29/,,False,verified_manual,71094
257115,L240,079148,VIA FRANCESCO CRISPI,,VIA FRANCESCO CRISPI,Torre di Ruggiero,Calabria,079148,crispi_francesco,Francesco Crispi,Francesco Crispi,100.0,exact_canonical,francesco crispi,accepted_auto,Francesco Crispi,political_and_administration,Eritrea;Ethiopia;Somalia,1887-1896,Prime minister and a principal political promoter of Italian colonial expansion in the Horn of Africa; his policy culminated in the war ending at Adwa.,https://www.treccani.it/enciclopedia/francesco-crispi/,,False,verified_manual,71094
257138,L240,079148,VIA PIETRO TOSELLI,,VIA PIETRO TOSELLI,Torre di Ruggiero,Calabria,079148,toselli_pietro,Pietro Toselli,Pietro Toselli,100.0,exact_canonical,pietro toselli,accepted_auto,Pietro Toselli;Toselli;Maggiore Toselli,military,Eritrea;Ethiopia,1890s,Italian officer in the colonial campaigns in the Horn of Africa; killed at Amba Alagi in 1895.,https://www.tandfonline.com/doi/full/10.1080/1369801X.2023.2222710,,True,verified,71094
613600,L353,078150,VIA DUCA DEGLI ABRUZZI,,VIA DUCA DEGLI ABRUZZI,Trebisacce,Calabria,078150,savoiaaosta_luigiamedeo,Luigi Amedeo di Savoia-Aosta,Duca degli Abruzzi,100.0,exact_alias,duca degli abruzzi,accepted_auto,Luigi Amedeo di Savoia-Aosta;Duca degli Abruzzi,economic_and_colonization,Somalia,1919-1933,"Prince, explorer and founder of the large agricultural settlement and company at Villaggio Duca degli Abruzzi in Italian Somalia.",https://www.treccani.it/enciclopedia/savoia-aosta-luigi-amedeo-giuseppe-maria-ferdinando-francesco-di-duca-degli-abruzzi_%28Dizionario-Biografico%29/,,False,verified_manual,71094
1233745,L607,102045,VIA DUCA DEGLI ABRUZZI,,VIA DUCA DEGLI ABRUZZI,Vallelonga,Calabria,102045,savoiaaosta_luigiamedeo,Luigi Amedeo di Savoia-Aosta,Duca degli Abruzzi,100.0,exact_alias,duca degli abruzzi,accepted_auto,Luigi Amedeo di Savoia-Aosta;Duca degli Abruzzi,economic_and_colonization,Somalia,1919-1933,"Prince, explorer and founder of the large agricultural settlement and company at Villaggio Duca degli Abruzzi in Italian Somalia.",https://www.treccani.it/enciclopedia/savoia-aosta-luigi-amedeo-giuseppe-maria-ferdinando-francesco-di-duca-degli-abruzzi_%28Dizionario-Biografico%29/,,False,verified_manual,71094
1014186,M143,102049,VIA DUCA DEGLI ABRUZZI,,VIA DUCA DEGLI ABRUZZI,Zambrone,Calabria,102049,savoiaaosta_luigiamedeo,Luigi Amedeo di Savoia-Aosta,Duca degli Abruzzi,100.0,exact_alias,duca degli abruzzi,accepted_auto,Luigi Amedeo di Savoia-Aosta;Duca degli Abruzzi,economic_and_colonization,Somalia,1919-1933,"Prince, explorer and founder of the large agricultural settlement and company at Villaggio Duca degli Abruzzi in Italian Somalia.",https://www.treccani.it/enciclopedia/savoia-aosta-luigi-amedeo-giuseppe-maria-ferdinando-francesco-di-duca-degli-abruzzi_%28Dizionario-Biografico%29/,,False,verified_manual,71094
1245280,M208,079160,VIA DUCA DEGLI ABRUZZI,,VIA DUCA DEGLI ABRUZZI,Lamezia Terme,Calabria,079160,savoiaaosta_luigiamedeo,Luigi Amedeo di Savoia-Aosta,Duca degli Abruzzi,100.0,exact_alias,duca degli abruzzi,accepted_auto,Luigi Amedeo di Savoia-Aosta;Duca degli Abruzzi,economic_and_colonization,Somalia,1919-1933,"Prince, explorer and founder of the large agricultural settlement and company at Villaggio Duca degli Abruzzi in Italian Somalia.",https://www.treccani.it/enciclopedia/savoia-aosta-luigi-amedeo-giuseppe-maria-ferdinando-francesco-di-duca-degli-abruzzi_%28Dizionario-Biografico%29/,,False,verified_manual,71094
1245372,M208,079160,VIA GALLIANO,,VIA GALLIANO,Lamezia Terme,Calabria,079160,galliano_giuseppe,Giuseppe Galliano,Galliano,100.0,exact_surname,galliano,needs_review,Giuseppe Galliano;Galliano,military,Eritrea;Ethiopia,1880s-1890s,Italian officer active in the colonial campaigns in Eritrea and Ethiopia.,https://www.lastampa.it/torino/2023/03/22/news/nomi_vie_piazze_colonialismo-12713667/,,True,verified,71094
1245596,M208,079160,VIA MAGGIORE TOSELLI,,VIA MAGGIORE TOSELLI,Lamezia Terme,Calabria,079160,toselli_pietro,Pietro Toselli,Toselli,100.0,exact_surname,maggiore toselli,needs_review,Pietro Toselli;Toselli;Maggiore Toselli,military,Eritrea;Ethiopia,1890s,Italian officer in the colonial campaigns in the Horn of Africa; killed at Amba Alagi in 1895.,https://www.tandfonline.com/doi/full/10.1080/1369801X.2023.2222710,,True,verified,71094
1245752,M208,079160,VIA PIETRO BADOGLIO,,VIA PIETRO BADOGLIO,Lamezia Terme,Calabria,079160,badoglio_pietro,Pietro Badoglio,Pietro Badoglio,100.0,exact_canonical,pietro badoglio,accepted_auto,Pietro Badoglio;Badoglio;Maresciallo Badoglio,military_and_administration,Libya;Ethiopia,1929-1936,Governor of Libya and later senior commander/high commissioner during the invasion of Ethiopia.,https://www.treccani.it/enciclopedia/pietro-badoglio/,,True,verified,71094
1081562,M403,078157,PIAZZA DUCA DEGLI ABRUZZI,,PIAZZA DUCA DEGLI ABRUZZI,Corigliano-Rossano,Calabria,078157,savoiaaosta_luigiamedeo,Luigi Amedeo di Savoia-Aosta,Duca degli Abruzzi,100.0,exact_alias,duca degli abruzzi,accepted_auto,Luigi Amedeo di Savoia-Aosta;Duca degli Abruzzi,economic_and_colonization,Somalia,1919-1933,"Prince, explorer and founder of the large agricultural settlement and company at Villaggio Duca degli Abruzzi in Italian Somalia.",https://www.treccani.it/enciclopedia/savoia-aosta-luigi-amedeo-giuseppe-maria-ferdinando-francesco-di-duca-degli-abruzzi_%28Dizionario-Biografico%29/,,False,verified_manual,71094
733074,A024,063001,VIA FRANCESCO CRISPI,,VIA FRANCESCO CRISPI,Acerra,Campania,063001,crispi_francesco,Francesco Crispi,Francesco Crispi,100.0,exact_canonical,francesco crispi,accepted_auto,Francesco Crispi,political_and_administration,Eritrea;Ethiopia;Somalia,1887-1896,Prime minister and a principal political promoter of Italian colonial expansion in the Horn of Africa; his policy culminated in the war ending at Adwa.,https://www.treccani.it/enciclopedia/francesco-crispi/,,False,verified_manual,78019
1290624,A064,063002,VIA DUCA DEGLI ABRUZZI,,VIA DUCA DEGLI ABRUZZI,Afragola,Campania,063002,savoiaaosta_luigiamedeo,Luigi Amedeo di Savoia-Aosta,Duca degli Abruzzi,100.0,exact_alias,duca degli abruzzi,accepted_auto,Luigi Amedeo di Savoia-Aosta;Duca degli Abruzzi,economic_and_colonization,Somalia,1919-1933,"Prince, explorer and founder of the large agricultural settlement and company at Villaggio Duca degli Abruzzi in Italian Somalia.",https://www.treccani.it/enciclopedia/savoia-aosta-luigi-amedeo-giuseppe-maria-ferdinando-francesco-di-duca-degli-abruzzi_%28Dizionario-Biografico%29/,,False,verified_manual,78019
1290665,A064,063002,VIA FRANCESCO CRISPI,,VIA FRANCESCO CRISPI,Afragola,Campania,063002,crispi_francesco,Francesco Crispi,Francesco Crispi,100.0,exact_canonical,francesco crispi,accepted_auto,Francesco Crispi,political_and_administration,Eritrea;Ethiopia;Somalia,1887-1896,Prime minister and a principal political promoter of Italian colonial expansion in the Horn of Africa; his policy culminated in the war ending at Adwa.,https://www.treccani.it/enciclopedia/francesco-crispi/,,False,verified_manual,78019
1290697,A064,063002,VIA GIUSEPPE GALLIANO,,VIA GIUSEPPE GALLIANO,Afragola,Campania,063002,galliano_giuseppe,Giuseppe Galliano,Giuseppe Galliano,100.0,exact_canonical,giuseppe galliano,accepted_auto,Giuseppe Galliano;Galliano,military,Eritrea;Ethiopia,1880s-1890s,Italian officer active in the colonial campaigns in Eritrea and Ethiopia.,https://www.lastampa.it/torino/2023/03/22/news/nomi_vie_piazze_colonialismo-12713667/,,True,verified,78019
1290868,A064,063002,VIA PIETRO TOSELLI,,VIA PIETRO TOSELLI,Afragola,Campania,063002,toselli_pietro,Pietro Toselli,Pietro Toselli,100.0,exact_canonical,pietro toselli,accepted_auto,Pietro Toselli;Toselli;Maggiore Toselli,military,Eritrea;Ethiopia,1890s,Italian officer in the colonial campaigns in the Horn of Africa; killed at Amba Alagi in 1895.,https://www.tandfonline.com/doi/full/10.1080/1369801X.2023.2222710,,True,verified,78019
1290924,A064,063002,VIA TOSELLI,,VIA TOSELLI,Afragola,Campania,063002,toselli_pietro,Pietro Toselli,Toselli,100.0,exact_surname,toselli,needs_review,Pietro Toselli;Toselli;Maggiore Toselli,military,Eritrea;Ethiopia,1890s,Italian officer in the colonial campaigns in the Horn of Africa; killed at Amba Alagi in 1895.,https://www.tandfonline.com/doi/full/10.1080/1369801X.2023.2222710,,True,verified,78019
643598,A091,065002,VIA FRANCESCO CRISPI,,VIA FRANCESCO CRISPI,Agropoli,Campania,065002,crispi_francesco,Francesco Crispi,Francesco Crispi,100.0,exact_canonical,francesco crispi,accepted_auto,Francesco Crispi,political_and_administration,Eritrea;Ethiopia;Somalia,1887-1896,Prime minister and a principal political promoter of Italian colonial expansion in the Horn of Africa; his policy culminated in the war ending at Adwa.,https://www.treccani.it/enciclopedia/francesco-crispi/,,False,verified_manual,78019
643608,A091,065002,VIA GALLIANO,,VIA GALLIANO,Agropoli,Campania,065002,galliano_giuseppe,Giuseppe Galliano,Galliano,100.0,exact_surname,galliano,needs_review,Giuseppe Galliano;Galliano,military,Eritrea;Ethiopia,1880s-1890s,Italian officer active in the colonial campaigns in Eritrea and Ethiopia.,https://www.lastampa.it/torino/2023/03/22/news/nomi_vie_piazze_colonialismo-12713667/,,True,verified,78019
703789,A268,063004,VIA PADRE REGINALDO GIULIANI,,VIA PADRE REGINALDO GIULIANI,Anacapri,Campania,063004,giuliani_reginaldo,Reginaldo Giuliani,Reginaldo Giuliani,100.0,exact_canonical,padre reginaldo giuliani,accepted_auto,Reginaldo Giuliani;Giuliani;Padre Reginaldo Giuliani,military_and_religious,Ethiopia,1935-1936,Dominican friar and volunteer military chaplain associated with the war against Ethiopia.,https://www.tandfonline.com/doi/full/10.1080/1369801X.2023.2222710,,False,verified,78019
347896,A284,064003,VIA FRANCESCO CRISPI,,VIA FRANCESCO CRISPI,Andretta,Campania,064003,crispi_francesco,Francesco Crispi,Francesco Crispi,100.0,exact_canonical,francesco crispi,accepted_auto,Francesco Crispi,political_and_administration,Eritrea;Ethiopia;Somalia,1887-1896,Prime minister and a principal political promoter of Italian colonial expansion in the Horn of Africa; his policy culminated in the war ending at Adwa.,https://www.treccani.it/enciclopedia/francesco-crispi/,,False,verified_manual,78019
605653,A512,061005,PIAZZA FRANCESCO CRISPI,,PIAZZA FRANCESCO CRISPI,Aversa,Campania,061005,crispi_francesco,Francesco Crispi,Francesco Crispi,100.0,exact_canonical,francesco crispi,accepted_auto,Francesco Crispi,political_and_administration,Eritrea;Ethiopia;Somalia,1887-1896,Prime minister and a principal political promoter of Italian colonial expansion in the Horn of Africa; his policy culminated in the war ending at Adwa.,https://www.treccani.it/enciclopedia/francesco-crispi/,,False,verified_manual,78019
1347892,A783,062008,PIAZZALE EDUARDO BACCARI,,PIAZZALE EDUARDO BACCARI,Benevento,Campania,062008,baccari_eduardo,Eduardo Baccari,Eduardo Baccari,100.0,exact_canonical,eduardo baccari,accepted_auto,Eduardo Baccari,political_and_administration,Somalia;Libya,1911-1922,"Colonial official in Somalia, director at the Ministry of Colonies, and governor of Cyrenaica in 1922.",https://it.wikipedia.org/wiki/Eduardo_Baccari,,False,verified_manual,78019
1345838,B242,065017,PIAZZA REGINALDO GIULIANI,,PIAZZA REGINALDO GIULIANI,Buccino,Campania,065017,giuliani_reginaldo,Reginaldo Giuliani,Reginaldo Giuliani,100.0,exact_canonical,reginaldo giuliani,accepted_auto,Reginaldo Giuliani;Giuliani;Padre Reginaldo Giuliani,military_and_religious,Ethiopia,1935-1936,Dominican friar and volunteer military chaplain associated with the war against Ethiopia.,https://www.tandfonline.com/doi/full/10.1080/1369801X.2023.2222710,,False,verified,78019
1288329,B371,063011,VIA FRANCESCO CRISPI,,VIA FRANCESCO CRISPI,Caivano,Campania,063011,crispi_francesco,Francesco Crispi,Francesco Crispi,100.0,exact_canonical,francesco crispi,accepted_auto,Francesco Crispi,political_and_administration,Eritrea;Ethiopia;Somalia,1887-1896,Prime minister and a principal political promoter of Italian colonial expansion in the Horn of Africa; his policy culminated in the war ending at Adwa.,https://www.treccani.it/enciclopedia/francesco-crispi/,,False,verified_manual,78019
1288264,B371,063011,VIA ITALO BALBO,,VIA ITALO BALBO,Caivano,Campania,063011,balbo_italo,Italo Balbo,Italo Balbo,100.0,exact_canonical,italo balbo,accepted_auto,Italo Balbo;Balbo,political_and_administration,Libya,1934-1940,Governor-General of Italian Libya from 1934 to 1940.,https://www.treccani.it/enciclopedia/italo-balbo/,,True,verified,78019
1288479,B371,063011,VIA VITTORIO BOTTEGO,,VIA VITTORIO BOTTEGO,Caivano,Campania,063011,bottego_vittorio,Vittorio Bottego,Vittorio Bottego,100.0,exact_canonical,vittorio bottego,accepted_auto,Vittorio Bottego,exploration_geography,Somalia;Ethiopia;Eritrea,1887-1897,Army officer and explorer whose expeditions in the Horn of Africa were closely connected with Italian territorial ambitions in Somalia and Ethiopia.,https://www.treccani.it/enciclopedia/vittorio-bottego_%28Dizionario-Biografico%29/,,False,verified_manual,78019
394718,B415,064015,VIA FRANCESCO CRISPI,,VIA FRANCESCO CRISPI,Calitri,Campania,064015,crispi_francesco,Francesco Crispi,Francesco Crispi,100.0,exact_canonical,francesco crispi,accepted_auto,Francesco Crispi,political_and_administration,Eritrea;Ethiopia;Somalia,1887-1896,Prime minister and a principal political promoter of Italian colonial expansion in the Horn of Africa; his policy culminated in the war ending at Adwa.,https://www.treccani.it/enciclopedia/francesco-crispi/,,False,verified_manual,78019
698980,B445,061010,VIA DUCA DEGLI ABRUZZI,,VIA DUCA DEGLI ABRUZZI,Calvi Risorta,Campania,061010,savoiaaosta_luigiamedeo,Luigi Amedeo di Savoia-Aosta,Duca degli Abruzzi,100.0,exact_alias,duca degli abruzzi,accepted_auto,Luigi Amedeo di Savoia-Aosta;Duca degli Abruzzi,economic_and_colonization,Somalia,1919-1933,"Prince, explorer and founder of the large agricultural settlement and company at Villaggio Duca degli Abruzzi in Italian Somalia.",https://www.treccani.it/enciclopedia/savoia-aosta-luigi-amedeo-giuseppe-maria-ferdinando-francesco-di-duca-degli-abruzzi_%28Dizionario-Biografico%29/,,False,verified_manual,78019
1339121,B492,065022,VIA FRANCESCO CRISPI,,VIA FRANCESCO CRISPI,Campagna,Campania,065022,crispi_francesco,Francesco Crispi,Francesco Crispi,100.0,exact_canonical,francesco crispi,accepted_auto,Francesco Crispi,political_and_administration,Eritrea;Ethiopia;Somalia,1887-1896,Prime minister and a principal political promoter of Italian colonial expansion in the Horn of Africa; his policy culminated in the war ending at Adwa.,https://www.treccani.it/enciclopedia/francesco-crispi/,,False,verified_manual,78019
437840,B581,061012,VIA FRANCESCO CRISPI,,VIA FRANCESCO CRISPI,Cancello ed Arnone,Campania,061012,crispi_francesco,Francesco Crispi,Francesco Crispi,100.0,exact_canonical,francesco crispi,accepted_auto,Francesco Crispi,political_and_administration,Eritrea;Ethiopia;Somalia,1887-1896,Prime minister and a principal political promoter of Italian colonial expansion in the Horn of Africa; his policy culminated in the war ending at Adwa.,https://www.treccani.it/enciclopedia/francesco-crispi/,,False,verified_manual,78019
744434,B644,065025,VIA DUCA DEGLI ABRUZZI,,VIA DUCA DEGLI ABRUZZI,Capaccio Paestum,Campania,065025,savoiaaosta_luigiamedeo,Luigi Amedeo di Savoia-Aosta,Duca degli Abruzzi,100.0,exact_alias,duca degli abruzzi,accepted_auto,Luigi Amedeo di Savoia-Aosta;Duca degli Abruzzi,economic_and_colonization,Somalia,1919-1933,"Prince, explorer and founder of the large agricultural settlement and company at Villaggio Duca degli Abruzzi in Italian Somalia.",https://www.treccani.it/enciclopedia/savoia-aosta-luigi-amedeo-giuseppe-maria-ferdinando-francesco-di-duca-degli-abruzzi_%28Dizionario-Biografico%29/,,False,verified_manual,78019
744391,B644,065025,VIA FRANCESCO CRISPI,,VIA FRANCESCO CRISPI,Capaccio Paestum,Campania,065025,crispi_francesco,Francesco Crispi,Francesco Crispi,100.0,exact_canonical,francesco crispi,accepted_auto,Francesco Crispi,political_and_administration,Eritrea;Ethiopia;Somalia,1887-1896,Prime minister and a principal political promoter of Italian colonial expansion in the Horn of Africa; his policy culminated in the war ending at Adwa.,https://www.treccani.it/enciclopedia/francesco-crispi/,,False,verified_manual,78019
600735,B667,061013,VIA FRANCESCO CRISPI,,VIA FRANCESCO CRISPI,Capodrise,Campania,061013,crispi_francesco,Francesco Crispi,Francesco Crispi,100.0,exact_canonical,francesco crispi,accepted_auto,Francesco Crispi,political_and_administration,Eritrea;Ethiopia;Somalia,1887-1896,Prime minister and a principal political promoter of Italian colonial expansion in the Horn of Africa; his policy culminated in the war ending at Adwa.,https://www.treccani.it/enciclopedia/francesco-crispi/,,False,verified_manual,78019
578101,B696,063014,VIA PADRE REGINALDO GIULIANI,,VIA PADRE REGINALDO GIULIANI,Capri,Campania,063014,giuliani_reginaldo,Reginaldo Giuliani,Reginaldo Giuliani,100.0,exact_canonical,padre reginaldo giuliani,accepted_auto,Reginaldo Giuliani;Giuliani;Padre Reginaldo Giuliani,military_and_religious,Ethiopia,1935-1936,Dominican friar and volunteer military chaplain associated with the war against Ethiopia.,https://www.tandfonline.com/doi/full/10.1080/1369801X.2023.2222710,,False,verified,78019
889311,B759,063016,VIA FRANCESCO CRISPI,,VIA FRANCESCO CRISPI,Cardito,Campania,063016,crispi_francesco,Francesco Crispi,Francesco Crispi,100.0,exact_canonical,francesco crispi,accepted_auto,Francesco Crispi,political_and_administration,Eritrea;Ethiopia;Somalia,1887-1896,Prime minister and a principal political promoter of Italian colonial expansion in the Horn of Africa; his policy culminated in the war ending at Adwa.,https://www.treccani.it/enciclopedia/francesco-crispi/,,False,verified_manual,78019
1280358,B872,061019,VIA FRANCESCO CRISPI,,VIA FRANCESCO CRISPI,Casal di Principe,Campania,061019,crispi_francesco,Francesco Crispi,Francesco Crispi,100.0,exact_canonical,francesco crispi,accepted_auto,Francesco Crispi,political_and_administration,Eritrea;Ethiopia;Somalia,1887-1896,Prime minister and a principal political promoter of Italian colonial expansion in the Horn of Africa; his policy culminated in the war ending at Adwa.,https://www.treccani.it/enciclopedia/francesco-crispi/,,False,verified_manual,78019
889475,B905,063017,VIA FRANCESCO CRISPI,,VIA FRANCESCO CRISPI,Casalnuovo di Napoli,Campania,063017,crispi_francesco,Francesco Crispi,Francesco Crispi,100.0,exact_canonical,francesco crispi,accepted_auto,Francesco Crispi,political_and_administration,Eritrea;Ethiopia;Somalia,1887-1896,Prime minister and a principal political promoter of Italian colonial expansion in the Horn of Africa; his policy culminated in the war ending at Adwa.,https://www.treccani.it/enciclopedia/francesco-crispi/,,False,verified_manual,78019
1201572,B946,063021,VIA ANTONIO LOCATELLI,,VIA ANTONIO LOCATELLI,Casavatore,Campania,063021,locatelli_antonio,Antonio Locatelli,Antonio Locatelli,100.0,exact_canonical,antonio locatelli,accepted_auto,Antonio Locatelli;Locatelli,military,Ethiopia,1935-1936,"Aviator and volunteer in the war against Ethiopia, later commemorated in Italian public space.",https://www.tandfonline.com/doi/full/10.1080/1369801X.2023.2222710,,False,verified,78019
617498,B990,063023,VIA FRANCESCO CRISPI,,VIA FRANCESCO CRISPI,Casoria,Campania,063023,crispi_francesco,Francesco Crispi,Francesco Crispi,100.0,exact_canonical,francesco crispi,accepted_auto,Francesco Crispi,political_and_administration,Eritrea;Ethiopia;Somalia,1887-1896,Prime minister and a principal political promoter of Italian colonial expansion in the Horn of Africa; his policy culminated in the war ending at Adwa.,https://www.treccani.it/enciclopedia/francesco-crispi/,,False,verified_manual,78019
623477,C125,065031,VIA DUCA DEGLI ABRUZZI,,VIA DUCA DEGLI ABRUZZI,Castellabate,Campania,065031,savoiaaosta_luigiamedeo,Luigi Amedeo di Savoia-Aosta,Duca degli Abruzzi,100.0,exact_alias,duca degli abruzzi,accepted_auto,Luigi Amedeo di Savoia-Aosta;Duca degli Abruzzi,economic_and_colonization,Somalia,1919-1933,"Prince, explorer and founder of the large agricultural settlement and company at Villaggio Duca degli Abruzzi in Italian Somalia.",https://www.treccani.it/enciclopedia/savoia-aosta-luigi-amedeo-giuseppe-maria-ferdinando-francesco-di-duca-degli-abruzzi_%28Dizionario-Biografico%29/,,False,verified_manual,78019
998780,C129,063024,VIA FRANCESCO CRISPI,,VIA FRANCESCO CRISPI,Castellammare di Stabia,Campania,063024,crispi_francesco,Francesco Crispi,Francesco Crispi,100.0,exact_canonical,francesco crispi,accepted_auto,Francesco Crispi,political_and_administration,Eritrea;Ethiopia;Somalia,1887-1896,Prime minister and a principal political promoter of Italian colonial expansion in the Horn of Africa; his policy culminated in the war ending at Adwa.,https://www.treccani.it/enciclopedia/francesco-crispi/,,False,verified_manual,78019
1096524,C291,061027,VIA FRANCESCO CRISPI,,VIA FRANCESCO CRISPI,Castel Volturno,Campania,061027,crispi_francesco,Francesco Crispi,Francesco Crispi,100.0,exact_canonical,francesco crispi,accepted_auto,Francesco Crispi,political_and_administration,Eritrea;Ethiopia;Somalia,1887-1896,Prime minister and a principal political promoter of Italian colonial expansion in the Horn of Africa; his policy culminated in the war ending at Adwa.,https://www.treccani.it/enciclopedia/francesco-crispi/,,False,verified_manual,78019
1096736,C291,061027,VIA ITALO BALBO,,VIA ITALO BALBO,Castel Volturno,Campania,061027,balbo_italo,Italo Balbo,Italo Balbo,100.0,exact_canonical,italo balbo,accepted_auto,Italo Balbo;Balbo,political_and_administration,Libya,1934-1940,Governor-General of Italian Libya from 1934 to 1940.,https://www.treccani.it/enciclopedia/italo-balbo/,,True,verified,78019
932855,C361,065037,VIALE FRANCESCO CRISPI,,VIALE FRANCESCO CRISPI,Cava de' Tirreni,Campania,065037,crispi_francesco,Francesco Crispi,Francesco Crispi,100.0,exact_canonical,francesco crispi,accepted_auto,Francesco Crispi,political_and_administration,Eritrea;Ethiopia;Somalia,1887-1896,Prime minister and a principal political promoter of Italian colonial expansion in the Horn of Africa; his policy culminated in the war ending at Adwa.,https://www.treccani.it/enciclopedia/francesco-crispi/,,False,verified_manual,78019
819002,C444,065038,VIA DUCA DEGLI ABRUZZI,,VIA DUCA DEGLI ABRUZZI,Celle di Bulgheria,Campania,065038,savoiaaosta_luigiamedeo,Luigi Amedeo di Savoia-Aosta,Duca degli Abruzzi,100.0,exact_alias,duca degli abruzzi,accepted_auto,Luigi Amedeo di Savoia-Aosta;Duca degli Abruzzi,economic_and_colonization,Somalia,1919-1933,"Prince, explorer and founder of the large agricultural settlement and company at Villaggio Duca degli Abruzzi in Italian Somalia.",https://www.treccani.it/enciclopedia/savoia-aosta-luigi-amedeo-giuseppe-maria-ferdinando-francesco-di-duca-degli-abruzzi_%28Dizionario-Biografico%29/,,False,verified_manual,78019
819006,C444,065038,VIA FRANCESCO CRISPI,,VIA FRANCESCO CRISPI,Celle di Bulgheria,Campania,065038,crispi_francesco,Francesco Crispi,Francesco Crispi,100.0,exact_canonical,francesco crispi,accepted_auto,Francesco Crispi,political_and_administration,Eritrea;Ethiopia;Somalia,1887-1896,Prime minister and a principal political promoter of Italian colonial expansion in the Horn of Africa; his policy culminated in the war ending at Adwa.,https://www.treccani.it/enciclopedia/francesco-crispi/,,False,verified_manual,78019
819008,C444,065038,VIA GALLIANO,,VIA GALLIANO,Celle di Bulgheria,Campania,065038,galliano_giuseppe,Giuseppe Galliano,Galliano,100.0,exact_surname,galliano,needs_review,Giuseppe Galliano;Galliano,military,Eritrea;Ethiopia,1880s-1890s,Italian officer active in the colonial campaigns in Eritrea and Ethiopia.,https://www.lastampa.it/torino/2023/03/22/news/nomi_vie_piazze_colonialismo-12713667/,,True,verified,78019
384432,C976,064030,VIA FRANCESCO CRISPI,,VIA FRANCESCO CRISPI,Conza della Campania,Campania,064030,crispi_francesco,Francesco Crispi,Francesco Crispi,100.0,exact_canonical,francesco crispi,accepted_auto,Francesco Crispi,political_and_administration,Eritrea;Ethiopia;Somalia,1887-1896,Prime minister and a principal political promoter of Italian colonial expansion in the Horn of Africa; his policy culminated in the war ending at Adwa.,https://www.treccani.it/enciclopedia/francesco-crispi/,,False,verified_manual,78019
1198498,D170,063030,VIA FRANCESCO CRISPI,,VIA FRANCESCO CRISPI,Crispano,Campania,063030,crispi_francesco,Francesco Crispi,Francesco Crispi,100.0,exact_canonical,francesco crispi,accepted_auto,Francesco Crispi,political_and_administration,Eritrea;Ethiopia;Somalia,1887-1896,Prime minister and a principal political promoter of Italian colonial expansion in the Horn of Africa; his policy culminated in the war ending at Adwa.,https://www.treccani.it/enciclopedia/francesco-crispi/,,False,verified_manual,78019
1197493,D390,065050,VIA FRANCESCO CRISPI,,VIA FRANCESCO CRISPI,Eboli,Campania,065050,crispi_francesco,Francesco Crispi,Francesco Crispi,100.0,exact_canonical,francesco crispi,accepted_auto,Francesco Crispi,political_and_administration,Eritrea;Ethiopia;Somalia,1887-1896,Prime minister and a principal political promoter of Italian colonial expansion in the Horn of Africa; his policy culminated in the war ending at Adwa.,https://www.treccani.it/enciclopedia/francesco-crispi/,,False,verified_manual,78019
1197476,D390,065050,VIA GENERALE ORESTE BARATIERI,,VIA GENERALE ORESTE BARATIERI,Eboli,Campania,065050,baratieri_oreste,Oreste Baratieri,Oreste Baratieri,100.0,exact_canonical,generale oreste baratieri,accepted_auto,Oreste Baratieri;Baratieri,military_and_administration,Eritrea;Ethiopia,1887-1896,Commander of Italian forces in East Africa and governor of Eritrea; led the 1895-1896 campaign ending at Adwa.,https://www.treccani.it/enciclopedia/oreste-baratieri/,,True,verified,78019
997677,D790,063033,PIAZZA FRANCESCO CRISPI,,PIAZZA FRANCESCO CRISPI,Frattaminore,Campania,063033,crispi_francesco,Francesco Crispi,Francesco Crispi,100.0,exact_canonical,francesco crispi,accepted_auto,Francesco Crispi,political_and_administration,Eritrea;Ethiopia;Somalia,1887-1896,Prime minister and a principal political promoter of Italian colonial expansion in the Horn of Africa; his policy culminated in the war ending at Adwa.,https://www.treccani.it/enciclopedia/francesco-crispi/,,False,verified_manual,78019
687854,D799,061037,VIA DUCA DEGLI ABRUZZI,,VIA DUCA DEGLI ABRUZZI,Frignano,Campania,061037,savoiaaosta_luigiamedeo,Luigi Amedeo di Savoia-Aosta,Duca degli Abruzzi,100.0,exact_alias,duca degli abruzzi,accepted_auto,Luigi Amedeo di Savoia-Aosta;Duca degli Abruzzi,economic_and_colonization,Somalia,1919-1933,"Prince, explorer and founder of the large agricultural settlement and company at Villaggio Duca degli Abruzzi in Italian Somalia.",https://www.treccani.it/enciclopedia/savoia-aosta-luigi-amedeo-giuseppe-maria-ferdinando-francesco-di-duca-degli-abruzzi_%28Dizionario-Biografico%29/,,False,verified_manual,78019
379042,E161,064037,VIA DUCA DEGLI ABRUZZI,,VIA DUCA DEGLI ABRUZZI,Greci,Campania,064037,savoiaaosta_luigiamedeo,Luigi Amedeo di Savoia-Aosta,Duca degli Abruzzi,100.0,exact_alias,duca degli abruzzi,accepted_auto,Luigi Amedeo di Savoia-Aosta;Duca degli Abruzzi,economic_and_colonization,Somalia,1919-1933,"Prince, explorer and founder of the large agricultural settlement and company at Villaggio Duca degli Abruzzi in Italian Somalia.",https://www.treccani.it/enciclopedia/savoia-aosta-luigi-amedeo-giuseppe-maria-ferdinando-francesco-di-duca-degli-abruzzi_%28Dizionario-Biografico%29/,,False,verified_manual,78019
379048,E161,064037,VIA GALLIANO,,VIA GALLIANO,Greci,Campania,064037,galliano_giuseppe,Giuseppe Galliano,Galliano,100.0,exact_surname,galliano,needs_review,Giuseppe Galliano;Galliano,military,Eritrea;Ethiopia,1880s-1890s,Italian officer active in the colonial campaigns in Eritrea and Ethiopia.,https://www.lastampa.it/torino/2023/03/22/news/nomi_vie_piazze_colonialismo-12713667/,,True,verified,78019
1103898,E224,063036,VIA FRANCESCO CRISPI,,VIA FRANCESCO CRISPI,Grumo Nevano,Campania,063036,crispi_francesco,Francesco Crispi,Francesco Crispi,100.0,exact_canonical,francesco crispi,accepted_auto,Francesco Crispi,political_and_administration,Eritrea;Ethiopia;Somalia,1887-1896,Prime minister and a principal political promoter of Italian colonial expansion in the Horn of Africa; his policy culminated in the war ending at Adwa.,https://www.treccani.it/enciclopedia/francesco-crispi/,,False,verified_manual,78019
1128720,E365,065059,VIA FRANCESCO CRISPI,,VIA FRANCESCO CRISPI,Ispani,Campania,065059,crispi_francesco,Francesco Crispi,Francesco Crispi,100.0,exact_canonical,francesco crispi,accepted_auto,Francesco Crispi,political_and_administration,Eritrea;Ethiopia;Somalia,1887-1896,Prime minister and a principal political promoter of Italian colonial expansion in the Horn of Africa; his policy culminated in the war ending at Adwa.,https://www.treccani.it/enciclopedia/francesco-crispi/,,False,verified_manual,78019
930578,E814,065065,VIA DUCA DEGLI ABRUZZI,,VIA DUCA DEGLI ABRUZZI,Magliano Vetere,Campania,065065,savoiaaosta_luigiamedeo,Luigi Amedeo di Savoia-Aosta,Duca degli Abruzzi,100.0,exact_alias,duca degli abruzzi,accepted_auto,Luigi Amedeo di Savoia-Aosta;Duca degli Abruzzi,economic_and_colonization,Somalia,1919-1933,"Prince, explorer and founder of the large agricultural settlement and company at Villaggio Duca degli Abruzzi in Italian Somalia.",https://www.treccani.it/enciclopedia/savoia-aosta-luigi-amedeo-giuseppe-maria-ferdinando-francesco-di-duca-degli-abruzzi_%28Dizionario-Biografico%29/,,False,verified_manual,78019
951810,E932,061049,VIA PIETRO TOSELLI,,VIA PIETRO TOSELLI,Marcianise,Campania,061049,toselli_pietro,Pietro Toselli,Pietro Toselli,100.0,exact_canonical,pietro toselli,accepted_auto,Pietro Toselli;Toselli;Maggiore Toselli,military,Eritrea;Ethiopia,1890s,Italian officer in the colonial campaigns in the Horn of Africa; killed at Amba Alagi in 1895.,https://www.tandfonline.com/doi/full/10.1080/1369801X.2023.2222710,,True,verified,78019
934526,F352,061052,VIA DUCA DEGLI ABRUZZI,,VIA DUCA DEGLI ABRUZZI,Mondragone,Campania,061052,savoiaaosta_luigiamedeo,Luigi Amedeo di Savoia-Aosta,Duca degli Abruzzi,100.0,exact_alias,duca degli abruzzi,accepted_auto,Luigi Amedeo di Savoia-Aosta;Duca degli Abruzzi,economic_and_colonization,Somalia,1919-1933,"Prince, explorer and founder of the large agricultural settlement and company at Villaggio Duca degli Abruzzi in Italian Somalia.",https://www.treccani.it/enciclopedia/savoia-aosta-luigi-amedeo-giuseppe-maria-ferdinando-francesco-di-duca-degli-abruzzi_%28Dizionario-Biografico%29/,,False,verified_manual,78019
631575,F479,065071,VIA DUCA DEGLI ABRUZZI,,VIA DUCA DEGLI ABRUZZI,Montecorice,Campania,065071,savoiaaosta_luigiamedeo,Luigi Amedeo di Savoia-Aosta,Duca degli Abruzzi,100.0,exact_alias,duca degli abruzzi,accepted_auto,Luigi Amedeo di Savoia-Aosta;Duca degli Abruzzi,economic_and_colonization,Somalia,1919-1933,"Prince, explorer and founder of the large agricultural settlement and company at Villaggio Duca degli Abruzzi in Italian Somalia.",https://www.treccani.it/enciclopedia/savoia-aosta-luigi-amedeo-giuseppe-maria-ferdinando-francesco-di-duca-degli-abruzzi_%28Dizionario-Biografico%29/,,False,verified_manual,78019
1191409,F799,063048,VIA FRANCESCO CRISPI,,VIA FRANCESCO CRISPI,Mugnano di Napoli,Campania,063048,crispi_francesco,Francesco Crispi,Francesco Crispi,100.0,exact_canonical,francesco crispi,accepted_auto,Francesco Crispi,political_and_administration,Eritrea;Ethiopia;Somalia,1887-1896,Prime minister and a principal political promoter of Italian colonial expansion in the Horn of Africa; his policy culminated in the war ending at Adwa.,https://www.treccani.it/enciclopedia/francesco-crispi/,,False,verified_manual,78019
1240239,F839,063049,LARGO GASPARE COLOSIMO,,LARGO GASPARE COLOSIMO,Napoli,Campania,063049,colosimo_gaspare,Gaspare Colosimo,Gaspare Colosimo,100.0,exact_canonical,gaspare colosimo,accepted_auto,Gaspare Colosimo,political_and_administration,Libya;Eritrea;Somalia,1916-1919,Minister of the Colonies who pursued preservation and economic exploitation of the colonies during the First World War.,https://www.treccani.it/enciclopedia/gaspare-colosimo_%28Dizionario-Biografico%29/,,False,verified_manual,78019
1239921,F839,063049,PIAZZA DUCA DEGLI ABRUZZI,,PIAZZA DUCA DEGLI ABRUZZI,Napoli,Campania,063049,savoiaaosta_luigiamedeo,Luigi Amedeo di Savoia-Aosta,Duca degli Abruzzi,100.0,exact_alias,duca degli abruzzi,accepted_auto,Luigi Amedeo di Savoia-Aosta;Duca degli Abruzzi,economic_and_colonization,Somalia,1919-1933,"Prince, explorer and founder of the large agricultural settlement and company at Villaggio Duca degli Abruzzi in Italian Somalia.",https://www.treccani.it/enciclopedia/savoia-aosta-luigi-amedeo-giuseppe-maria-ferdinando-francesco-di-duca-degli-abruzzi_%28Dizionario-Biografico%29/,,False,verified_manual,78019
1239920,F839,063049,VIA DUCA DEGLI ABRUZZI,,VIA DUCA DEGLI ABRUZZI,Napoli,Campania,063049,savoiaaosta_luigiamedeo,Luigi Amedeo di Savoia-Aosta,Duca degli Abruzzi,100.0,exact_alias,duca degli abruzzi,accepted_auto,Luigi Amedeo di Savoia-Aosta;Duca degli Abruzzi,economic_and_colonization,Somalia,1919-1933,"Prince, explorer and founder of the large agricultural settlement and company at Villaggio Duca degli Abruzzi in Italian Somalia.",https://www.treccani.it/enciclopedia/savoia-aosta-luigi-amedeo-giuseppe-maria-ferdinando-francesco-di-duca-degli-abruzzi_%28Dizionario-Biografico%29/,,False,verified_manual,78019
1240143,F839,063049,VIA FRANCESCO CRISPI,,VIA FRANCESCO CRISPI,Napoli,Campania,063049,crispi_francesco,Francesco Crispi,Francesco Crispi,100.0,exact_canonical,francesco crispi,accepted_auto,Francesco Crispi,political_and_administration,Eritrea;Ethiopia;Somalia,1887-1896,Prime minister and a principal political promoter of Italian colonial expansion in the Horn of Africa; his policy culminated in the war ending at Adwa.,https://www.treccani.it/enciclopedia/francesco-crispi/,,False,verified_manual,78019
891100,F924,063050,VIA FRANCESCO CRISPI,,VIA FRANCESCO CRISPI,Nola,Campania,063050,crispi_francesco,Francesco Crispi,Francesco Crispi,100.0,exact_canonical,francesco crispi,accepted_auto,Francesco Crispi,political_and_administration,Eritrea;Ethiopia;Somalia,1887-1896,Prime minister and a principal political promoter of Italian colonial expansion in the Horn of Africa; his policy culminated in the war ending at Adwa.,https://www.treccani.it/enciclopedia/francesco-crispi/,,False,verified_manual,78019
607224,G226,065087,VIA DUCA DEGLI ABRUZZI,,VIA DUCA DEGLI ABRUZZI,Padula,Campania,065087,savoiaaosta_luigiamedeo,Luigi Amedeo di Savoia-Aosta,Duca degli Abruzzi,100.0,exact_alias,duca degli abruzzi,accepted_auto,Luigi Amedeo di Savoia-Aosta;Duca degli Abruzzi,economic_and_colonization,Somalia,1919-1933,"Prince, explorer and founder of the large agricultural settlement and company at Villaggio Duca degli Abruzzi in Italian Somalia.",https://www.treccani.it/enciclopedia/savoia-aosta-luigi-amedeo-giuseppe-maria-ferdinando-francesco-di-duca-degli-abruzzi_%28Dizionario-Biografico%29/,,False,verified_manual,78019
607261,G226,065087,VIA ITALO BALBO,,VIA ITALO BALBO,Padula,Campania,065087,balbo_italo,Italo Balbo,Italo Balbo,100.0,exact_canonical,italo balbo,accepted_auto,Italo Balbo;Balbo,political_and_administration,Libya,1934-1940,Governor-General of Italian Libya from 1934 to 1940.,https://www.treccani.it/enciclopedia/italo-balbo/,,True,verified,78019
607282,G226,065087,VIA PIETRO TOSELLI,,VIA PIETRO TOSELLI,Padula,Campania,065087,toselli_pietro,Pietro Toselli,Pietro Toselli,100.0,exact_canonical,pietro toselli,accepted_auto,Pietro Toselli;Toselli;Maggiore Toselli,military,Eritrea;Ethiopia,1890s,Italian officer in the colonial campaigns in the Horn of Africa; killed at Amba Alagi in 1895.,https://www.tandfonline.com/doi/full/10.1080/1369801X.2023.2222710,,True,verified,78019
1201673,G812,063057,VIA ANTONIO LOCATELLI,,VIA ANTONIO LOCATELLI,Pomigliano d'Arco,Campania,063057,locatelli_antonio,Antonio Locatelli,Antonio Locatelli,100.0,exact_canonical,antonio locatelli,accepted_auto,Antonio Locatelli;Locatelli,military,Ethiopia,1935-1936,"Aviator and volunteer in the war against Ethiopia, later commemorated in Italian public space.",https://www.tandfonline.com/doi/full/10.1080/1369801X.2023.2222710,,False,verified,78019
617012,G964,063060,PIAZZA ITALO BALBO,,PIAZZA ITALO BALBO,Pozzuoli,Campania,063060,balbo_italo,Italo Balbo,Italo Balbo,100.0,exact_canonical,italo balbo,accepted_auto,Italo Balbo;Balbo,political_and_administration,Libya,1934-1940,Governor-General of Italian Libya from 1934 to 1940.,https://www.treccani.it/enciclopedia/italo-balbo/,,True,verified,78019
678348,H114,063063,VIA FRANCESCO CRISPI,,VIA FRANCESCO CRISPI,Quarto,Campania,063063,crispi_francesco,Francesco Crispi,Francesco Crispi,100.0,exact_canonical,francesco crispi,accepted_auto,Francesco Crispi,political_and_administration,Eritrea;Ethiopia;Somalia,1887-1896,Prime minister and a principal political promoter of Italian colonial expansion in the Horn of Africa; his policy culminated in the war ending at Adwa.,https://www.treccani.it/enciclopedia/francesco-crispi/,,False,verified_manual,78019
253841,H394,065106,VIA GALLIANO,,VIA GALLIANO,Roccadaspide,Campania,065106,galliano_giuseppe,Giuseppe Galliano,Galliano,100.0,exact_surname,galliano,needs_review,Giuseppe Galliano;Galliano,military,Eritrea;Ethiopia,1880s-1890s,Italian officer active in the colonial campaigns in Eritrea and Ethiopia.,https://www.lastampa.it/torino/2023/03/22/news/nomi_vie_piazze_colonialismo-12713667/,,True,verified,78019
253897,H394,065106,VIA TOSELLI,,VIA TOSELLI,Roccadaspide,Campania,065106,toselli_pietro,Pietro Toselli,Toselli,100.0,exact_surname,toselli,needs_review,Pietro Toselli;Toselli;Maggiore Toselli,military,Eritrea;Ethiopia,1890s,Italian officer in the colonial campaigns in the Horn of Africa; killed at Amba Alagi in 1895.,https://www.tandfonline.com/doi/full/10.1080/1369801X.2023.2222710,,True,verified,78019
359217,H703,065116,VIA FRANCESCO CRISPI,,VIA FRANCESCO CRISPI,Salerno,Campania,065116,crispi_francesco,Francesco Crispi,Francesco Crispi,100.0,exact_canonical,francesco crispi,accepted_auto,Francesco Crispi,political_and_administration,Eritrea;Ethiopia;Somalia,1887-1896,Prime minister and a principal political promoter of Italian colonial expansion in the Horn of Africa; his policy culminated in the war ending at Adwa.,https://www.treccani.it/enciclopedia/francesco-crispi/,,False,verified_manual,78019
649296,H978,061077,VIA FRANCESCO CRISPI,,VIA FRANCESCO CRISPI,San Marcellino,Campania,061077,crispi_francesco,Francesco Crispi,Francesco Crispi,100.0,exact_canonical,francesco crispi,accepted_auto,Francesco Crispi,political_and_administration,Eritrea;Ethiopia;Somalia,1887-1896,Prime minister and a principal political promoter of Italian colonial expansion in the Horn of Africa; his policy culminated in the war ending at Adwa.,https://www.treccani.it/enciclopedia/francesco-crispi/,,False,verified_manual,78019
264810,I056,061078,VIA FRANCESCO CRISPI,,VIA FRANCESCO CRISPI,San Nicola la Strada,Campania,061078,crispi_francesco,Francesco Crispi,Francesco Crispi,100.0,exact_canonical,francesco crispi,accepted_auto,Francesco Crispi,political_and_administration,Eritrea;Ethiopia;Somalia,1887-1896,Prime minister and a principal political promoter of Italian colonial expansion in the Horn of Africa; his policy culminated in the war ending at Adwa.,https://www.treccani.it/enciclopedia/francesco-crispi/,,False,verified_manual,78019
1128543,I233,061082,PIAZZA FRANCESCO CRISPI,,PIAZZA FRANCESCO CRISPI,Santa Maria a Vico,Campania,061082,crispi_francesco,Francesco Crispi,Francesco Crispi,100.0,exact_canonical,francesco crispi,accepted_auto,Francesco Crispi,political_and_administration,Eritrea;Ethiopia;Somalia,1887-1896,Prime minister and a principal political promoter of Italian colonial expansion in the Horn of Africa; his policy culminated in the war ending at Adwa.,https://www.treccani.it/enciclopedia/francesco-crispi/,,False,verified_manual,78019
375396,I253,065127,VIA FRANCESCO CRISPI,,VIA FRANCESCO CRISPI,Santa Marina,Campania,065127,crispi_francesco,Francesco Crispi,Francesco Crispi,100.0,exact_canonical,francesco crispi,accepted_auto,Francesco Crispi,political_and_administration,Eritrea;Ethiopia;Somalia,1887-1896,Prime minister and a principal political promoter of Italian colonial expansion in the Horn of Africa; his policy culminated in the war ending at Adwa.,https://www.treccani.it/enciclopedia/francesco-crispi/,,False,verified_manual,78019
865694,I422,065134,VIA FRANCESCO CRISPI,,VIA FRANCESCO CRISPI,Sapri,Campania,065134,crispi_francesco,Francesco Crispi,Francesco Crispi,100.0,exact_canonical,francesco crispi,accepted_auto,Francesco Crispi,political_and_administration,Eritrea;Ethiopia;Somalia,1887-1896,Prime minister and a principal political promoter of Italian colonial expansion in the Horn of Africa; his policy culminated in the war ending at Adwa.,https://www.treccani.it/enciclopedia/francesco-crispi/,,False,verified_manual,78019
221799,I809,062073,PIAZZA GRAZIANI,,PIAZZA GRAZIANI,Solopaca,Campania,062073,graziani_rodolfo,Rodolfo Graziani,Graziani,100.0,exact_surname,graziani,needs_review,Rodolfo Graziani;Graziani;Maresciallo Graziani,military_and_administration,Libya;Ethiopia,1920s-1937,Senior colonial commander in Libya and commander in the Italo-Ethiopian war; viceroy of Ethiopia in 1936-1937.,https://www.treccani.it/enciclopedia/rodolfo-graziani/,,True,verified,78019
221761,I809,062073,VIA GRAZIANI,,VIA GRAZIANI,Solopaca,Campania,062073,graziani_rodolfo,Rodolfo Graziani,Graziani,100.0,exact_surname,graziani,needs_review,Rodolfo Graziani;Graziani;Maresciallo Graziani,military_and_administration,Libya;Ethiopia,1920s-1937,Senior colonial commander in Libya and commander in the Italo-Ethiopian war; viceroy of Ethiopia in 1936-1937.,https://www.treccani.it/enciclopedia/rodolfo-graziani/,,True,verified,78019
1244323,I862,063080,VIA PADRE REGINALDO GIULIANI,,VIA PADRE REGINALDO GIULIANI,Sorrento,Campania,063080,giuliani_reginaldo,Reginaldo Giuliani,Reginaldo Giuliani,100.0,exact_canonical,padre reginaldo giuliani,accepted_auto,Reginaldo Giuliani;Giuliani;Padre Reginaldo Giuliani,military_and_religious,Ethiopia,1935-1936,Dominican friar and volunteer military chaplain associated with the war against Ethiopia.,https://www.tandfonline.com/doi/full/10.1080/1369801X.2023.2222710,,False,verified,78019
369453,L062,064107,VIA FRANCESCO CRISPI,,VIA FRANCESCO CRISPI,Taurasi,Campania,064107,crispi_francesco,Francesco Crispi,Francesco Crispi,100.0,exact_canonical,francesco crispi,accepted_auto,Francesco Crispi,political_and_administration,Eritrea;Ethiopia;Somalia,1887-1896,Prime minister and a principal political promoter of Italian colonial expansion in the Horn of Africa; his policy culminated in the war ending at Adwa.,https://www.treccani.it/enciclopedia/francesco-crispi/,,False,verified_manual,78019
337182,L214,064109,VIA PIETRO TOSELLI,,VIA PIETRO TOSELLI,Torella dei Lombardi,Campania,064109,toselli_pietro,Pietro Toselli,Pietro Toselli,100.0,exact_canonical,pietro toselli,accepted_auto,Pietro Toselli;Toselli;Maggiore Toselli,military,Eritrea;Ethiopia,1890s,Italian officer in the colonial campaigns in the Horn of Africa; killed at Amba Alagi in 1895.,https://www.tandfonline.com/doi/full/10.1080/1369801X.2023.2222710,,True,verified,78019
847451,L245,063083,VIA PIETRO TOSELLI,,VIA PIETRO TOSELLI,Torre Annunziata,Campania,063083,toselli_pietro,Pietro Toselli,Pietro Toselli,100.0,exact_canonical,pietro toselli,accepted_auto,Pietro Toselli;Toselli;Maggiore Toselli,military,Eritrea;Ethiopia,1890s,Italian officer in the colonial campaigns in the Horn of Africa; killed at Amba Alagi in 1895.,https://www.tandfonline.com/doi/full/10.1080/1369801X.2023.2222710,,True,verified,78019
622623,L274,065149,VIA DUCA DEGLI ABRUZZI,,VIA DUCA DEGLI ABRUZZI,Torre Orsaia,Campania,065149,savoiaaosta_luigiamedeo,Luigi Amedeo di Savoia-Aosta,Duca degli Abruzzi,100.0,exact_alias,duca degli abruzzi,accepted_auto,Luigi Amedeo di Savoia-Aosta;Duca degli Abruzzi,economic_and_colonization,Somalia,1919-1933,"Prince, explorer and founder of the large agricultural settlement and company at Villaggio Duca degli Abruzzi in Italian Somalia.",https://www.treccani.it/enciclopedia/savoia-aosta-luigi-amedeo-giuseppe-maria-ferdinando-francesco-di-duca-degli-abruzzi_%28Dizionario-Biografico%29/,,False,verified_manual,78019
351431,L306,065150,VIA GALLIANO,,VIA GALLIANO,Tortorella,Campania,065150,galliano_giuseppe,Giuseppe Galliano,Galliano,100.0,exact_surname,galliano,needs_review,Giuseppe Galliano;Galliano,military,Eritrea;Ethiopia,1880s-1890s,Italian officer active in the colonial campaigns in Eritrea and Ethiopia.,https://www.lastampa.it/torino/2023/03/22/news/nomi_vie_piazze_colonialismo-12713667/,,True,verified,78019
351459,L306,065150,VIA TOSELLI,,VIA TOSELLI,Tortorella,Campania,065150,toselli_pietro,Pietro Toselli,Toselli,100.0,exact_surname,toselli,needs_review,Pietro Toselli;Toselli;Maggiore Toselli,military,Eritrea;Ethiopia,1890s,Italian officer in the colonial campaigns in the Horn of Africa; killed at Amba Alagi in 1895.,https://www.tandfonline.com/doi/full/10.1080/1369801X.2023.2222710,,True,verified,78019
571855,L540,061095,VIA FRANCESCO CRISPI,,VIA FRANCESCO CRISPI,Vairano Patenora,Campania,061095,crispi_francesco,Francesco Crispi,Francesco Crispi,100.0,exact_canonical,francesco crispi,accepted_auto,Francesco Crispi,political_and_administration,Eritrea;Ethiopia;Somalia,1887-1896,Prime minister and a principal political promoter of Italian colonial expansion in the Horn of Africa; his policy culminated in the war ending at Adwa.,https://www.treccani.it/enciclopedia/francesco-crispi/,,False,verified_manual,78019
257800,L591,061097,VIA GALLIANO,,VIA GALLIANO,Valle di Maddaloni,Campania,061097,galliano_giuseppe,Giuseppe Galliano,Galliano,100.0,exact_surname,galliano,needs_review,Giuseppe Galliano;Galliano,military,Eritrea;Ethiopia,1880s-1890s,Italian officer active in the colonial campaigns in Eritrea and Ethiopia.,https://www.lastampa.it/torino/2023/03/22/news/nomi_vie_piazze_colonialismo-12713667/,,True,verified,78019
671591,L844,061099,VIA DUCA DEGLI ABRUZZI,,VIA DUCA DEGLI ABRUZZI,Villa Literno,Campania,061099,savoiaaosta_luigiamedeo,Luigi Amedeo di Savoia-Aosta,Duca degli Abruzzi,100.0,exact_alias,duca degli abruzzi,accepted_auto,Luigi Amedeo di Savoia-Aosta;Duca degli Abruzzi,economic_and_colonization,Somalia,1919-1933,"Prince, explorer and founder of the large agricultural settlement and company at Villaggio Duca degli Abruzzi in Italian Somalia.",https://www.treccani.it/enciclopedia/savoia-aosta-luigi-amedeo-giuseppe-maria-ferdinando-francesco-di-duca-degli-abruzzi_%28Dizionario-Biografico%29/,,False,verified_manual,78019
1292763,M253,065143,VIA TOSELLI,,VIA TOSELLI,Sicignano degli Alburni,Campania,065143,toselli_pietro,Pietro Toselli,Toselli,100.0,exact_surname,toselli,needs_review,Pietro Toselli;Toselli;Maggiore Toselli,military,Eritrea;Ethiopia,1890s,Italian officer in the colonial campaigns in the Horn of Africa; killed at Amba Alagi in 1895.,https://www.tandfonline.com/doi/full/10.1080/1369801X.2023.2222710,,True,verified,78019
1166928,M262,061102,VIA FRANCESCO CRISPI,,VIA FRANCESCO CRISPI,Cellole,Campania,061102,crispi_francesco,Francesco Crispi,Francesco Crispi,100.0,exact_canonical,francesco crispi,accepted_auto,Francesco Crispi,political_and_administration,Eritrea;Ethiopia;Somalia,1887-1896,Prime minister and a principal political promoter of Italian colonial expansion in the Horn of Africa; his policy culminated in the war ending at Adwa.,https://www.treccani.it/enciclopedia/francesco-crispi/,,False,verified_manual,78019
1166961,M262,061102,VIA ITALO BALBO,,VIA ITALO BALBO,Cellole,Campania,061102,balbo_italo,Italo Balbo,Italo Balbo,100.0,exact_canonical,italo balbo,accepted_auto,Italo Balbo;Balbo,political_and_administration,Libya,1934-1940,Governor-General of Italian Libya from 1934 to 1940.,https://www.treccani.it/enciclopedia/italo-balbo/,,True,verified,78019
261764,A138,034001,VIALE VITTORIO BOTTEGO,,VIALE VITTORIO BOTTEGO,Albareto,Emilia-Romagna,034001,bottego_vittorio,Vittorio Bottego,Vittorio Bottego,100.0,exact_canonical,vittorio bottego,accepted_auto,Vittorio Bottego,exploration_geography,Somalia;Ethiopia;Eritrea,1887-1897,Army officer and explorer whose expeditions in the Horn of Africa were closely connected with Italian territorial ambitions in Somalia and Ethiopia.,https://www.treccani.it/enciclopedia/vittorio-bottego_%28Dizionario-Biografico%29/,,False,verified_manual,84194
426196,A747,099001,VIA FRANCESCO CRISPI,,VIA FRANCESCO CRISPI,Bellaria-Igea Marina,Emilia-Romagna,099001,crispi_francesco,Francesco Crispi,Francesco Crispi,100.0,exact_canonical,francesco crispi,accepted_auto,Francesco Crispi,political_and_administration,Eritrea;Ethiopia;Somalia,1887-1896,Prime minister and a principal political promoter of Italian colonial expansion in the Horn of Africa; his policy culminated in the war ending at Adwa.,https://www.treccani.it/enciclopedia/francesco-crispi/,,False,verified_manual,84194
760441,A944,037006,VIA VITTORIO BOTTEGO,,VIA VITTORIO BOTTEGO,Bologna,Emilia-Romagna,037006,bottego_vittorio,Vittorio Bottego,Vittorio Bottego,100.0,exact_canonical,vittorio bottego,accepted_auto,Vittorio Bottego,exploration_geography,Somalia;Ethiopia;Eritrea,1887-1897,Army officer and explorer whose expeditions in the Horn of Africa were closely connected with Italian territorial ambitions in Somalia and Ethiopia.,https://www.treccani.it/enciclopedia/vittorio-bottego_%28Dizionario-Biografico%29/,,False,verified_manual,84194
877692,B042,034006,VIALE VITTORIO BOTTEGO,,VIALE VITTORIO BOTTEGO,Borgo Val di Taro,Emilia-Romagna,034006,bottego_vittorio,Vittorio Bottego,Vittorio Bottego,100.0,exact_canonical,vittorio bottego,accepted_auto,Vittorio Bottego,exploration_geography,Somalia;Ethiopia;Eritrea,1887-1897,Army officer and explorer whose expeditions in the Horn of Africa were closely connected with Italian territorial ambitions in Somalia and Ethiopia.,https://www.treccani.it/enciclopedia/vittorio-bottego_%28Dizionario-Biografico%29/,,False,verified_manual,84194
764705,B643,033010,VIALE DUCA DEGLI ABRUZZI,,VIALE DUCA DEGLI ABRUZZI,Caorso,Emilia-Romagna,033010,savoiaaosta_luigiamedeo,Luigi Amedeo di Savoia-Aosta,Duca degli Abruzzi,100.0,exact_alias,duca degli abruzzi,accepted_auto,Luigi Amedeo di Savoia-Aosta;Duca degli Abruzzi,economic_and_colonization,Somalia,1919-1933,"Prince, explorer and founder of the large agricultural settlement and company at Villaggio Duca degli Abruzzi in Italian Somalia.",https://www.treccani.it/enciclopedia/savoia-aosta-luigi-amedeo-giuseppe-maria-ferdinando-francesco-di-duca-degli-abruzzi_%28Dizionario-Biografico%29/,,False,verified_manual,84194
845711,B825,035011,VIA FRANCESCO CRISPI,,VIA FRANCESCO CRISPI,Carpineti,Emilia-Romagna,035011,crispi_francesco,Francesco Crispi,Francesco Crispi,100.0,exact_canonical,francesco crispi,accepted_auto,Francesco Crispi,political_and_administration,Eritrea;Ethiopia;Somalia,1887-1896,Prime minister and a principal political promoter of Italian colonial expansion in the Horn of Africa; his policy culminated in the war ending at Adwa.,https://www.treccani.it/enciclopedia/francesco-crispi/,,False,verified_manual,84194
443369,C357,099002,VIALE FRANCESCO CRISPI,,VIALE FRANCESCO CRISPI,Cattolica,Emilia-Romagna,099002,crispi_francesco,Francesco Crispi,Francesco Crispi,100.0,exact_canonical,francesco crispi,accepted_auto,Francesco Crispi,political_and_administration,Eritrea;Ethiopia;Somalia,1887-1896,Prime minister and a principal political promoter of Italian colonial expansion in the Horn of Africa; his policy culminated in the war ending at Adwa.,https://www.treccani.it/enciclopedia/francesco-crispi/,,False,verified_manual,84194
642105,C573,040007,VIA VITTORIO BOTTEGO,,VIA VITTORIO BOTTEGO,Cesena,Emilia-Romagna,040007,bottego_vittorio,Vittorio Bottego,Vittorio Bottego,100.0,exact_canonical,vittorio bottego,accepted_auto,Vittorio Bottego,exploration_geography,Somalia;Ethiopia;Eritrea,1887-1897,Army officer and explorer whose expeditions in the Horn of Africa were closely connected with Italian territorial ambitions in Somalia and Ethiopia.,https://www.treccani.it/enciclopedia/vittorio-bottego_%28Dizionario-Biografico%29/,,False,verified_manual,84194
806610,C574,040008,VIA FRANCESCO CRISPI,,VIA FRANCESCO CRISPI,Cesenatico,Emilia-Romagna,040008,crispi_francesco,Francesco Crispi,Francesco Crispi,100.0,exact_canonical,francesco crispi,accepted_auto,Francesco Crispi,political_and_administration,Eritrea;Ethiopia;Somalia,1887-1896,Prime minister and a principal political promoter of Italian colonial expansion in the Horn of Africa; his policy culminated in the war ending at Adwa.,https://www.treccani.it/enciclopedia/francesco-crispi/,,False,verified_manual,84194
536985,C904,034010,VIA VITTORIO BOTTEGO,,VIA VITTORIO BOTTEGO,Colorno,Emilia-Romagna,034010,bottego_vittorio,Vittorio Bottego,Vittorio Bottego,100.0,exact_canonical,vittorio bottego,accepted_auto,Vittorio Bottego,exploration_geography,Somalia;Ethiopia;Eritrea,1887-1897,Army officer and explorer whose expeditions in the Horn of Africa were closely connected with Italian territorial ambitions in Somalia and Ethiopia.,https://www.treccani.it/enciclopedia/vittorio-bottego_%28Dizionario-Biografico%29/,,False,verified_manual,84194
986611,C912,038006,VIA FRANCESCO CRISPI,,VIA FRANCESCO CRISPI,Comacchio,Emilia-Romagna,038006,crispi_francesco,Francesco Crispi,Francesco Crispi,100.0,exact_canonical,francesco crispi,accepted_auto,Francesco Crispi,political_and_administration,Eritrea;Ethiopia;Somalia,1887-1896,Prime minister and a principal political promoter of Italian colonial expansion in the Horn of Africa; his policy culminated in the war ending at Adwa.,https://www.treccani.it/enciclopedia/francesco-crispi/,,False,verified_manual,84194
968783,C934,034011,VIA DUCA DEGLI ABRUZZI,,VIA DUCA DEGLI ABRUZZI,Compiano,Emilia-Romagna,034011,savoiaaosta_luigiamedeo,Luigi Amedeo di Savoia-Aosta,Duca degli Abruzzi,100.0,exact_alias,duca degli abruzzi,accepted_auto,Luigi Amedeo di Savoia-Aosta;Duca degli Abruzzi,economic_and_colonization,Somalia,1919-1933,"Prince, explorer and founder of the large agricultural settlement and company at Villaggio Duca degli Abruzzi in Italian Somalia.",https://www.treccani.it/enciclopedia/savoia-aosta-luigi-amedeo-giuseppe-maria-ferdinando-francesco-di-duca-degli-abruzzi_%28Dizionario-Biografico%29/,,False,verified_manual,84194
762432,D121,039009,VIA FRANCESCO CRISPI,,VIA FRANCESCO CRISPI,Cotignola,Emilia-Romagna,039009,crispi_francesco,Francesco Crispi,Francesco Crispi,100.0,exact_canonical,francesco crispi,accepted_auto,Francesco Crispi,political_and_administration,Eritrea;Ethiopia;Somalia,1887-1896,Prime minister and a principal political promoter of Italian colonial expansion in the Horn of Africa; his policy culminated in the war ending at Adwa.,https://www.treccani.it/enciclopedia/francesco-crispi/,,False,verified_manual,84194
933218,D526,034013,VIA VITTORIO BOTTEGO,,VIA VITTORIO BOTTEGO,Felino,Emilia-Romagna,034013,bottego_vittorio,Vittorio Bottego,Vittorio Bottego,100.0,exact_canonical,vittorio bottego,accepted_auto,Vittorio Bottego,exploration_geography,Somalia;Ethiopia;Eritrea,1887-1897,Army officer and explorer whose expeditions in the Horn of Africa were closely connected with Italian territorial ambitions in Somalia and Ethiopia.,https://www.treccani.it/enciclopedia/vittorio-bottego_%28Dizionario-Biografico%29/,,False,verified_manual,84194
1083133,D548,038008,VIA CARLO CANEVA,,VIA CARLO CANEVA,Ferrara,Emilia-Romagna,038008,caneva_carlo,Carlo Caneva,Carlo Caneva,100.0,exact_canonical,carlo caneva,accepted_auto,Carlo Caneva,military,Libya,1911-1912,Commander of the Italian expeditionary force during the invasion of Ottoman Libya in the Italo-Turkish War.,https://it.wikipedia.org/wiki/Carlo_Caneva,,False,verified_manual,84194
1084475,D548,038008,VIA VINCENZO MAGLIOCCO,,VIA VINCENZO MAGLIOCCO,Ferrara,Emilia-Romagna,038008,magliocco_vincenzo,Vincenzo Magliocco,Vincenzo Magliocco,100.0,exact_canonical,vincenzo magliocco,accepted_auto,Vincenzo Magliocco;Magliocco,military,Ethiopia,1935-1936,Italian air-force general active in Ethiopia; commemorated by a street in Milan documented by the colonial-odonymy project.,https://museonazionaleresistenza.it/story/la-storia-raccontata-attraverso-le-vie-della-citta/,,True,verified,84194
1084334,D548,038008,VIA VITTORIO BOTTEGO,,VIA VITTORIO BOTTEGO,Ferrara,Emilia-Romagna,038008,bottego_vittorio,Vittorio Bottego,Vittorio Bottego,100.0,exact_canonical,vittorio bottego,accepted_auto,Vittorio Bottego,exploration_geography,Somalia;Ethiopia;Eritrea,1887-1897,Army officer and explorer whose expeditions in the Horn of Africa were closely connected with Italian territorial ambitions in Somalia and Ethiopia.,https://www.treccani.it/enciclopedia/vittorio-bottego_%28Dizionario-Biografico%29/,,False,verified_manual,84194
728912,D607,036013,VIA FRANCESCO CRISPI,,VIA FRANCESCO CRISPI,Fiorano Modenese,Emilia-Romagna,036013,crispi_francesco,Francesco Crispi,Francesco Crispi,100.0,exact_canonical,francesco crispi,accepted_auto,Francesco Crispi,political_and_administration,Eritrea;Ethiopia;Somalia,1887-1896,Prime minister and a principal political promoter of Italian colonial expansion in the Horn of Africa; his policy culminated in the war ending at Adwa.,https://www.treccani.it/enciclopedia/francesco-crispi/,,False,verified_manual,84194
753695,D728,034017,VIA VITTORIO BOTTEGO,,VIA VITTORIO BOTTEGO,Fornovo di Taro,Emilia-Romagna,034017,bottego_vittorio,Vittorio Bottego,Vittorio Bottego,100.0,exact_canonical,vittorio bottego,accepted_auto,Vittorio Bottego,exploration_geography,Somalia;Ethiopia;Eritrea,1887-1897,Army officer and explorer whose expeditions in the Horn of Africa were closely connected with Italian territorial ambitions in Somalia and Ethiopia.,https://www.treccani.it/enciclopedia/vittorio-bottego_%28Dizionario-Biografico%29/,,False,verified_manual,84194
421105,D934,035022,VIA FRANCESCO CRISPI,,VIA FRANCESCO CRISPI,Gattatico,Emilia-Romagna,035022,crispi_francesco,Francesco Crispi,Francesco Crispi,100.0,exact_canonical,francesco crispi,accepted_auto,Francesco Crispi,political_and_administration,Eritrea;Ethiopia;Somalia,1887-1896,Prime minister and a principal political promoter of Italian colonial expansion in the Horn of Africa; his policy culminated in the war ending at Adwa.,https://www.treccani.it/enciclopedia/francesco-crispi/,,False,verified_manual,84194
807128,E438,034018,VIA VITTORIO BOTTEGO,,VIA VITTORIO BOTTEGO,Langhirano,Emilia-Romagna,034018,bottego_vittorio,Vittorio Bottego,Vittorio Bottego,100.0,exact_canonical,vittorio bottego,accepted_auto,Vittorio Bottego,exploration_geography,Somalia;Ethiopia;Eritrea,1887-1897,Army officer and explorer whose expeditions in the Horn of Africa were closely connected with Italian territorial ambitions in Somalia and Ethiopia.,https://www.treccani.it/enciclopedia/vittorio-bottego_%28Dizionario-Biografico%29/,,False,verified_manual,84194
672922,E904,036019,VIA FRANCESCO CRISPI,,VIA FRANCESCO CRISPI,Maranello,Emilia-Romagna,036019,crispi_francesco,Francesco Crispi,Francesco Crispi,100.0,exact_canonical,francesco crispi,accepted_auto,Francesco Crispi,political_and_administration,Eritrea;Ethiopia;Somalia,1887-1896,Prime minister and a principal political promoter of Italian colonial expansion in the Horn of Africa; his policy culminated in the war ending at Adwa.,https://www.treccani.it/enciclopedia/francesco-crispi/,,False,verified_manual,84194
730989,F240,036022,VIA VITTORIO BOTTEGO,,VIA VITTORIO BOTTEGO,Mirandola,Emilia-Romagna,036022,bottego_vittorio,Vittorio Bottego,Vittorio Bottego,100.0,exact_canonical,vittorio bottego,accepted_auto,Vittorio Bottego,exploration_geography,Somalia;Ethiopia;Eritrea,1887-1897,Army officer and explorer whose expeditions in the Horn of Africa were closely connected with Italian territorial ambitions in Somalia and Ethiopia.,https://www.treccani.it/enciclopedia/vittorio-bottego_%28Dizionario-Biografico%29/,,False,verified_manual,84194
742215,F257,036023,VIA GIUSEPPE GALLIANO,,VIA GIUSEPPE GALLIANO,Modena,Emilia-Romagna,036023,galliano_giuseppe,Giuseppe Galliano,Giuseppe Galliano,100.0,exact_canonical,giuseppe galliano,accepted_auto,Giuseppe Galliano;Galliano,military,Eritrea;Ethiopia,1880s-1890s,Italian officer active in the colonial campaigns in Eritrea and Ethiopia.,https://www.lastampa.it/torino/2023/03/22/news/nomi_vie_piazze_colonialismo-12713667/,,True,verified,84194
742879,F257,036023,VIA VITTORIO BOTTEGO,,VIA VITTORIO BOTTEGO,Modena,Emilia-Romagna,036023,bottego_vittorio,Vittorio Bottego,Vittorio Bottego,100.0,exact_canonical,vittorio bottego,accepted_auto,Vittorio Bottego,exploration_geography,Somalia;Ethiopia;Eritrea,1887-1897,Army officer and explorer whose expeditions in the Horn of Africa were closely connected with Italian territorial ambitions in Somalia and Ethiopia.,https://www.treccani.it/enciclopedia/vittorio-bottego_%28Dizionario-Biografico%29/,,False,verified_manual,84194
742046,F257,036023,VIALE FRANCESCO CRISPI,,VIALE FRANCESCO CRISPI,Modena,Emilia-Romagna,036023,crispi_francesco,Francesco Crispi,Francesco Crispi,100.0,exact_canonical,francesco crispi,accepted_auto,Francesco Crispi,political_and_administration,Eritrea;Ethiopia;Somalia,1887-1896,Prime minister and a principal political promoter of Italian colonial expansion in the Horn of Africa; his policy culminated in the war ending at Adwa.,https://www.treccani.it/enciclopedia/francesco-crispi/,,False,verified_manual,84194
439039,F715,099011,VIA FRANCESCO CRISPI,,VIA FRANCESCO CRISPI,Morciano di Romagna,Emilia-Romagna,099011,crispi_francesco,Francesco Crispi,Francesco Crispi,100.0,exact_canonical,francesco crispi,accepted_auto,Francesco Crispi,political_and_administration,Eritrea;Ethiopia;Somalia,1887-1896,Prime minister and a principal political promoter of Italian colonial expansion in the Horn of Africa; his policy culminated in the war ending at Adwa.,https://www.treccani.it/enciclopedia/francesco-crispi/,,False,verified_manual,84194
531251,G337,034027,VIA FRANCESCO CRISPI,,VIA FRANCESCO CRISPI,Parma,Emilia-Romagna,034027,crispi_francesco,Francesco Crispi,Francesco Crispi,100.0,exact_canonical,francesco crispi,accepted_auto,Francesco Crispi,political_and_administration,Eritrea;Ethiopia;Somalia,1887-1896,Prime minister and a principal political promoter of Italian colonial expansion in the Horn of Africa; his policy culminated in the war ending at Adwa.,https://www.treccani.it/enciclopedia/francesco-crispi/,,False,verified_manual,84194
531108,G337,034027,VIALE VITTORIO BOTTEGO,,VIALE VITTORIO BOTTEGO,Parma,Emilia-Romagna,034027,bottego_vittorio,Vittorio Bottego,Vittorio Bottego,100.0,exact_canonical,vittorio bottego,accepted_auto,Vittorio Bottego,exploration_geography,Somalia;Ethiopia;Eritrea,1887-1897,Army officer and explorer whose expeditions in the Horn of Africa were closely connected with Italian territorial ambitions in Somalia and Ethiopia.,https://www.treccani.it/enciclopedia/vittorio-bottego_%28Dizionario-Biografico%29/,,False,verified_manual,84194
521612,G424,034028,VIA VITTORIO BOTTEGO,,VIA VITTORIO BOTTEGO,Pellegrino Parmense,Emilia-Romagna,034028,bottego_vittorio,Vittorio Bottego,Vittorio Bottego,100.0,exact_canonical,vittorio bottego,accepted_auto,Vittorio Bottego,exploration_geography,Somalia;Ethiopia;Eritrea,1887-1897,Army officer and explorer whose expeditions in the Horn of Africa were closely connected with Italian territorial ambitions in Somalia and Ethiopia.,https://www.treccani.it/enciclopedia/vittorio-bottego_%28Dizionario-Biografico%29/,,False,verified_manual,84194
133171,G535,033032,VIA DUCA DEGLI ABRUZZI,,VIA DUCA DEGLI ABRUZZI,Piacenza,Emilia-Romagna,033032,savoiaaosta_luigiamedeo,Luigi Amedeo di Savoia-Aosta,Duca degli Abruzzi,100.0,exact_alias,duca degli abruzzi,accepted_auto,Luigi Amedeo di Savoia-Aosta;Duca degli Abruzzi,economic_and_colonization,Somalia,1919-1933,"Prince, explorer and founder of the large agricultural settlement and company at Villaggio Duca degli Abruzzi in Italian Somalia.",https://www.treccani.it/enciclopedia/savoia-aosta-luigi-amedeo-giuseppe-maria-ferdinando-francesco-di-duca-degli-abruzzi_%28Dizionario-Biografico%29/,,False,verified_manual,84194
289584,G947,035029,VIA FRANCESCO CRISPI,,VIA FRANCESCO CRISPI,Poviglio,Emilia-Romagna,035029,crispi_francesco,Francesco Crispi,Francesco Crispi,100.0,exact_canonical,francesco crispi,accepted_auto,Francesco Crispi,political_and_administration,Eritrea;Ethiopia;Somalia,1887-1896,Prime minister and a principal political promoter of Italian colonial expansion in the Horn of Africa; his policy culminated in the war ending at Adwa.,https://www.treccani.it/enciclopedia/francesco-crispi/,,False,verified_manual,84194
289591,G947,035029,VIA GALLIANO,,VIA GALLIANO,Poviglio,Emilia-Romagna,035029,galliano_giuseppe,Giuseppe Galliano,Galliano,100.0,exact_surname,galliano,needs_review,Giuseppe Galliano;Galliano,military,Eritrea;Ethiopia,1880s-1890s,Italian officer active in the colonial campaigns in Eritrea and Ethiopia.,https://www.lastampa.it/torino/2023/03/22/news/nomi_vie_piazze_colonialismo-12713667/,,True,verified,84194
895394,H199,039014,VIA FRANCESCO CRISPI,,VIA FRANCESCO CRISPI,Ravenna,Emilia-Romagna,039014,crispi_francesco,Francesco Crispi,Francesco Crispi,100.0,exact_canonical,francesco crispi,accepted_auto,Francesco Crispi,political_and_administration,Eritrea;Ethiopia;Somalia,1887-1896,Prime minister and a principal political promoter of Italian colonial expansion in the Horn of Africa; his policy culminated in the war ending at Adwa.,https://www.treccani.it/enciclopedia/francesco-crispi/,,False,verified_manual,84194
894635,H199,039014,VIA LUIGI MERCATELLI,,VIA LUIGI MERCATELLI,Ravenna,Emilia-Romagna,039014,mercatelli_luigi,Luigi Mercatelli,Luigi Mercatelli,100.0,exact_canonical,luigi mercatelli,accepted_auto,Luigi Mercatelli,political_and_administration,Somalia;Libya,1905-1921,"Commissioner in Italian Somalia and governor of Tripolitania, where he managed Italian colonial rule during continued Libyan resistance.",https://www.treccani.it/enciclopedia/luigi-mercatelli_%28Dizionario-Biografico%29/,,False,verified_manual,84194
905171,H223,035033,PIAZZA DUCA DEGLI ABRUZZI,,PIAZZA DUCA DEGLI ABRUZZI,Reggio nell'Emilia,Emilia-Romagna,035033,savoiaaosta_luigiamedeo,Luigi Amedeo di Savoia-Aosta,Duca degli Abruzzi,100.0,exact_alias,duca degli abruzzi,accepted_auto,Luigi Amedeo di Savoia-Aosta;Duca degli Abruzzi,economic_and_colonization,Somalia,1919-1933,"Prince, explorer and founder of the large agricultural settlement and company at Villaggio Duca degli Abruzzi in Italian Somalia.",https://www.treccani.it/enciclopedia/savoia-aosta-luigi-amedeo-giuseppe-maria-ferdinando-francesco-di-duca-degli-abruzzi_%28Dizionario-Biografico%29/,,False,verified_manual,84194
905303,H223,035033,VIA FRANCESCO CRISPI,,VIA FRANCESCO CRISPI,Reggio nell'Emilia,Emilia-Romagna,035033,crispi_francesco,Francesco Crispi,Francesco Crispi,100.0,exact_canonical,francesco crispi,accepted_auto,Francesco Crispi,political_and_administration,Eritrea;Ethiopia;Somalia,1887-1896,Prime minister and a principal political promoter of Italian colonial expansion in the Horn of Africa; his policy culminated in the war ending at Adwa.,https://www.treccani.it/enciclopedia/francesco-crispi/,,False,verified_manual,84194
905496,H223,035033,VIA GIUSEPPE GALLIANO,,VIA GIUSEPPE GALLIANO,Reggio nell'Emilia,Emilia-Romagna,035033,galliano_giuseppe,Giuseppe Galliano,Giuseppe Galliano,100.0,exact_canonical,giuseppe galliano,accepted_auto,Giuseppe Galliano;Galliano,military,Eritrea;Ethiopia,1880s-1890s,Italian officer active in the colonial campaigns in Eritrea and Ethiopia.,https://www.lastampa.it/torino/2023/03/22/news/nomi_vie_piazze_colonialismo-12713667/,,True,verified,84194
905935,H223,035033,VIA PIETRO TOSELLI,,VIA PIETRO TOSELLI,Reggio nell'Emilia,Emilia-Romagna,035033,toselli_pietro,Pietro Toselli,Pietro Toselli,100.0,exact_canonical,pietro toselli,accepted_auto,Pietro Toselli;Toselli;Maggiore Toselli,military,Eritrea;Ethiopia,1890s,Italian officer in the colonial campaigns in the Horn of Africa; killed at Amba Alagi in 1895.,https://www.tandfonline.com/doi/full/10.1080/1369801X.2023.2222710,,True,verified,84194
906200,H223,035033,VIA VITTORIO BOTTEGO,,VIA VITTORIO BOTTEGO,Reggio nell'Emilia,Emilia-Romagna,035033,bottego_vittorio,Vittorio Bottego,Vittorio Bottego,100.0,exact_canonical,vittorio bottego,accepted_auto,Vittorio Bottego,exploration_geography,Somalia;Ethiopia;Eritrea,1887-1897,Army officer and explorer whose expeditions in the Horn of Africa were closely connected with Italian territorial ambitions in Somalia and Ethiopia.,https://www.treccani.it/enciclopedia/vittorio-bottego_%28Dizionario-Biografico%29/,,False,verified_manual,84194
832350,H225,035032,VICOLO FRANCESCO CRISPI,,VICOLO FRANCESCO CRISPI,Reggiolo,Emilia-Romagna,035032,crispi_francesco,Francesco Crispi,Francesco Crispi,100.0,exact_canonical,francesco crispi,accepted_auto,Francesco Crispi,political_and_administration,Eritrea;Ethiopia;Somalia,1887-1896,Prime minister and a principal political promoter of Italian colonial expansion in the Horn of Africa; his policy culminated in the war ending at Adwa.,https://www.treccani.it/enciclopedia/francesco-crispi/,,False,verified_manual,84194
591540,H294,099014,VIA DUCA DEGLI ABRUZZI,,VIA DUCA DEGLI ABRUZZI,Rimini,Emilia-Romagna,099014,savoiaaosta_luigiamedeo,Luigi Amedeo di Savoia-Aosta,Duca degli Abruzzi,100.0,exact_alias,duca degli abruzzi,accepted_auto,Luigi Amedeo di Savoia-Aosta;Duca degli Abruzzi,economic_and_colonization,Somalia,1919-1933,"Prince, explorer and founder of the large agricultural settlement and company at Villaggio Duca degli Abruzzi in Italian Somalia.",https://www.treccani.it/enciclopedia/savoia-aosta-luigi-amedeo-giuseppe-maria-ferdinando-francesco-di-duca-degli-abruzzi_%28Dizionario-Biografico%29/,,False,verified_manual,84194
591609,H294,099014,VIA FERDINANDO MARTINI,,VIA FERDINANDO MARTINI,Rimini,Emilia-Romagna,099014,martini_ferdinando,Ferdinando Martini,Ferdinando Martini,100.0,exact_canonical,ferdinando martini,accepted_auto,Ferdinando Martini;Martini,political_and_administration,Eritrea,1897-1907,Italian politician and governor of Eritrea from 1897 to 1907.,https://www.tandfonline.com/doi/full/10.1080/1369801X.2023.2222710,,False,verified,84194
591651,H294,099014,VIA FRANCESCO CRISPI,,VIA FRANCESCO CRISPI,Rimini,Emilia-Romagna,099014,crispi_francesco,Francesco Crispi,Francesco Crispi,100.0,exact_canonical,francesco crispi,accepted_auto,Francesco Crispi,political_and_administration,Eritrea;Ethiopia;Somalia,1887-1896,Prime minister and a principal political promoter of Italian colonial expansion in the Horn of Africa; his policy culminated in the war ending at Adwa.,https://www.treccani.it/enciclopedia/francesco-crispi/,,False,verified_manual,84194
591821,H294,099014,VIA GIUSEPPE GALLIANO,,VIA GIUSEPPE GALLIANO,Rimini,Emilia-Romagna,099014,galliano_giuseppe,Giuseppe Galliano,Giuseppe Galliano,100.0,exact_canonical,giuseppe galliano,accepted_auto,Giuseppe Galliano;Galliano,military,Eritrea;Ethiopia,1880s-1890s,Italian officer active in the colonial campaigns in Eritrea and Ethiopia.,https://www.lastampa.it/torino/2023/03/22/news/nomi_vie_piazze_colonialismo-12713667/,,True,verified,84194
592176,H294,099014,VIA ORAZIO ANTINORI,,VIA ORAZIO ANTINORI,Rimini,Emilia-Romagna,099014,antinori_orazio,Orazio Antinori,Orazio Antinori,100.0,exact_canonical,orazio antinori,accepted_auto,Orazio Antinori,exploration_geography,Ethiopia;Eritrea,1870s-1882,Explorer and naturalist whose Ethiopian expeditions and diplomatic role helped establish early Italian political influence in Shoa.,https://www.treccani.it/enciclopedia/orazio-antinori_%28Enciclopedia-Italiana%29/,,False,verified_manual,84194
592246,H294,099014,VIA PIETRO ANTONELLI,,VIA PIETRO ANTONELLI,Rimini,Emilia-Romagna,099014,antonelli_pietro,Pietro Antonelli,Pietro Antonelli,100.0,exact_canonical,pietro antonelli,accepted_auto,Pietro Antonelli;Conte Pietro Antonelli,political_and_administration,Ethiopia;Eritrea,1880s-1890s,"Explorer-diplomat central to Italian policy toward Menelik and negotiator of the Treaty of Wuchale, used by Italy to claim a protectorate over Ethiopia.",https://www.treccani.it/enciclopedia/conte-pietro-antonelli_%28Enciclopedia-Italiana%29/,,False,verified_manual,84194
592259,H294,099014,VIA PIETRO TOSELLI,,VIA PIETRO TOSELLI,Rimini,Emilia-Romagna,099014,toselli_pietro,Pietro Toselli,Pietro Toselli,100.0,exact_canonical,pietro toselli,accepted_auto,Pietro Toselli;Toselli;Maggiore Toselli,military,Eritrea;Ethiopia,1890s,Italian officer in the colonial campaigns in the Horn of Africa; killed at Amba Alagi in 1895.,https://www.tandfonline.com/doi/full/10.1080/1369801X.2023.2222710,,True,verified,84194
592375,H294,099014,VIA TANCREDI SALETTA,,VIA TANCREDI SALETTA,Rimini,Emilia-Romagna,099014,saletta_tancredi,Tancredi Saletta,Tancredi Saletta,100.0,exact_canonical,tancredi saletta,accepted_auto,Tancredi Saletta,military_and_administration,Eritrea,1885,"Commander of the Italian expedition that occupied Massaua, an early decisive step in the creation of Italian Eritrea.",https://it.wikipedia.org/wiki/Tancredi_Saletta,Q3980765,False,verified_manual,84194
592602,H294,099014,VIA VITTORIO BOTTEGO,,VIA VITTORIO BOTTEGO,Rimini,Emilia-Romagna,099014,bottego_vittorio,Vittorio Bottego,Vittorio Bottego,100.0,exact_canonical,vittorio bottego,accepted_auto,Vittorio Bottego,exploration_geography,Somalia;Ethiopia;Eritrea,1887-1897,Army officer and explorer whose expeditions in the Horn of Africa were closely connected with Italian territorial ambitions in Somalia and Ethiopia.,https://www.treccani.it/enciclopedia/vittorio-bottego_%28Dizionario-Biografico%29/,,False,verified_manual,84194
591090,H294,099014,VIALE ANTONIO LOCATELLI,,VIALE ANTONIO LOCATELLI,Rimini,Emilia-Romagna,099014,locatelli_antonio,Antonio Locatelli,Antonio Locatelli,100.0,exact_canonical,antonio locatelli,accepted_auto,Antonio Locatelli;Locatelli,military,Ethiopia,1935-1936,"Aviator and volunteer in the war against Ethiopia, later commemorated in Italian public space.",https://www.tandfonline.com/doi/full/10.1080/1369801X.2023.2222710,,False,verified,84194
596950,H720,034032,VIA VITTORIO BOTTEGO,,VIA VITTORIO BOTTEGO,Salsomaggiore Terme,Emilia-Romagna,034032,bottego_vittorio,Vittorio Bottego,Vittorio Bottego,100.0,exact_canonical,vittorio bottego,accepted_auto,Vittorio Bottego,exploration_geography,Somalia;Ethiopia;Eritrea,1887-1897,Army officer and explorer whose expeditions in the Horn of Africa were closely connected with Italian territorial ambitions in Somalia and Ethiopia.,https://www.treccani.it/enciclopedia/vittorio-bottego_%28Dizionario-Biografico%29/,,False,verified_manual,84194
596648,H720,034032,VIALE FRANCESCO CRISPI,,VIALE FRANCESCO CRISPI,Salsomaggiore Terme,Emilia-Romagna,034032,crispi_francesco,Francesco Crispi,Francesco Crispi,100.0,exact_canonical,francesco crispi,accepted_auto,Francesco Crispi,political_and_administration,Eritrea;Ethiopia;Somalia,1887-1896,Prime minister and a principal political promoter of Italian colonial expansion in the Horn of Africa; his policy culminated in the war ending at Adwa.,https://www.treccani.it/enciclopedia/francesco-crispi/,,False,verified_manual,84194
858947,H949,099025,VIA PIETRO TOSELLI,,VIA PIETRO TOSELLI,San Leo,Emilia-Romagna,099025,toselli_pietro,Pietro Toselli,Pietro Toselli,100.0,exact_canonical,pietro toselli,accepted_auto,Pietro Toselli;Toselli;Maggiore Toselli,military,Eritrea;Ethiopia,1890s,Italian officer in the colonial campaigns in the Horn of Africa; killed at Amba Alagi in 1895.,https://www.tandfonline.com/doi/full/10.1080/1369801X.2023.2222710,,True,verified,84194
628700,I462,036040,VIALE FRANCESCO CRISPI,,VIALE FRANCESCO CRISPI,Sassuolo,Emilia-Romagna,036040,crispi_francesco,Francesco Crispi,Francesco Crispi,100.0,exact_canonical,francesco crispi,accepted_auto,Francesco Crispi,political_and_administration,Eritrea;Ethiopia;Somalia,1887-1896,Prime minister and a principal political promoter of Italian colonial expansion in the Horn of Africa; his policy culminated in the war ending at Adwa.,https://www.treccani.it/enciclopedia/francesco-crispi/,,False,verified_manual,84194
629013,I462,036040,VIALE VITTORIO BOTTEGO,,VIALE VITTORIO BOTTEGO,Sassuolo,Emilia-Romagna,036040,bottego_vittorio,Vittorio Bottego,Vittorio Bottego,100.0,exact_canonical,vittorio bottego,accepted_auto,Vittorio Bottego,exploration_geography,Somalia;Ethiopia;Eritrea,1887-1897,Army officer and explorer whose expeditions in the Horn of Africa were closely connected with Italian territorial ambitions in Somalia and Ethiopia.,https://www.treccani.it/enciclopedia/vittorio-bottego_%28Dizionario-Biografico%29/,,False,verified_manual,84194
422449,I496,035040,VIA FRANCESCO CRISPI,,VIA FRANCESCO CRISPI,Scandiano,Emilia-Romagna,035040,crispi_francesco,Francesco Crispi,Francesco Crispi,100.0,exact_canonical,francesco crispi,accepted_auto,Francesco Crispi,political_and_administration,Eritrea;Ethiopia;Somalia,1887-1896,Prime minister and a principal political promoter of Italian colonial expansion in the Horn of Africa; his policy culminated in the war ending at Adwa.,https://www.treccani.it/enciclopedia/francesco-crispi/,,False,verified_manual,84194
800907,L885,036046,VIA ANTONIO LOCATELLI,,VIA ANTONIO LOCATELLI,Vignola,Emilia-Romagna,036046,locatelli_antonio,Antonio Locatelli,Antonio Locatelli,100.0,exact_canonical,antonio locatelli,accepted_auto,Antonio Locatelli;Locatelli,military,Ethiopia,1935-1936,"Aviator and volunteer in the war against Ethiopia, later commemorated in Italian public space.",https://www.tandfonline.com/doi/full/10.1080/1369801X.2023.2222710,,False,verified,84194
923060,M411,034051,VIA VITTORIO BOTTEGO,,VIA VITTORIO BOTTEGO,Sorbolo Mezzani,Emilia-Romagna,034051,bottego_vittorio,Vittorio Bottego,Vittorio Bottego,100.0,exact_canonical,vittorio bottego,accepted_auto,Vittorio Bottego,exploration_geography,Somalia;Ethiopia;Eritrea,1887-1897,Army officer and explorer whose expeditions in the Horn of Africa were closely connected with Italian territorial ambitions in Somalia and Ethiopia.,https://www.treccani.it/enciclopedia/vittorio-bottego_%28Dizionario-Biografico%29/,,False,verified_manual,84194
513779,B215,093007,VIA FRANCESCO CRISPI,,VIA FRANCESCO CRISPI,Brugnera,Friuli-Venezia Giulia,093007,crispi_francesco,Francesco Crispi,Francesco Crispi,100.0,exact_canonical,francesco crispi,accepted_auto,Francesco Crispi,political_and_administration,Eritrea;Ethiopia;Somalia,1887-1896,Prime minister and a principal political promoter of Italian colonial expansion in the Horn of Africa; his policy culminated in the war ending at Adwa.,https://www.treccani.it/enciclopedia/francesco-crispi/,,False,verified_manual,23946
194789,B483,030015,VIA GENERALE CARLO CANEVA,,VIA GENERALE CARLO CANEVA,Camino al Tagliamento,Friuli-Venezia Giulia,030015,caneva_carlo,Carlo Caneva,Carlo Caneva,100.0,exact_canonical,generale carlo caneva,accepted_auto,Carlo Caneva,military,Libya,1911-1912,Commander of the Italian expeditionary force during the invasion of Ottoman Libya in the Italo-Turkish War.,https://it.wikipedia.org/wiki/Carlo_Caneva,,False,verified_manual,23946
511977,C758,030026,VIA VITTORIO BOTTEGO,,VIA VITTORIO BOTTEGO,Cividale del Friuli,Friuli-Venezia Giulia,030026,bottego_vittorio,Vittorio Bottego,Vittorio Bottego,100.0,exact_canonical,vittorio bottego,accepted_auto,Vittorio Bottego,exploration_geography,Somalia;Ethiopia;Eritrea,1887-1897,Army officer and explorer whose expeditions in the Horn of Africa were closely connected with Italian territorial ambitions in Somalia and Ethiopia.,https://www.treccani.it/enciclopedia/vittorio-bottego_%28Dizionario-Biografico%29/,,False,verified_manual,23946
512077,C758,030026,VIALE DUCA DEGLI ABRUZZI,,VIALE DUCA DEGLI ABRUZZI,Cividale del Friuli,Friuli-Venezia Giulia,030026,savoiaaosta_luigiamedeo,Luigi Amedeo di Savoia-Aosta,Duca degli Abruzzi,100.0,exact_alias,duca degli abruzzi,accepted_auto,Luigi Amedeo di Savoia-Aosta;Duca degli Abruzzi,economic_and_colonization,Somalia,1919-1933,"Prince, explorer and founder of the large agricultural settlement and company at Villaggio Duca degli Abruzzi in Italian Somalia.",https://www.treccani.it/enciclopedia/savoia-aosta-luigi-amedeo-giuseppe-maria-ferdinando-francesco-di-duca-degli-abruzzi_%28Dizionario-Biografico%29/,,False,verified_manual,23946
542851,D962,030043,VIA CARLO CANEVA,,VIA CARLO CANEVA,Gemona del Friuli,Friuli-Venezia Giulia,030043,caneva_carlo,Carlo Caneva,Carlo Caneva,100.0,exact_canonical,carlo caneva,accepted_auto,Carlo Caneva,military,Libya,1911-1912,Commander of the Italian expeditionary force during the invasion of Ottoman Libya in the Italo-Turkish War.,https://it.wikipedia.org/wiki/Carlo_Caneva,,False,verified_manual,23946
495188,E098,031007,VIA FRANCESCO CRISPI,,VIA FRANCESCO CRISPI,Gorizia,Friuli-Venezia Giulia,031007,crispi_francesco,Francesco Crispi,Francesco Crispi,100.0,exact_canonical,francesco crispi,accepted_auto,Francesco Crispi,political_and_administration,Eritrea;Ethiopia;Somalia,1887-1896,Prime minister and a principal political promoter of Italian colonial expansion in the Horn of Africa; his policy culminated in the war ending at Adwa.,https://www.treccani.it/enciclopedia/francesco-crispi/,,False,verified_manual,23946
724608,G381,030073,VIA REGINALDO GIULIANI,,VIA REGINALDO GIULIANI,Paularo,Friuli-Venezia Giulia,030073,giuliani_reginaldo,Reginaldo Giuliani,Reginaldo Giuliani,100.0,exact_canonical,reginaldo giuliani,accepted_auto,Reginaldo Giuliani;Giuliani;Padre Reginaldo Giuliani,military_and_religious,Ethiopia,1935-1936,Dominican friar and volunteer military chaplain associated with the war against Ethiopia.,https://www.tandfonline.com/doi/full/10.1080/1369801X.2023.2222710,,False,verified,23946
513991,I904,093044,VIA FRANCESCO CRISPI,,VIA FRANCESCO CRISPI,Spilimbergo,Friuli-Venezia Giulia,093044,crispi_francesco,Francesco Crispi,Francesco Crispi,100.0,exact_canonical,francesco crispi,accepted_auto,Francesco Crispi,political_and_administration,Eritrea;Ethiopia;Somalia,1887-1896,Prime minister and a principal political promoter of Italian colonial expansion in the Horn of Africa; his policy culminated in the war ending at Adwa.,https://www.treccani.it/enciclopedia/francesco-crispi/,,False,verified_manual,23946
513999,I904,093044,VIA GENERALE CARLO CANEVA,,VIA GENERALE CARLO CANEVA,Spilimbergo,Friuli-Venezia Giulia,093044,caneva_carlo,Carlo Caneva,Carlo Caneva,100.0,exact_canonical,generale carlo caneva,accepted_auto,Carlo Caneva,military,Libya,1911-1912,Commander of the Italian expeditionary force during the invasion of Ottoman Libya in the Italo-Turkish War.,https://it.wikipedia.org/wiki/Carlo_Caneva,,False,verified_manual,23946
734066,L424,032006,VIA FRANCESCO CRISPI,,VIA FRANCESCO CRISPI,Trieste,Friuli-Venezia Giulia,032006,crispi_francesco,Francesco Crispi,Francesco Crispi,100.0,exact_canonical,francesco crispi,accepted_auto,Francesco Crispi,political_and_administration,Eritrea;Ethiopia;Somalia,1887-1896,Prime minister and a principal political promoter of Italian colonial expansion in the Horn of Africa; his policy culminated in the war ending at Adwa.,https://www.treccani.it/enciclopedia/francesco-crispi/,,False,verified_manual,23946
734682,L424,032006,VIA VITTORIO BOTTEGO,,VIA VITTORIO BOTTEGO,Trieste,Friuli-Venezia Giulia,032006,bottego_vittorio,Vittorio Bottego,Vittorio Bottego,100.0,exact_canonical,vittorio bottego,accepted_auto,Vittorio Bottego,exploration_geography,Somalia;Ethiopia;Eritrea,1887-1897,Army officer and explorer whose expeditions in the Horn of Africa were closely connected with Italian territorial ambitions in Somalia and Ethiopia.,https://www.treccani.it/enciclopedia/vittorio-bottego_%28Dizionario-Biografico%29/,,False,verified_manual,23946
520370,L483,030129,VIA FRANCESCO CRISPI,,VIA FRANCESCO CRISPI,Udine,Friuli-Venezia Giulia,030129,crispi_francesco,Francesco Crispi,Francesco Crispi,100.0,exact_canonical,francesco crispi,accepted_auto,Francesco Crispi,political_and_administration,Eritrea;Ethiopia;Somalia,1887-1896,Prime minister and a principal political promoter of Italian colonial expansion in the Horn of Africa; his policy culminated in the war ending at Adwa.,https://www.treccani.it/enciclopedia/francesco-crispi/,,False,verified_manual,23946
520393,L483,030129,VIA GENERALE ANTONIO BALDISSERA,,VIA GENERALE ANTONIO BALDISSERA,Udine,Friuli-Venezia Giulia,030129,baldissera_antonio,Antonio Baldissera,Antonio Baldissera,100.0,exact_canonical,generale antonio baldissera,accepted_auto,Antonio Baldissera;Baldissera,military_and_administration,Eritrea;Ethiopia,1880s-1890s,General associated with the occupation and military administration of Eritrea.,https://www.tandfonline.com/doi/full/10.1080/1369801X.2023.2222710,,True,verified,23946
520396,L483,030129,VIA GENERALE CARLO CANEVA,,VIA GENERALE CARLO CANEVA,Udine,Friuli-Venezia Giulia,030129,caneva_carlo,Carlo Caneva,Carlo Caneva,100.0,exact_canonical,generale carlo caneva,accepted_auto,Carlo Caneva,military,Libya,1911-1912,Commander of the Italian expeditionary force during the invasion of Ottoman Libya in the Italo-Turkish War.,https://it.wikipedia.org/wiki/Carlo_Caneva,,False,verified_manual,23946
520398,L483,030129,VIA GIUSEPPE GALLIANO,,VIA GIUSEPPE GALLIANO,Udine,Friuli-Venezia Giulia,030129,galliano_giuseppe,Giuseppe Galliano,Giuseppe Galliano,100.0,exact_canonical,giuseppe galliano,accepted_auto,Giuseppe Galliano;Galliano,military,Eritrea;Ethiopia,1880s-1890s,Italian officer active in the colonial campaigns in Eritrea and Ethiopia.,https://www.lastampa.it/torino/2023/03/22/news/nomi_vie_piazze_colonialismo-12713667/,,True,verified,23946
520663,L483,030129,VIA PADRE REGINALDO GIULIANI,,VIA PADRE REGINALDO GIULIANI,Udine,Friuli-Venezia Giulia,030129,giuliani_reginaldo,Reginaldo Giuliani,Reginaldo Giuliani,100.0,exact_canonical,padre reginaldo giuliani,accepted_auto,Reginaldo Giuliani;Giuliani;Padre Reginaldo Giuliani,military_and_religious,Ethiopia,1935-1936,Dominican friar and volunteer military chaplain associated with the war against Ethiopia.,https://www.tandfonline.com/doi/full/10.1080/1369801X.2023.2222710,,False,verified,23946
452092,A019,057001,VIA DUCA DEGLI ABRUZZI,,VIA DUCA DEGLI ABRUZZI,Accumoli,Lazio,057001,savoiaaosta_luigiamedeo,Luigi Amedeo di Savoia-Aosta,Duca degli Abruzzi,100.0,exact_alias,duca degli abruzzi,accepted_auto,Luigi Amedeo di Savoia-Aosta;Duca degli Abruzzi,economic_and_colonization,Somalia,1919-1933,"Prince, explorer and founder of the large agricultural settlement and company at Villaggio Duca degli Abruzzi in Italian Somalia.",https://www.treccani.it/enciclopedia/savoia-aosta-luigi-amedeo-giuseppe-maria-ferdinando-francesco-di-duca-degli-abruzzi_%28Dizionario-Biografico%29/,,False,verified_manual,75685
368098,A054,060002,VICOLO FRANCESCO CRISPI,,VICOLO FRANCESCO CRISPI,Acuto,Lazio,060002,crispi_francesco,Francesco Crispi,Francesco Crispi,100.0,exact_canonical,francesco crispi,accepted_auto,Francesco Crispi,political_and_administration,Eritrea;Ethiopia;Somalia,1887-1896,Prime minister and a principal political promoter of Italian colonial expansion in the Horn of Africa; his policy culminated in the war ending at Adwa.,https://www.treccani.it/enciclopedia/francesco-crispi/,,False,verified_manual,75685
1019899,A297,058005,VIA DUCA DEGLI ABRUZZI,,VIA DUCA DEGLI ABRUZZI,Anguillara Sabazia,Lazio,058005,savoiaaosta_luigiamedeo,Luigi Amedeo di Savoia-Aosta,Duca degli Abruzzi,100.0,exact_alias,duca degli abruzzi,accepted_auto,Luigi Amedeo di Savoia-Aosta;Duca degli Abruzzi,economic_and_colonization,Somalia,1919-1933,"Prince, explorer and founder of the large agricultural settlement and company at Villaggio Duca degli Abruzzi in Italian Somalia.",https://www.treccani.it/enciclopedia/savoia-aosta-luigi-amedeo-giuseppe-maria-ferdinando-francesco-di-duca-degli-abruzzi_%28Dizionario-Biografico%29/,,False,verified_manual,75685
1107724,A323,058007,VIA VITTORIO BOTTEGO,,VIA VITTORIO BOTTEGO,Anzio,Lazio,058007,bottego_vittorio,Vittorio Bottego,Vittorio Bottego,100.0,exact_canonical,vittorio bottego,accepted_auto,Vittorio Bottego,exploration_geography,Somalia;Ethiopia;Eritrea,1887-1897,Army officer and explorer whose expeditions in the Horn of Africa were closely connected with Italian territorial ambitions in Somalia and Ethiopia.,https://www.treccani.it/enciclopedia/vittorio-bottego_%28Dizionario-Biografico%29/,,False,verified_manual,75685
818615,A996,057008,LARGO GALLIANO,,LARGO GALLIANO,Borgo Velino,Lazio,057008,galliano_giuseppe,Giuseppe Galliano,Galliano,100.0,exact_surname,galliano,needs_review,Giuseppe Galliano;Galliano,military,Eritrea;Ethiopia,1880s-1890s,Italian officer active in the colonial campaigns in Eritrea and Ethiopia.,https://www.lastampa.it/torino/2023/03/22/news/nomi_vie_piazze_colonialismo-12713667/,,True,verified,75685
818633,A996,057008,VICOLO TOSELLI,,VICOLO TOSELLI,Borgo Velino,Lazio,057008,toselli_pietro,Pietro Toselli,Toselli,100.0,exact_surname,toselli,needs_review,Pietro Toselli;Toselli;Maggiore Toselli,military,Eritrea;Ethiopia,1890s,Italian officer in the colonial campaigns in the Horn of Africa; killed at Amba Alagi in 1895.,https://www.tandfonline.com/doi/full/10.1080/1369801X.2023.2222710,,True,verified,75685
833702,B008,057007,VIA COLONNELLO GIUSEPPE GALLIANO,,VIA COLONNELLO GIUSEPPE GALLIANO,Borgorose,Lazio,057007,galliano_giuseppe,Giuseppe Galliano,Giuseppe Galliano,100.0,exact_canonical,colonnello giuseppe galliano,accepted_auto,Giuseppe Galliano;Galliano,military,Eritrea;Ethiopia,1880s-1890s,Italian officer active in the colonial campaigns in Eritrea and Ethiopia.,https://www.lastampa.it/torino/2023/03/22/news/nomi_vie_piazze_colonialismo-12713667/,,True,verified,75685
1013419,B472,058014,VIA FRANCESCO CRISPI,,VIA FRANCESCO CRISPI,Camerata Nuova,Lazio,058014,crispi_francesco,Francesco Crispi,Francesco Crispi,100.0,exact_canonical,francesco crispi,accepted_auto,Francesco Crispi,political_and_administration,Eritrea;Ethiopia;Somalia,1887-1896,Prime minister and a principal political promoter of Italian colonial expansion in the Horn of Africa; his policy culminated in the war ending at Adwa.,https://www.treccani.it/enciclopedia/francesco-crispi/,,False,verified_manual,75685
1019046,C104,059004,VIA DUCA DEGLI ABRUZZI,,VIA DUCA DEGLI ABRUZZI,Castelforte,Lazio,059004,savoiaaosta_luigiamedeo,Luigi Amedeo di Savoia-Aosta,Duca degli Abruzzi,100.0,exact_alias,duca degli abruzzi,accepted_auto,Luigi Amedeo di Savoia-Aosta;Duca degli Abruzzi,economic_and_colonization,Somalia,1919-1933,"Prince, explorer and founder of the large agricultural settlement and company at Villaggio Duca degli Abruzzi in Italian Somalia.",https://www.treccani.it/enciclopedia/savoia-aosta-luigi-amedeo-giuseppe-maria-ferdinando-francesco-di-duca-degli-abruzzi_%28Dizionario-Biografico%29/,,False,verified_manual,75685
1019029,C104,059004,VIA TOSELLI,,VIA TOSELLI,Castelforte,Lazio,059004,toselli_pietro,Pietro Toselli,Toselli,100.0,exact_surname,toselli,needs_review,Pietro Toselli;Toselli;Maggiore Toselli,military,Eritrea;Ethiopia,1890s,Italian officer in the colonial campaigns in the Horn of Africa; killed at Amba Alagi in 1895.,https://www.tandfonline.com/doi/full/10.1080/1369801X.2023.2222710,,True,verified,75685
1019040,C104,059004,VIA VITTORIO BOTTEGO,,VIA VITTORIO BOTTEGO,Castelforte,Lazio,059004,bottego_vittorio,Vittorio Bottego,Vittorio Bottego,100.0,exact_canonical,vittorio bottego,accepted_auto,Vittorio Bottego,exploration_geography,Somalia;Ethiopia;Eritrea,1887-1897,Army officer and explorer whose expeditions in the Horn of Africa were closely connected with Italian territorial ambitions in Somalia and Ethiopia.,https://www.treccani.it/enciclopedia/vittorio-bottego_%28Dizionario-Biografico%29/,,False,verified_manual,75685
769692,C268,057015,LARGO TOSELLI,,LARGO TOSELLI,Castel Sant'Angelo,Lazio,057015,toselli_pietro,Pietro Toselli,Toselli,100.0,exact_surname,toselli,needs_review,Pietro Toselli;Toselli;Maggiore Toselli,military,Eritrea;Ethiopia,1890s,Italian officer in the colonial campaigns in the Horn of Africa; killed at Amba Alagi in 1895.,https://www.tandfonline.com/doi/full/10.1080/1369801X.2023.2222710,,True,verified,75685
769635,C268,057015,VIA GALLIANO,,VIA GALLIANO,Castel Sant'Angelo,Lazio,057015,galliano_giuseppe,Giuseppe Galliano,Galliano,100.0,exact_surname,galliano,needs_review,Giuseppe Galliano;Galliano,military,Eritrea;Ethiopia,1880s-1890s,Italian officer active in the colonial campaigns in Eritrea and Ethiopia.,https://www.lastampa.it/torino/2023/03/22/news/nomi_vie_piazze_colonialismo-12713667/,,True,verified,75685
1294984,C740,059005,VIA REGINALDO GIULIANI,,VIA REGINALDO GIULIANI,Cisterna di Latina,Lazio,059005,giuliani_reginaldo,Reginaldo Giuliani,Reginaldo Giuliani,100.0,exact_canonical,reginaldo giuliani,accepted_auto,Reginaldo Giuliani;Giuliani;Padre Reginaldo Giuliani,military_and_religious,Ethiopia,1935-1936,Dominican friar and volunteer military chaplain associated with the war against Ethiopia.,https://www.tandfonline.com/doi/full/10.1080/1369801X.2023.2222710,,False,verified,75685
1117328,C773,058032,VIA DUCA DEGLI ABRUZZI,,VIA DUCA DEGLI ABRUZZI,Civitavecchia,Lazio,058032,savoiaaosta_luigiamedeo,Luigi Amedeo di Savoia-Aosta,Duca degli Abruzzi,100.0,exact_alias,duca degli abruzzi,accepted_auto,Luigi Amedeo di Savoia-Aosta;Duca degli Abruzzi,economic_and_colonization,Somalia,1919-1933,"Prince, explorer and founder of the large agricultural settlement and company at Villaggio Duca degli Abruzzi in Italian Somalia.",https://www.treccani.it/enciclopedia/savoia-aosta-luigi-amedeo-giuseppe-maria-ferdinando-francesco-di-duca-degli-abruzzi_%28Dizionario-Biografico%29/,,False,verified_manual,75685
1117357,C773,058032,VIA FRANCESCO CRISPI,,VIA FRANCESCO CRISPI,Civitavecchia,Lazio,058032,crispi_francesco,Francesco Crispi,Francesco Crispi,100.0,exact_canonical,francesco crispi,accepted_auto,Francesco Crispi,political_and_administration,Eritrea;Ethiopia;Somalia,1887-1896,Prime minister and a principal political promoter of Italian colonial expansion in the Horn of Africa; his policy culminated in the war ending at Adwa.,https://www.treccani.it/enciclopedia/francesco-crispi/,,False,verified_manual,75685
904315,C784,058033,VIA GALLIANO,,VIA GALLIANO,Civitella San Paolo,Lazio,058033,galliano_giuseppe,Giuseppe Galliano,Galliano,100.0,exact_surname,galliano,needs_review,Giuseppe Galliano;Galliano,military,Eritrea;Ethiopia,1880s-1890s,Italian officer active in the colonial campaigns in Eritrea and Ethiopia.,https://www.lastampa.it/torino/2023/03/22/news/nomi_vie_piazze_colonialismo-12713667/,,True,verified,75685
443710,C998,060030,VIA FRANCESCO CRISPI,,VIA FRANCESCO CRISPI,Coreno Ausonio,Lazio,060030,crispi_francesco,Francesco Crispi,Francesco Crispi,100.0,exact_canonical,francesco crispi,accepted_auto,Francesco Crispi,political_and_administration,Eritrea;Ethiopia;Somalia,1887-1896,Prime minister and a principal political promoter of Italian colonial expansion in the Horn of Africa; his policy culminated in the war ending at Adwa.,https://www.treccani.it/enciclopedia/francesco-crispi/,,False,verified_manual,75685
1177416,D662,059007,VIA FRANCESCO CRISPI,,VIA FRANCESCO CRISPI,Fondi,Lazio,059007,crispi_francesco,Francesco Crispi,Francesco Crispi,100.0,exact_canonical,francesco crispi,accepted_auto,Francesco Crispi,political_and_administration,Eritrea;Ethiopia;Somalia,1887-1896,Prime minister and a principal political promoter of Italian colonial expansion in the Horn of Africa; his policy culminated in the war ending at Adwa.,https://www.treccani.it/enciclopedia/francesco-crispi/,,False,verified_manual,75685
444089,D881,060040,VIA MAGGIORE GALLIANO,,VIA MAGGIORE GALLIANO,Gallinaro,Lazio,060040,galliano_giuseppe,Giuseppe Galliano,Galliano,100.0,exact_surname,maggiore galliano,needs_review,Giuseppe Galliano;Galliano,military,Eritrea;Ethiopia,1880s-1890s,Italian officer active in the colonial campaigns in Eritrea and Ethiopia.,https://www.lastampa.it/torino/2023/03/22/news/nomi_vie_piazze_colonialismo-12713667/,,True,verified,75685
1065352,E126,056028,PIAZZA GIUSEPPE GALLIANO,,PIAZZA GIUSEPPE GALLIANO,Gradoli,Lazio,056028,galliano_giuseppe,Giuseppe Galliano,Giuseppe Galliano,100.0,exact_canonical,giuseppe galliano,accepted_auto,Giuseppe Galliano;Galliano,military,Eritrea;Ethiopia,1880s-1890s,Italian officer active in the colonial campaigns in Eritrea and Ethiopia.,https://www.lastampa.it/torino/2023/03/22/news/nomi_vie_piazze_colonialismo-12713667/,,True,verified,75685
1098814,E263,058047,VIA ANTONIO LOCATELLI,,VIA ANTONIO LOCATELLI,Guidonia Montecelio,Lazio,058047,locatelli_antonio,Antonio Locatelli,Antonio Locatelli,100.0,exact_canonical,antonio locatelli,accepted_auto,Antonio Locatelli;Locatelli,military,Ethiopia,1935-1936,"Aviator and volunteer in the war against Ethiopia, later commemorated in Italian public space.",https://www.tandfonline.com/doi/full/10.1080/1369801X.2023.2222710,,False,verified,75685
1099176,E263,058047,VIA FRANCESCO CRISPI,,VIA FRANCESCO CRISPI,Guidonia Montecelio,Lazio,058047,crispi_francesco,Francesco Crispi,Francesco Crispi,100.0,exact_canonical,francesco crispi,accepted_auto,Francesco Crispi,political_and_administration,Eritrea;Ethiopia;Somalia,1887-1896,Prime minister and a principal political promoter of Italian colonial expansion in the Horn of Africa; his policy culminated in the war ending at Adwa.,https://www.treccani.it/enciclopedia/francesco-crispi/,,False,verified_manual,75685
1286220,E375,059010,VIA ITALO BALBO,,VIA ITALO BALBO,Itri,Lazio,059010,balbo_italo,Italo Balbo,Italo Balbo,100.0,exact_canonical,italo balbo,accepted_auto,Italo Balbo;Balbo,political_and_administration,Libya,1934-1940,Governor-General of Italian Libya from 1934 to 1940.,https://www.treccani.it/enciclopedia/italo-balbo/,,True,verified,75685
1158867,E472,059011,VIA PADRE REGINALDO GIULIANI,,VIA PADRE REGINALDO GIULIANI,Latina,Lazio,059011,giuliani_reginaldo,Reginaldo Giuliani,Reginaldo Giuliani,100.0,exact_canonical,padre reginaldo giuliani,accepted_auto,Reginaldo Giuliani;Giuliani;Padre Reginaldo Giuliani,military_and_religious,Ethiopia,1935-1936,Dominican friar and volunteer military chaplain associated with the war against Ethiopia.,https://www.tandfonline.com/doi/full/10.1080/1369801X.2023.2222710,,False,verified,75685
743584,E535,057033,VIALE FRANCESCO CRISPI,,VIALE FRANCESCO CRISPI,Leonessa,Lazio,057033,crispi_francesco,Francesco Crispi,Francesco Crispi,100.0,exact_canonical,francesco crispi,accepted_auto,Francesco Crispi,political_and_administration,Eritrea;Ethiopia;Somalia,1887-1896,Prime minister and a principal political promoter of Italian colonial expansion in the Horn of Africa; his policy culminated in the war ending at Adwa.,https://www.treccani.it/enciclopedia/francesco-crispi/,,False,verified_manual,75685
156631,E812,057035,LARGO FRANCESCO CRISPI,,LARGO FRANCESCO CRISPI,Magliano Sabina,Lazio,057035,crispi_francesco,Francesco Crispi,Francesco Crispi,100.0,exact_canonical,francesco crispi,accepted_auto,Francesco Crispi,political_and_administration,Eritrea;Ethiopia;Somalia,1887-1896,Prime minister and a principal political promoter of Italian colonial expansion in the Horn of Africa; his policy culminated in the war ending at Adwa.,https://www.treccani.it/enciclopedia/francesco-crispi/,,False,verified_manual,75685
1110839,F127,058059,VIA FRANCESCO CRISPI,,VIA FRANCESCO CRISPI,Mentana,Lazio,058059,crispi_francesco,Francesco Crispi,Francesco Crispi,100.0,exact_canonical,francesco crispi,accepted_auto,Francesco Crispi,political_and_administration,Eritrea;Ethiopia;Somalia,1887-1896,Prime minister and a principal political promoter of Italian colonial expansion in the Horn of Africa; his policy culminated in the war ending at Adwa.,https://www.treccani.it/enciclopedia/francesco-crispi/,,False,verified_manual,75685
1286528,F224,059014,VIA ITALO BALBO,,VIA ITALO BALBO,Minturno,Lazio,059014,balbo_italo,Italo Balbo,Italo Balbo,100.0,exact_canonical,italo balbo,accepted_auto,Italo Balbo;Balbo,political_and_administration,Libya,1934-1940,Governor-General of Italian Libya from 1934 to 1940.,https://www.treccani.it/enciclopedia/italo-balbo/,,True,verified,75685
989193,F590,058064,VIA DUCA DEGLI ABRUZZI,,VIA DUCA DEGLI ABRUZZI,Monte Porzio Catone,Lazio,058064,savoiaaosta_luigiamedeo,Luigi Amedeo di Savoia-Aosta,Duca degli Abruzzi,100.0,exact_alias,duca degli abruzzi,accepted_auto,Luigi Amedeo di Savoia-Aosta;Duca degli Abruzzi,economic_and_colonization,Somalia,1919-1933,"Prince, explorer and founder of the large agricultural settlement and company at Villaggio Duca degli Abruzzi in Italian Somalia.",https://www.treccani.it/enciclopedia/savoia-aosta-luigi-amedeo-giuseppe-maria-ferdinando-francesco-di-duca-degli-abruzzi_%28Dizionario-Biografico%29/,,False,verified_manual,75685
1022110,F603,056037,LARGO FRANCESCO CRISPI,,LARGO FRANCESCO CRISPI,Monte Romano,Lazio,056037,crispi_francesco,Francesco Crispi,Francesco Crispi,100.0,exact_canonical,francesco crispi,accepted_auto,Francesco Crispi,political_and_administration,Eritrea;Ethiopia;Somalia,1887-1896,Prime minister and a principal political promoter of Italian colonial expansion in the Horn of Africa; his policy culminated in the war ending at Adwa.,https://www.treccani.it/enciclopedia/francesco-crispi/,,False,verified_manual,75685
779554,G498,057049,VIA DUCA DEGLI ABRUZZI,,VIA DUCA DEGLI ABRUZZI,Pescorocchiano,Lazio,057049,savoiaaosta_luigiamedeo,Luigi Amedeo di Savoia-Aosta,Duca degli Abruzzi,100.0,exact_alias,duca degli abruzzi,accepted_auto,Luigi Amedeo di Savoia-Aosta;Duca degli Abruzzi,economic_and_colonization,Somalia,1919-1933,"Prince, explorer and founder of the large agricultural settlement and company at Villaggio Duca degli Abruzzi in Italian Somalia.",https://www.treccani.it/enciclopedia/savoia-aosta-luigi-amedeo-giuseppe-maria-ferdinando-francesco-di-duca-degli-abruzzi_%28Dizionario-Biografico%29/,,False,verified_manual,75685
779564,G498,057049,VIA GRAZIANI,,VIA GRAZIANI,Pescorocchiano,Lazio,057049,graziani_rodolfo,Rodolfo Graziani,Graziani,100.0,exact_surname,graziani,needs_review,Rodolfo Graziani;Graziani;Maresciallo Graziani,military_and_administration,Libya;Ethiopia,1920s-1937,Senior colonial commander in Libya and commander in the Italo-Ethiopian war; viceroy of Ethiopia in 1936-1937.,https://www.treccani.it/enciclopedia/rodolfo-graziani/,,True,verified,75685
347217,G507,057071,VICOLO GALLIANO,,VICOLO GALLIANO,Turania,Lazio,057071,galliano_giuseppe,Giuseppe Galliano,Galliano,100.0,exact_surname,galliano,needs_review,Giuseppe Galliano;Galliano,military,Eritrea;Ethiopia,1880s-1890s,Italian officer active in the colonial campaigns in Eritrea and Ethiopia.,https://www.lastampa.it/torino/2023/03/22/news/nomi_vie_piazze_colonialismo-12713667/,,True,verified,75685
347224,G507,057071,VICOLO TOSELLI,,VICOLO TOSELLI,Turania,Lazio,057071,toselli_pietro,Pietro Toselli,Toselli,100.0,exact_surname,toselli,needs_review,Pietro Toselli;Toselli;Maggiore Toselli,military,Eritrea;Ethiopia,1890s,Italian officer in the colonial campaigns in the Horn of Africa; killed at Amba Alagi in 1895.,https://www.tandfonline.com/doi/full/10.1080/1369801X.2023.2222710,,True,verified,75685
310961,G598,060052,VIA FRANCESCO CRISPI,,VIA FRANCESCO CRISPI,Piedimonte San Germano,Lazio,060052,crispi_francesco,Francesco Crispi,Francesco Crispi,100.0,exact_canonical,francesco crispi,accepted_auto,Francesco Crispi,political_and_administration,Eritrea;Ethiopia;Somalia,1887-1896,Prime minister and a principal political promoter of Italian colonial expansion in the Horn of Africa; his policy culminated in the war ending at Adwa.,https://www.treccani.it/enciclopedia/francesco-crispi/,,False,verified_manual,75685
1003135,G811,058079,VIA FRANCESCO CRISPI,,VIA FRANCESCO CRISPI,Pomezia,Lazio,058079,crispi_francesco,Francesco Crispi,Francesco Crispi,100.0,exact_canonical,francesco crispi,accepted_auto,Francesco Crispi,political_and_administration,Eritrea;Ethiopia;Somalia,1887-1896,Prime minister and a principal political promoter of Italian colonial expansion in the Horn of Africa; his policy culminated in the war ending at Adwa.,https://www.treccani.it/enciclopedia/francesco-crispi/,,False,verified_manual,75685
914652,H501,058091,LARGO GIACOMO DE MARTINO,,LARGO GIACOMO DE MARTINO,Roma,Lazio,058091,demartino_giacomo1849,Giacomo De Martino,Giacomo De Martino,100.0,exact_canonical,giacomo de martino,accepted_auto,Giacomo De Martino,political_and_administration,Somalia;Eritrea;Libya,1905-1921,"Prominent colonial politician, founder of the Istituto Coloniale Italiano, and governor successively of Somalia, Eritrea and Cyrenaica.",https://www.senato.it/web/senregno.nsf/4c1a0e70e29a1d74c12571140059a394/fb4b4895a600fcc34125646f005aff82,,False,verified_manual,75685
913055,H501,058091,LUNGOMARE DUCA DEGLI ABRUZZI,,LUNGOMARE DUCA DEGLI ABRUZZI,Roma,Lazio,058091,savoiaaosta_luigiamedeo,Luigi Amedeo di Savoia-Aosta,Duca degli Abruzzi,100.0,exact_alias,duca degli abruzzi,accepted_auto,Luigi Amedeo di Savoia-Aosta;Duca degli Abruzzi,economic_and_colonization,Somalia,1919-1933,"Prince, explorer and founder of the large agricultural settlement and company at Villaggio Duca degli Abruzzi in Italian Somalia.",https://www.treccani.it/enciclopedia/savoia-aosta-luigi-amedeo-giuseppe-maria-ferdinando-francesco-di-duca-degli-abruzzi_%28Dizionario-Biografico%29/,,False,verified_manual,75685
915627,H501,058091,PIAZZA GIUSEPPE SAPETO,,PIAZZA GIUSEPPE SAPETO,Roma,Lazio,058091,sapeto_giuseppe,Giuseppe Sapeto,Giuseppe Sapeto,100.0,exact_canonical,giuseppe sapeto,accepted_auto,Giuseppe Sapeto,exploration_geography,Eritrea,1869-1881,"Explorer, orientalist and government agent who negotiated the purchase of Assab for the Rubattino company, a foundational step in Italian colonial expansion in the Red Sea.",https://www.treccani.it/enciclopedia/giuseppe-sapeto_%28Dizionario-Biografico%29/,Q168017,False,verified_manual,75685
921552,H501,058091,PIAZZA VITTORIO BOTTEGO,,PIAZZA VITTORIO BOTTEGO,Roma,Lazio,058091,bottego_vittorio,Vittorio Bottego,Vittorio Bottego,100.0,exact_canonical,vittorio bottego,accepted_auto,Vittorio Bottego,exploration_geography,Somalia;Ethiopia;Eritrea,1887-1897,Army officer and explorer whose expeditions in the Horn of Africa were closely connected with Italian territorial ambitions in Somalia and Ethiopia.,https://www.treccani.it/enciclopedia/vittorio-bottego_%28Dizionario-Biografico%29/,,False,verified_manual,75685
907191,H501,058091,VIA ANTONIO BALDISSERA,,VIA ANTONIO BALDISSERA,Roma,Lazio,058091,baldissera_antonio,Antonio Baldissera,Antonio Baldissera,100.0,exact_canonical,antonio baldissera,accepted_auto,Antonio Baldissera;Baldissera,military_and_administration,Eritrea;Ethiopia,1880s-1890s,General associated with the occupation and military administration of Eritrea.,https://www.tandfonline.com/doi/full/10.1080/1369801X.2023.2222710,,True,verified,75685
907273,H501,058091,VIA ANTONIO LOCATELLI,,VIA ANTONIO LOCATELLI,Roma,Lazio,058091,locatelli_antonio,Antonio Locatelli,Antonio Locatelli,100.0,exact_canonical,antonio locatelli,accepted_auto,Antonio Locatelli;Locatelli,military,Ethiopia,1935-1936,"Aviator and volunteer in the war against Ethiopia, later commemorated in Italian public space.",https://www.tandfonline.com/doi/full/10.1080/1369801X.2023.2222710,,False,verified,75685
907805,H501,058091,VIA BALDASSARRE ORERO,,VIA BALDASSARRE ORERO,Roma,Lazio,058091,orero_baldassarre,Baldassarre Orero,Baldassarre Orero,100.0,exact_canonical,baldassarre orero,accepted_auto,Baldassarre Orero,military_and_administration,Eritrea;Ethiopia,1889-1890,Commander-superior in Africa and first governor of the newly constituted Eritrean colony; advanced to Adua and considered further expansion.,https://www.treccani.it/enciclopedia/baldassarre-orero_%28Dizionario-Biografico%29/,Q3633256,False,verified_manual,75685
908770,H501,058091,VIA CARLO CANEVA,,VIA CARLO CANEVA,Roma,Lazio,058091,caneva_carlo,Carlo Caneva,Carlo Caneva,100.0,exact_canonical,carlo caneva,accepted_auto,Carlo Caneva,military,Libya,1911-1912,Commander of the Italian expeditionary force during the invasion of Ottoman Libya in the Italo-Turkish War.,https://it.wikipedia.org/wiki/Carlo_Caneva,,False,verified_manual,75685
913728,H501,058091,VIA FERDINANDO MARTINI,,VIA FERDINANDO MARTINI,Roma,Lazio,058091,martini_ferdinando,Ferdinando Martini,Ferdinando Martini,100.0,exact_canonical,ferdinando martini,accepted_auto,Ferdinando Martini;Martini,political_and_administration,Eritrea,1897-1907,Italian politician and governor of Eritrea from 1897 to 1907.,https://www.tandfonline.com/doi/full/10.1080/1369801X.2023.2222710,,False,verified,75685
914070,H501,058091,VIA FRANCESCO CRISPI,,VIA FRANCESCO CRISPI,Roma,Lazio,058091,crispi_francesco,Francesco Crispi,Francesco Crispi,100.0,exact_canonical,francesco crispi,accepted_auto,Francesco Crispi,political_and_administration,Eritrea;Ethiopia;Somalia,1887-1896,Prime minister and a principal political promoter of Italian colonial expansion in the Horn of Africa; his policy culminated in the war ending at Adwa.,https://www.treccani.it/enciclopedia/francesco-crispi/,,False,verified_manual,75685
915474,H501,058091,VIA GIUSEPPE GALLIANO,,VIA GIUSEPPE GALLIANO,Roma,Lazio,058091,galliano_giuseppe,Giuseppe Galliano,Giuseppe Galliano,100.0,exact_canonical,giuseppe galliano,accepted_auto,Giuseppe Galliano;Galliano,military,Eritrea;Ethiopia,1880s-1890s,Italian officer active in the colonial campaigns in Eritrea and Ethiopia.,https://www.lastampa.it/torino/2023/03/22/news/nomi_vie_piazze_colonialismo-12713667/,,True,verified,75685
918089,H501,058091,VIA ORAZIO ANTINORI,,VIA ORAZIO ANTINORI,Roma,Lazio,058091,antinori_orazio,Orazio Antinori,Orazio Antinori,100.0,exact_canonical,orazio antinori,accepted_auto,Orazio Antinori,exploration_geography,Ethiopia;Eritrea,1870s-1882,Explorer and naturalist whose Ethiopian expeditions and diplomatic role helped establish early Italian political influence in Shoa.,https://www.treccani.it/enciclopedia/orazio-antinori_%28Enciclopedia-Italiana%29/,,False,verified_manual,75685
918272,H501,058091,VIA PADRE REGINALDO GIULIANI,,VIA PADRE REGINALDO GIULIANI,Roma,Lazio,058091,giuliani_reginaldo,Reginaldo Giuliani,Reginaldo Giuliani,100.0,exact_canonical,padre reginaldo giuliani,accepted_auto,Reginaldo Giuliani;Giuliani;Padre Reginaldo Giuliani,military_and_religious,Ethiopia,1935-1936,Dominican friar and volunteer military chaplain associated with the war against Ethiopia.,https://www.tandfonline.com/doi/full/10.1080/1369801X.2023.2222710,,False,verified,75685
906912,H501,058091,VIALE AMMIRAGLIO DEL BONO,,VIALE AMMIRAGLIO DEL BONO,Roma,Lazio,058091,debono_emilio,Emilio De Bono,De Bono,93.33333333333333,fuzzy_full_or_alias,ammiraglio del bono,needs_review,Emilio De Bono;De Bono;Emilio De Bòno,military_political_administration,Libya;Eritrea;Ethiopia,1925-1935,"Governor of Tripolitania, minister of the Colonies, and commander in the first phase of the war against Ethiopia.",https://www.treccani.it/enciclopedia/emilio-de-bono/,,True,verified,75685
915672,H501,058091,VIALE GIUSEPPE VOLPI,,VIALE GIUSEPPE VOLPI,Roma,Lazio,058091,volpi_giuseppe,Giuseppe Volpi,Giuseppe Volpi,100.0,exact_canonical,giuseppe volpi,accepted_auto,Giuseppe Volpi;Giuseppe Volpi di Misurata;Volpi di Misurata;Volpi,political_economic_administration,Libya,1921-1925,Governor of Tripolitania and a major political-economic figure in Italian colonial policy.,https://www.treccani.it/enciclopedia/volpi-giuseppe-conte-di-misurata/,,False,verified,75685
921897,H501,058091,VIALE LUIGI PINTOR,,VIALE LUIGI PINTOR,Roma,Lazio,058091,pintor_luigi1882,Luigi Pintor,Luigi Pintor,100.0,exact_canonical,luigi pintor,accepted_auto,Luigi Pintor,political_and_administration,Libya,1915-1923,Colonial jurist and official in Tripolitania and Cyrenaica; negotiated with the Senussi and served as acting governor of Cyrenaica.,https://it.wikipedia.org/wiki/Luigi_Pintor_%281882-1925%29,,False,verified_manual,75685
762031,H942,058095,VIA FRANCESCO CRISPI,,VIA FRANCESCO CRISPI,San Gregorio da Sassola,Lazio,058095,crispi_francesco,Francesco Crispi,Francesco Crispi,100.0,exact_canonical,francesco crispi,accepted_auto,Francesco Crispi,political_and_administration,Eritrea;Ethiopia;Somalia,1887-1896,Prime minister and a principal political promoter of Italian colonial expansion in the Horn of Africa; his policy culminated in the war ending at Adwa.,https://www.treccani.it/enciclopedia/francesco-crispi/,,False,verified_manual,75685
831945,I255,058097,VIA ANTONIO LOCATELLI,,VIA ANTONIO LOCATELLI,Santa Marinella,Lazio,058097,locatelli_antonio,Antonio Locatelli,Antonio Locatelli,100.0,exact_canonical,antonio locatelli,accepted_auto,Antonio Locatelli;Locatelli,military,Ethiopia,1935-1936,"Aviator and volunteer in the war against Ethiopia, later commemorated in Italian public space.",https://www.tandfonline.com/doi/full/10.1080/1369801X.2023.2222710,,False,verified,75685
832069,I255,058097,VIA FRANCESCO CRISPI,,VIA FRANCESCO CRISPI,Santa Marinella,Lazio,058097,crispi_francesco,Francesco Crispi,Francesco Crispi,100.0,exact_canonical,francesco crispi,accepted_auto,Francesco Crispi,political_and_administration,Eritrea;Ethiopia;Somalia,1887-1896,Prime minister and a principal political promoter of Italian colonial expansion in the Horn of Africa; his policy culminated in the war ending at Adwa.,https://www.treccani.it/enciclopedia/francesco-crispi/,,False,verified_manual,75685
832150,I255,058097,VIA PADRE REGINALDO GIULIANI,,VIA PADRE REGINALDO GIULIANI,Santa Marinella,Lazio,058097,giuliani_reginaldo,Reginaldo Giuliani,Reginaldo Giuliani,100.0,exact_canonical,padre reginaldo giuliani,accepted_auto,Reginaldo Giuliani;Giuliani;Padre Reginaldo Giuliani,military_and_religious,Ethiopia,1935-1936,Dominican friar and volunteer military chaplain associated with the war against Ethiopia.,https://www.tandfonline.com/doi/full/10.1080/1369801X.2023.2222710,,False,verified,75685
1006989,I339,059026,VIA FRANCESCO CRISPI,,VIA FRANCESCO CRISPI,Santi Cosma e Damiano,Lazio,059026,crispi_francesco,Francesco Crispi,Francesco Crispi,100.0,exact_canonical,francesco crispi,accepted_auto,Francesco Crispi,political_and_administration,Eritrea;Ethiopia;Somalia,1887-1896,Prime minister and a principal political promoter of Italian colonial expansion in the Horn of Africa; his policy culminated in the war ending at Adwa.,https://www.treccani.it/enciclopedia/francesco-crispi/,,False,verified_manual,75685
1293913,I855,056048,VIA DUCA DEGLI ABRUZZI,,VIA DUCA DEGLI ABRUZZI,Soriano nel Cimino,Lazio,056048,savoiaaosta_luigiamedeo,Luigi Amedeo di Savoia-Aosta,Duca degli Abruzzi,100.0,exact_alias,duca degli abruzzi,accepted_auto,Luigi Amedeo di Savoia-Aosta;Duca degli Abruzzi,economic_and_colonization,Somalia,1919-1933,"Prince, explorer and founder of the large agricultural settlement and company at Villaggio Duca degli Abruzzi in Italian Somalia.",https://www.treccani.it/enciclopedia/savoia-aosta-luigi-amedeo-giuseppe-maria-ferdinando-francesco-di-duca-degli-abruzzi_%28Dizionario-Biografico%29/,,False,verified_manual,75685
363998,L398,060080,VIA ITALO BALBO,,VIA ITALO BALBO,Trevi nel Lazio,Lazio,060080,balbo_italo,Italo Balbo,Italo Balbo,100.0,exact_canonical,italo balbo,accepted_auto,Italo Balbo;Balbo,political_and_administration,Libya,1934-1940,Governor-General of Italian Libya from 1934 to 1940.,https://www.treccani.it/enciclopedia/italo-balbo/,,True,verified,75685
988714,L401,058107,VIA FRANCESCO CRISPI,,VIA FRANCESCO CRISPI,Trevignano Romano,Lazio,058107,crispi_francesco,Francesco Crispi,Francesco Crispi,100.0,exact_canonical,francesco crispi,accepted_auto,Francesco Crispi,political_and_administration,Eritrea;Ethiopia;Somalia,1887-1896,Prime minister and a principal political promoter of Italian colonial expansion in the Horn of Africa; his policy culminated in the war ending at Adwa.,https://www.treccani.it/enciclopedia/francesco-crispi/,,False,verified_manual,75685
1054411,L719,058111,VIA FRANCESCO CRISPI,,VIA FRANCESCO CRISPI,Velletri,Lazio,058111,crispi_francesco,Francesco Crispi,Francesco Crispi,100.0,exact_canonical,francesco crispi,accepted_auto,Francesco Crispi,political_and_administration,Eritrea;Ethiopia;Somalia,1887-1896,Prime minister and a principal political promoter of Italian colonial expansion in the Horn of Africa; his policy culminated in the war ending at Adwa.,https://www.treccani.it/enciclopedia/francesco-crispi/,,False,verified_manual,75685
186093,L905,060089,VIA FRANCESCO CRISPI,,VIA FRANCESCO CRISPI,Villa Santa Lucia,Lazio,060089,crispi_francesco,Francesco Crispi,Francesco Crispi,100.0,exact_canonical,francesco crispi,accepted_auto,Francesco Crispi,political_and_administration,Eritrea;Ethiopia;Somalia,1887-1896,Prime minister and a principal political promoter of Italian colonial expansion in the Horn of Africa; his policy culminated in the war ending at Adwa.,https://www.treccani.it/enciclopedia/francesco-crispi/,,False,verified_manual,75685
1032921,M082,056059,PIAZZA FRANCESCO CRISPI,,PIAZZA FRANCESCO CRISPI,Viterbo,Lazio,056059,crispi_francesco,Francesco Crispi,Francesco Crispi,100.0,exact_canonical,francesco crispi,accepted_auto,Francesco Crispi,political_and_administration,Eritrea;Ethiopia;Somalia,1887-1896,Prime minister and a principal political promoter of Italian colonial expansion in the Horn of Africa; his policy culminated in the war ending at Adwa.,https://www.treccani.it/enciclopedia/francesco-crispi/,,False,verified_manual,75685
788980,M207,058115,VIA FRANCESCO CRISPI,,VIA FRANCESCO CRISPI,Lariano,Lazio,058115,crispi_francesco,Francesco Crispi,Francesco Crispi,100.0,exact_canonical,francesco crispi,accepted_auto,Francesco Crispi,political_and_administration,Eritrea;Ethiopia;Somalia,1887-1896,Prime minister and a principal political promoter of Italian colonial expansion in the Horn of Africa; his policy culminated in the war ending at Adwa.,https://www.treccani.it/enciclopedia/francesco-crispi/,,False,verified_manual,75685
936313,M212,058116,VIA DUCA DEGLI ABRUZZI,,VIA DUCA DEGLI ABRUZZI,Ladispoli,Lazio,058116,savoiaaosta_luigiamedeo,Luigi Amedeo di Savoia-Aosta,Duca degli Abruzzi,100.0,exact_alias,duca degli abruzzi,accepted_auto,Luigi Amedeo di Savoia-Aosta;Duca degli Abruzzi,economic_and_colonization,Somalia,1919-1933,"Prince, explorer and founder of the large agricultural settlement and company at Villaggio Duca degli Abruzzi in Italian Somalia.",https://www.treccani.it/enciclopedia/savoia-aosta-luigi-amedeo-giuseppe-maria-ferdinando-francesco-di-duca-degli-abruzzi_%28Dizionario-Biografico%29/,,False,verified_manual,75685
1118907,M213,058117,VIA FRANCESCO CRISPI,,VIA FRANCESCO CRISPI,Ardea,Lazio,058117,crispi_francesco,Francesco Crispi,Francesco Crispi,100.0,exact_canonical,francesco crispi,accepted_auto,Francesco Crispi,political_and_administration,Eritrea;Ethiopia;Somalia,1887-1896,Prime minister and a principal political promoter of Italian colonial expansion in the Horn of Africa; his policy culminated in the war ending at Adwa.,https://www.treccani.it/enciclopedia/francesco-crispi/,,False,verified_manual,75685
657147,M272,058118,VIA ANTONIO LOCATELLI,,VIA ANTONIO LOCATELLI,Ciampino,Lazio,058118,locatelli_antonio,Antonio Locatelli,Antonio Locatelli,100.0,exact_canonical,antonio locatelli,accepted_auto,Antonio Locatelli;Locatelli,military,Ethiopia,1935-1936,"Aviator and volunteer in the war against Ethiopia, later commemorated in Italian public space.",https://www.tandfonline.com/doi/full/10.1080/1369801X.2023.2222710,,False,verified,75685
542486,M295,058119,VIA FRANCESCO CRISPI,,VIA FRANCESCO CRISPI,San Cesareo,Lazio,058119,crispi_francesco,Francesco Crispi,Francesco Crispi,100.0,exact_canonical,francesco crispi,accepted_auto,Francesco Crispi,political_and_administration,Eritrea;Ethiopia;Somalia,1887-1896,Prime minister and a principal political promoter of Italian colonial expansion in the Horn of Africa; his policy culminated in the war ending at Adwa.,https://www.treccani.it/enciclopedia/francesco-crispi/,,False,verified_manual,75685
853426,A122,009001,VIA COLONNELLO GIUSEPPE GALLIANO,,VIA COLONNELLO GIUSEPPE GALLIANO,Alassio,Liguria,009001,galliano_giuseppe,Giuseppe Galliano,Giuseppe Galliano,100.0,exact_canonical,colonnello giuseppe galliano,accepted_auto,Giuseppe Galliano;Galliano,military,Eritrea;Ethiopia,1880s-1890s,Italian officer active in the colonial campaigns in Eritrea and Ethiopia.,https://www.lastampa.it/torino/2023/03/22/news/nomi_vie_piazze_colonialismo-12713667/,,True,verified,27251
615407,A999,009012,VIA DUCA DEGLI ABRUZZI,,VIA DUCA DEGLI ABRUZZI,Borghetto Santo Spirito,Liguria,009012,savoiaaosta_luigiamedeo,Luigi Amedeo di Savoia-Aosta,Duca degli Abruzzi,100.0,exact_alias,duca degli abruzzi,accepted_auto,Luigi Amedeo di Savoia-Aosta;Duca degli Abruzzi,economic_and_colonization,Somalia,1919-1933,"Prince, explorer and founder of the large agricultural settlement and company at Villaggio Duca degli Abruzzi in Italian Somalia.",https://www.treccani.it/enciclopedia/savoia-aosta-luigi-amedeo-giuseppe-maria-ferdinando-francesco-di-duca-degli-abruzzi_%28Dizionario-Biografico%29/,,False,verified_manual,27251
687652,B369,009015,VIA TOSELLI,,VIA TOSELLI,Cairo Montenotte,Liguria,009015,toselli_pietro,Pietro Toselli,Toselli,100.0,exact_surname,toselli,needs_review,Pietro Toselli;Toselli;Maggiore Toselli,military,Eritrea;Ethiopia,1890s,Italian officer in the colonial campaigns in the Horn of Africa; killed at Amba Alagi in 1895.,https://www.tandfonline.com/doi/full/10.1080/1369801X.2023.2222710,,True,verified,27251
222444,B748,009018,PIAZZA GIUSEPPE SAPETO,,PIAZZA GIUSEPPE SAPETO,Carcare,Liguria,009018,sapeto_giuseppe,Giuseppe Sapeto,Giuseppe Sapeto,100.0,exact_canonical,giuseppe sapeto,accepted_auto,Giuseppe Sapeto,exploration_geography,Eritrea,1869-1881,"Explorer, orientalist and government agent who negotiated the purchase of Assab for the Rubattino company, a foundational step in Italian colonial expansion in the Red Sea.",https://www.treccani.it/enciclopedia/giuseppe-sapeto_%28Dizionario-Biografico%29/,Q168017,False,verified_manual,27251
389403,C657,008019,VIA TOSELLI,,VIA TOSELLI,Chiusanico,Liguria,008019,toselli_pietro,Pietro Toselli,Toselli,100.0,exact_surname,toselli,needs_review,Pietro Toselli;Toselli;Maggiore Toselli,military,Eritrea;Ethiopia,1890s,Italian officer in the colonial campaigns in the Horn of Africa; killed at Amba Alagi in 1895.,https://www.tandfonline.com/doi/full/10.1080/1369801X.2023.2222710,,True,verified,27251
548480,D655,011013,VIA FRANCESCO CRISPI,,VIA FRANCESCO CRISPI,Follo,Liguria,011013,crispi_francesco,Francesco Crispi,Francesco Crispi,100.0,exact_canonical,francesco crispi,accepted_auto,Francesco Crispi,political_and_administration,Eritrea;Ethiopia;Somalia,1887-1896,Prime minister and a principal political promoter of Italian colonial expansion in the Horn of Africa; his policy culminated in the war ending at Adwa.,https://www.treccani.it/enciclopedia/francesco-crispi/,,False,verified_manual,27251
926406,D969,010025,PIAZZA DUCA DEGLI ABRUZZI,,PIAZZA DUCA DEGLI ABRUZZI,Genova,Liguria,010025,savoiaaosta_luigiamedeo,Luigi Amedeo di Savoia-Aosta,Duca degli Abruzzi,100.0,exact_alias,duca degli abruzzi,accepted_auto,Luigi Amedeo di Savoia-Aosta;Duca degli Abruzzi,economic_and_colonization,Somalia,1919-1933,"Prince, explorer and founder of the large agricultural settlement and company at Villaggio Duca degli Abruzzi in Italian Somalia.",https://www.treccani.it/enciclopedia/savoia-aosta-luigi-amedeo-giuseppe-maria-ferdinando-francesco-di-duca-degli-abruzzi_%28Dizionario-Biografico%29/,,False,verified_manual,27251
926615,D969,010025,PIAZZALE FRANCESCO CRISPI,,PIAZZALE FRANCESCO CRISPI,Genova,Liguria,010025,crispi_francesco,Francesco Crispi,Francesco Crispi,100.0,exact_canonical,francesco crispi,accepted_auto,Francesco Crispi,political_and_administration,Eritrea;Ethiopia;Somalia,1887-1896,Prime minister and a principal political promoter of Italian colonial expansion in the Horn of Africa; his policy culminated in the war ending at Adwa.,https://www.treccani.it/enciclopedia/francesco-crispi/,,False,verified_manual,27251
926927,D969,010025,VIA GIUSEPPE GALLIANO,,VIA GIUSEPPE GALLIANO,Genova,Liguria,010025,galliano_giuseppe,Giuseppe Galliano,Giuseppe Galliano,100.0,exact_canonical,giuseppe galliano,accepted_auto,Giuseppe Galliano;Galliano,military,Eritrea;Ethiopia,1880s-1890s,Italian officer active in the colonial campaigns in Eritrea and Ethiopia.,https://www.lastampa.it/torino/2023/03/22/news/nomi_vie_piazze_colonialismo-12713667/,,True,verified,27251
926954,D969,010025,VIA GIUSEPPE SAPETO,,VIA GIUSEPPE SAPETO,Genova,Liguria,010025,sapeto_giuseppe,Giuseppe Sapeto,Giuseppe Sapeto,100.0,exact_canonical,giuseppe sapeto,accepted_auto,Giuseppe Sapeto,exploration_geography,Eritrea,1869-1881,"Explorer, orientalist and government agent who negotiated the purchase of Assab for the Rubattino company, a foundational step in Italian colonial expansion in the Red Sea.",https://www.treccani.it/enciclopedia/giuseppe-sapeto_%28Dizionario-Biografico%29/,Q168017,False,verified_manual,27251
927451,D969,010025,VIA ORAZIO ANTINORI,,VIA ORAZIO ANTINORI,Genova,Liguria,010025,antinori_orazio,Orazio Antinori,Orazio Antinori,100.0,exact_canonical,orazio antinori,accepted_auto,Orazio Antinori,exploration_geography,Ethiopia;Eritrea,1870s-1882,Explorer and naturalist whose Ethiopian expeditions and diplomatic role helped establish early Italian political influence in Shoa.,https://www.treccani.it/enciclopedia/orazio-antinori_%28Enciclopedia-Italiana%29/,,False,verified_manual,27251
927610,D969,010025,VIA PIETRO TOSELLI,,VIA PIETRO TOSELLI,Genova,Liguria,010025,toselli_pietro,Pietro Toselli,Pietro Toselli,100.0,exact_canonical,pietro toselli,accepted_auto,Pietro Toselli;Toselli;Maggiore Toselli,military,Eritrea;Ethiopia,1890s,Italian officer in the colonial campaigns in the Horn of Africa; killed at Amba Alagi in 1895.,https://www.tandfonline.com/doi/full/10.1080/1369801X.2023.2222710,,True,verified,27251
928252,D969,010025,VIA VITTORIO BOTTEGO,,VIA VITTORIO BOTTEGO,Genova,Liguria,010025,bottego_vittorio,Vittorio Bottego,Vittorio Bottego,100.0,exact_canonical,vittorio bottego,accepted_auto,Vittorio Bottego,exploration_geography,Somalia;Ethiopia;Eritrea,1887-1897,Army officer and explorer whose expeditions in the Horn of Africa were closely connected with Italian territorial ambitions in Somalia and Ethiopia.,https://www.treccani.it/enciclopedia/vittorio-bottego_%28Dizionario-Biografico%29/,,False,verified_manual,27251
835089,E463,011015,PIAZZALE DUCA DEGLI ABRUZZI,,PIAZZALE DUCA DEGLI ABRUZZI,La Spezia,Liguria,011015,savoiaaosta_luigiamedeo,Luigi Amedeo di Savoia-Aosta,Duca degli Abruzzi,100.0,exact_alias,duca degli abruzzi,accepted_auto,Luigi Amedeo di Savoia-Aosta;Duca degli Abruzzi,economic_and_colonization,Somalia,1919-1933,"Prince, explorer and founder of the large agricultural settlement and company at Villaggio Duca degli Abruzzi in Italian Somalia.",https://www.treccani.it/enciclopedia/savoia-aosta-luigi-amedeo-giuseppe-maria-ferdinando-francesco-di-duca-degli-abruzzi_%28Dizionario-Biografico%29/,,False,verified_manual,27251
835126,E463,011015,VIA FRANCESCO CRISPI,,VIA FRANCESCO CRISPI,La Spezia,Liguria,011015,crispi_francesco,Francesco Crispi,Francesco Crispi,100.0,exact_canonical,francesco crispi,accepted_auto,Francesco Crispi,political_and_administration,Eritrea;Ethiopia;Somalia,1887-1896,Prime minister and a principal political promoter of Italian colonial expansion in the Horn of Africa; his policy culminated in the war ending at Adwa.,https://www.treccani.it/enciclopedia/francesco-crispi/,,False,verified_manual,27251
835296,E463,011015,VIA PADRE REGINALDO GIULIANI,,VIA PADRE REGINALDO GIULIANI,La Spezia,Liguria,011015,giuliani_reginaldo,Reginaldo Giuliani,Reginaldo Giuliani,100.0,exact_canonical,padre reginaldo giuliani,accepted_auto,Reginaldo Giuliani;Giuliani;Padre Reginaldo Giuliani,military_and_religious,Ethiopia,1935-1936,Dominican friar and volunteer military chaplain associated with the war against Ethiopia.,https://www.tandfonline.com/doi/full/10.1080/1369801X.2023.2222710,,False,verified,27251
560138,G605,009049,VIA FRANCESCO CRISPI,,VIA FRANCESCO CRISPI,Pietra Ligure,Liguria,009049,crispi_francesco,Francesco Crispi,Francesco Crispi,100.0,exact_canonical,francesco crispi,accepted_auto,Francesco Crispi,political_and_administration,Eritrea;Ethiopia;Somalia,1887-1896,Prime minister and a principal political promoter of Italian colonial expansion in the Horn of Africa; his policy culminated in the war ending at Adwa.,https://www.treccani.it/enciclopedia/francesco-crispi/,,False,verified_manual,27251
761889,G840,008045,VIA GALLIANO,,VIA GALLIANO,Pontedassio,Liguria,008045,galliano_giuseppe,Giuseppe Galliano,Galliano,100.0,exact_surname,galliano,needs_review,Giuseppe Galliano;Galliano,military,Eritrea;Ethiopia,1880s-1890s,Italian officer active in the colonial campaigns in Eritrea and Ethiopia.,https://www.lastampa.it/torino/2023/03/22/news/nomi_vie_piazze_colonialismo-12713667/,,True,verified,27251
447013,G913,010044,VIA DUCA DEGLI ABRUZZI,,VIA DUCA DEGLI ABRUZZI,Portofino,Liguria,010044,savoiaaosta_luigiamedeo,Luigi Amedeo di Savoia-Aosta,Duca degli Abruzzi,100.0,exact_alias,duca degli abruzzi,accepted_auto,Luigi Amedeo di Savoia-Aosta;Duca degli Abruzzi,economic_and_colonization,Somalia,1919-1933,"Prince, explorer and founder of the large agricultural settlement and company at Villaggio Duca degli Abruzzi in Italian Somalia.",https://www.treccani.it/enciclopedia/savoia-aosta-luigi-amedeo-giuseppe-maria-ferdinando-francesco-di-duca-degli-abruzzi_%28Dizionario-Biografico%29/,,False,verified_manual,27251
1116457,I138,008055,VIA DUCA DEGLI ABRUZZI,,VIA DUCA DEGLI ABRUZZI,Sanremo,Liguria,008055,savoiaaosta_luigiamedeo,Luigi Amedeo di Savoia-Aosta,Duca degli Abruzzi,100.0,exact_alias,duca degli abruzzi,accepted_auto,Luigi Amedeo di Savoia-Aosta;Duca degli Abruzzi,economic_and_colonization,Somalia,1919-1933,"Prince, explorer and founder of the large agricultural settlement and company at Villaggio Duca degli Abruzzi in Italian Somalia.",https://www.treccani.it/enciclopedia/savoia-aosta-luigi-amedeo-giuseppe-maria-ferdinando-francesco-di-duca-degli-abruzzi_%28Dizionario-Biografico%29/,,False,verified_manual,27251
720531,I480,009056,VIA FRANCESCO CRISPI,,VIA FRANCESCO CRISPI,Savona,Liguria,009056,crispi_francesco,Francesco Crispi,Francesco Crispi,100.0,exact_canonical,francesco crispi,accepted_auto,Francesco Crispi,political_and_administration,Eritrea;Ethiopia;Somalia,1887-1896,Prime minister and a principal political promoter of Italian colonial expansion in the Horn of Africa; his policy culminated in the war ending at Adwa.,https://www.treccani.it/enciclopedia/francesco-crispi/,,False,verified_manual,27251
554337,I852,010060,VIA FRANCESCO CRISPI,,VIA FRANCESCO CRISPI,Sori,Liguria,010060,crispi_francesco,Francesco Crispi,Francesco Crispi,100.0,exact_canonical,francesco crispi,accepted_auto,Francesco Crispi,political_and_administration,Eritrea;Ethiopia;Somalia,1887-1896,Prime minister and a principal political promoter of Italian colonial expansion in the Horn of Africa; his policy culminated in the war ending at Adwa.,https://www.treccani.it/enciclopedia/francesco-crispi/,,False,verified_manual,27251
230084,A129,016003,VIA ANTONIO LOCATELLI,,VIA ANTONIO LOCATELLI,Albano Sant'Alessandro,Lombardia,016003,locatelli_antonio,Antonio Locatelli,Antonio Locatelli,100.0,exact_canonical,antonio locatelli,accepted_auto,Antonio Locatelli;Locatelli,military,Ethiopia,1935-1936,"Aviator and volunteer in the war against Ethiopia, later commemorated in Italian public space.",https://www.tandfonline.com/doi/full/10.1080/1369801X.2023.2222710,,False,verified,160133
827768,A163,016004,VIA FRANCESCO CRISPI,,VIA FRANCESCO CRISPI,Albino,Lombardia,016004,crispi_francesco,Francesco Crispi,Francesco Crispi,100.0,exact_canonical,francesco crispi,accepted_auto,Francesco Crispi,political_and_administration,Eritrea;Ethiopia;Somalia,1887-1896,Prime minister and a principal political promoter of Italian colonial expansion in the Horn of Africa; his policy culminated in the war ending at Adwa.,https://www.treccani.it/enciclopedia/francesco-crispi/,,False,verified_manual,160133
820795,A214,016005,VIALE ANTONIO LOCATELLI,,VIALE ANTONIO LOCATELLI,Almè,Lombardia,016005,locatelli_antonio,Antonio Locatelli,Antonio Locatelli,100.0,exact_canonical,antonio locatelli,accepted_auto,Antonio Locatelli;Locatelli,military,Ethiopia,1935-1936,"Aviator and volunteer in the war against Ethiopia, later commemorated in Italian public space.",https://www.tandfonline.com/doi/full/10.1080/1369801X.2023.2222710,,False,verified,160133
790756,A246,016008,VIA ANTONIO LOCATELLI,,VIA ANTONIO LOCATELLI,Alzano Lombardo,Lombardia,016008,locatelli_antonio,Antonio Locatelli,Antonio Locatelli,100.0,exact_canonical,antonio locatelli,accepted_auto,Antonio Locatelli;Locatelli,military,Ethiopia,1935-1936,"Aviator and volunteer in the war against Ethiopia, later commemorated in Italian public space.",https://www.tandfonline.com/doi/full/10.1080/1369801X.2023.2222710,,False,verified,160133
145326,A259,016009,VIA ANTONIO LOCATELLI,,VIA ANTONIO LOCATELLI,Ambivere,Lombardia,016009,locatelli_antonio,Antonio Locatelli,Antonio Locatelli,100.0,exact_canonical,antonio locatelli,accepted_auto,Antonio Locatelli;Locatelli,military,Ethiopia,1935-1936,"Aviator and volunteer in the war against Ethiopia, later commemorated in Italian public space.",https://www.tandfonline.com/doi/full/10.1080/1369801X.2023.2222710,,False,verified,160133
746876,A383,016012,VIA ANTONIO LOCATELLI,,VIA ANTONIO LOCATELLI,Ardesio,Lombardia,016012,locatelli_antonio,Antonio Locatelli,Antonio Locatelli,100.0,exact_canonical,antonio locatelli,accepted_auto,Antonio Locatelli;Locatelli,military,Ethiopia,1935-1936,"Aviator and volunteer in the war against Ethiopia, later commemorated in Italian public space.",https://www.tandfonline.com/doi/full/10.1080/1369801X.2023.2222710,,False,verified,160133
776031,A557,016018,VIA ANTONIO LOCATELLI,,VIA ANTONIO LOCATELLI,Bagnatica,Lombardia,016018,locatelli_antonio,Antonio Locatelli,Antonio Locatelli,100.0,exact_canonical,antonio locatelli,accepted_auto,Antonio Locatelli;Locatelli,military,Ethiopia,1935-1936,"Aviator and volunteer in the war against Ethiopia, later commemorated in Italian public space.",https://www.tandfonline.com/doi/full/10.1080/1369801X.2023.2222710,,False,verified,160133
818506,A664,016020,VIA ANTONIO LOCATELLI,,VIA ANTONIO LOCATELLI,Bariano,Lombardia,016020,locatelli_antonio,Antonio Locatelli,Antonio Locatelli,100.0,exact_canonical,antonio locatelli,accepted_auto,Antonio Locatelli;Locatelli,military,Ethiopia,1935-1936,"Aviator and volunteer in the war against Ethiopia, later commemorated in Italian public space.",https://www.tandfonline.com/doi/full/10.1080/1369801X.2023.2222710,,False,verified,160133
241275,A794,016024,PIAZZA REGINALDO GIULIANI,,PIAZZA REGINALDO GIULIANI,Bergamo,Lombardia,016024,giuliani_reginaldo,Reginaldo Giuliani,Reginaldo Giuliani,100.0,exact_canonical,reginaldo giuliani,accepted_auto,Reginaldo Giuliani;Giuliani;Padre Reginaldo Giuliani,military_and_religious,Ethiopia,1935-1936,Dominican friar and volunteer military chaplain associated with the war against Ethiopia.,https://www.tandfonline.com/doi/full/10.1080/1369801X.2023.2222710,,False,verified,160133
240618,A794,016024,VIA ANTONIO LOCATELLI,,VIA ANTONIO LOCATELLI,Bergamo,Lombardia,016024,locatelli_antonio,Antonio Locatelli,Antonio Locatelli,100.0,exact_canonical,antonio locatelli,accepted_auto,Antonio Locatelli;Locatelli,military,Ethiopia,1935-1936,"Aviator and volunteer in the war against Ethiopia, later commemorated in Italian public space.",https://www.tandfonline.com/doi/full/10.1080/1369801X.2023.2222710,,False,verified,160133
240881,A794,016024,VIA DUCA DEGLI ABRUZZI,,VIA DUCA DEGLI ABRUZZI,Bergamo,Lombardia,016024,savoiaaosta_luigiamedeo,Luigi Amedeo di Savoia-Aosta,Duca degli Abruzzi,100.0,exact_alias,duca degli abruzzi,accepted_auto,Luigi Amedeo di Savoia-Aosta;Duca degli Abruzzi,economic_and_colonization,Somalia,1919-1933,"Prince, explorer and founder of the large agricultural settlement and company at Villaggio Duca degli Abruzzi in Italian Somalia.",https://www.treccani.it/enciclopedia/savoia-aosta-luigi-amedeo-giuseppe-maria-ferdinando-francesco-di-duca-degli-abruzzi_%28Dizionario-Biografico%29/,,False,verified_manual,160133
240947,A794,016024,VIA FRANCESCO CRISPI,,VIA FRANCESCO CRISPI,Bergamo,Lombardia,016024,crispi_francesco,Francesco Crispi,Francesco Crispi,100.0,exact_canonical,francesco crispi,accepted_auto,Francesco Crispi,political_and_administration,Eritrea;Ethiopia;Somalia,1887-1896,Prime minister and a principal political promoter of Italian colonial expansion in the Horn of Africa; his policy culminated in the war ending at Adwa.,https://www.treccani.it/enciclopedia/francesco-crispi/,,False,verified_manual,160133
230317,A815,016025,VIA ANTONIO LOCATELLI,,VIA ANTONIO LOCATELLI,Berzo San Fermo,Lombardia,016025,locatelli_antonio,Antonio Locatelli,Antonio Locatelli,100.0,exact_canonical,antonio locatelli,accepted_auto,Antonio Locatelli;Locatelli,military,Ethiopia,1935-1936,"Aviator and volunteer in the war against Ethiopia, later commemorated in Italian public space.",https://www.tandfonline.com/doi/full/10.1080/1369801X.2023.2222710,,False,verified,160133
218230,A825,012012,VIA FRANCESCO CRISPI,,VIA FRANCESCO CRISPI,Besnate,Lombardia,012012,crispi_francesco,Francesco Crispi,Francesco Crispi,100.0,exact_canonical,francesco crispi,accepted_auto,Francesco Crispi,political_and_administration,Eritrea;Ethiopia;Somalia,1887-1896,Prime minister and a principal political promoter of Italian colonial expansion in the Horn of Africa; his policy culminated in the war ending at Adwa.,https://www.treccani.it/enciclopedia/francesco-crispi/,,False,verified_manual,160133
208479,A849,108009,VIA ANTONIO LOCATELLI,,VIA ANTONIO LOCATELLI,Biassono,Lombardia,108009,locatelli_antonio,Antonio Locatelli,Antonio Locatelli,100.0,exact_canonical,antonio locatelli,accepted_auto,Antonio Locatelli;Locatelli,military,Ethiopia,1935-1936,"Aviator and volunteer in the war against Ethiopia, later commemorated in Italian public space.",https://www.tandfonline.com/doi/full/10.1080/1369801X.2023.2222710,,False,verified,160133
203153,A950,016029,VIA ANTONIO LOCATELLI,,VIA ANTONIO LOCATELLI,Boltiere,Lombardia,016029,locatelli_antonio,Antonio Locatelli,Antonio Locatelli,100.0,exact_canonical,antonio locatelli,accepted_auto,Antonio Locatelli;Locatelli,military,Ethiopia,1935-1936,"Aviator and volunteer in the war against Ethiopia, later commemorated in Italian public space.",https://www.tandfonline.com/doi/full/10.1080/1369801X.2023.2222710,,False,verified,160133
767354,A962,016031,VIA ANTONIO LOCATELLI,,VIA ANTONIO LOCATELLI,Bonate Sotto,Lombardia,016031,locatelli_antonio,Antonio Locatelli,Antonio Locatelli,100.0,exact_canonical,antonio locatelli,accepted_auto,Antonio Locatelli;Locatelli,military,Ethiopia,1935-1936,"Aviator and volunteer in the war against Ethiopia, later commemorated in Italian public space.",https://www.tandfonline.com/doi/full/10.1080/1369801X.2023.2222710,,False,verified,160133
134514,B035,017020,VIA FRANCESCO CRISPI,,VIA FRANCESCO CRISPI,Borgo San Giacomo,Lombardia,017020,crispi_francesco,Francesco Crispi,Francesco Crispi,100.0,exact_canonical,francesco crispi,accepted_auto,Francesco Crispi,political_and_administration,Eritrea;Ethiopia;Somalia,1887-1896,Prime minister and a principal political promoter of Italian colonial expansion in the Horn of Africa; his policy culminated in the war ending at Adwa.,https://www.treccani.it/enciclopedia/francesco-crispi/,,False,verified_manual,160133
767459,B083,016033,VIA ANTONIO LOCATELLI,,VIA ANTONIO LOCATELLI,Bossico,Lombardia,016033,locatelli_antonio,Antonio Locatelli,Antonio Locatelli,100.0,exact_canonical,antonio locatelli,accepted_auto,Antonio Locatelli;Locatelli,military,Ethiopia,1935-1936,"Aviator and volunteer in the war against Ethiopia, later commemorated in Italian public space.",https://www.tandfonline.com/doi/full/10.1080/1369801X.2023.2222710,,False,verified,160133
122392,B088,016034,VIA ANTONIO LOCATELLI,,VIA ANTONIO LOCATELLI,Bottanuco,Lombardia,016034,locatelli_antonio,Antonio Locatelli,Antonio Locatelli,100.0,exact_canonical,antonio locatelli,accepted_auto,Antonio Locatelli;Locatelli,military,Ethiopia,1935-1936,"Aviator and volunteer in the war against Ethiopia, later commemorated in Italian public space.",https://www.tandfonline.com/doi/full/10.1080/1369801X.2023.2222710,,False,verified,160133
752415,B105,108010,VIA VITTORIO BOTTEGO,,VIA VITTORIO BOTTEGO,Bovisio-Masciago,Lombardia,108010,bottego_vittorio,Vittorio Bottego,Vittorio Bottego,100.0,exact_canonical,vittorio bottego,accepted_auto,Vittorio Bottego,exploration_geography,Somalia;Ethiopia;Eritrea,1887-1897,Army officer and explorer whose expeditions in the Horn of Africa were closely connected with Italian territorial ambitions in Somalia and Ethiopia.,https://www.treccani.it/enciclopedia/vittorio-bottego_%28Dizionario-Biografico%29/,,False,verified_manual,160133
818659,B137,016037,VIA ANTONIO LOCATELLI,,VIA ANTONIO LOCATELLI,Brembate,Lombardia,016037,locatelli_antonio,Antonio Locatelli,Antonio Locatelli,100.0,exact_canonical,antonio locatelli,accepted_auto,Antonio Locatelli;Locatelli,military,Ethiopia,1935-1936,"Aviator and volunteer in the war against Ethiopia, later commemorated in Italian public space.",https://www.tandfonline.com/doi/full/10.1080/1369801X.2023.2222710,,False,verified,160133
189245,B157,017029,VIA FRANCESCO CRISPI,,VIA FRANCESCO CRISPI,Brescia,Lombardia,017029,crispi_francesco,Francesco Crispi,Francesco Crispi,100.0,exact_canonical,francesco crispi,accepted_auto,Francesco Crispi,political_and_administration,Eritrea;Ethiopia;Somalia,1887-1896,Prime minister and a principal political promoter of Italian colonial expansion in the Horn of Africa; his policy culminated in the war ending at Adwa.,https://www.treccani.it/enciclopedia/francesco-crispi/,,False,verified_manual,160133
190019,B157,017029,VIA VITTORIO BOTTEGO,,VIA VITTORIO BOTTEGO,Brescia,Lombardia,017029,bottego_vittorio,Vittorio Bottego,Vittorio Bottego,100.0,exact_canonical,vittorio bottego,accepted_auto,Vittorio Bottego,exploration_geography,Somalia;Ethiopia;Eritrea,1887-1897,Army officer and explorer whose expeditions in the Horn of Africa were closely connected with Italian territorial ambitions in Somalia and Ethiopia.,https://www.treccani.it/enciclopedia/vittorio-bottego_%28Dizionario-Biografico%29/,,False,verified_manual,160133
189176,B157,017029,VIALE DUCA DEGLI ABRUZZI,,VIALE DUCA DEGLI ABRUZZI,Brescia,Lombardia,017029,savoiaaosta_luigiamedeo,Luigi Amedeo di Savoia-Aosta,Duca degli Abruzzi,100.0,exact_alias,duca degli abruzzi,accepted_auto,Luigi Amedeo di Savoia-Aosta;Duca degli Abruzzi,economic_and_colonization,Somalia,1919-1933,"Prince, explorer and founder of the large agricultural settlement and company at Villaggio Duca degli Abruzzi in Italian Somalia.",https://www.treccani.it/enciclopedia/savoia-aosta-luigi-amedeo-giuseppe-maria-ferdinando-francesco-di-duca-degli-abruzzi_%28Dizionario-Biografico%29/,,False,verified_manual,160133
691412,B162,015032,VIA GIUSEPPE GALLIANO,,VIA GIUSEPPE GALLIANO,Bresso,Lombardia,015032,galliano_giuseppe,Giuseppe Galliano,Giuseppe Galliano,100.0,exact_canonical,giuseppe galliano,accepted_auto,Giuseppe Galliano;Galliano,military,Eritrea;Ethiopia,1880s-1890s,Italian officer active in the colonial campaigns in Eritrea and Ethiopia.,https://www.lastampa.it/torino/2023/03/22/news/nomi_vie_piazze_colonialismo-12713667/,,True,verified,160133
691402,B162,015032,VIA PIETRO TOSELLI,,VIA PIETRO TOSELLI,Bresso,Lombardia,015032,toselli_pietro,Pietro Toselli,Pietro Toselli,100.0,exact_canonical,pietro toselli,accepted_auto,Pietro Toselli;Toselli;Maggiore Toselli,military,Eritrea;Ethiopia,1890s,Italian officer in the colonial campaigns in the Horn of Africa; killed at Amba Alagi in 1895.,https://www.tandfonline.com/doi/full/10.1080/1369801X.2023.2222710,,True,verified,160133
453148,B219,012023,VIA FRANCESCO CRISPI,,VIA FRANCESCO CRISPI,Brunello,Lombardia,012023,crispi_francesco,Francesco Crispi,Francesco Crispi,100.0,exact_canonical,francesco crispi,accepted_auto,Francesco Crispi,political_and_administration,Eritrea;Ethiopia;Somalia,1887-1896,Prime minister and a principal political promoter of Italian colonial expansion in the Horn of Africa; his policy culminated in the war ending at Adwa.,https://www.treccani.it/enciclopedia/francesco-crispi/,,False,verified_manual,160133
158451,B300,012026,PIAZZA PIETRO TOSELLI,,PIAZZA PIETRO TOSELLI,Busto Arsizio,Lombardia,012026,toselli_pietro,Pietro Toselli,Pietro Toselli,100.0,exact_canonical,pietro toselli,accepted_auto,Pietro Toselli;Toselli;Maggiore Toselli,military,Eritrea;Ethiopia,1890s,Italian officer in the colonial campaigns in the Horn of Africa; killed at Amba Alagi in 1895.,https://www.tandfonline.com/doi/full/10.1080/1369801X.2023.2222710,,True,verified,160133
157754,B300,012026,VIA ANTONIO LOCATELLI,,VIA ANTONIO LOCATELLI,Busto Arsizio,Lombardia,012026,locatelli_antonio,Antonio Locatelli,Antonio Locatelli,100.0,exact_canonical,antonio locatelli,accepted_auto,Antonio Locatelli;Locatelli,military,Ethiopia,1935-1936,"Aviator and volunteer in the war against Ethiopia, later commemorated in Italian public space.",https://www.tandfonline.com/doi/full/10.1080/1369801X.2023.2222710,,False,verified,160133
158134,B300,012026,VIA FRANCESCO CRISPI,,VIA FRANCESCO CRISPI,Busto Arsizio,Lombardia,012026,crispi_francesco,Francesco Crispi,Francesco Crispi,100.0,exact_canonical,francesco crispi,accepted_auto,Francesco Crispi,political_and_administration,Eritrea;Ethiopia;Somalia,1887-1896,Prime minister and a principal political promoter of Italian colonial expansion in the Horn of Africa; his policy culminated in the war ending at Adwa.,https://www.treccani.it/enciclopedia/francesco-crispi/,,False,verified_manual,160133
158225,B300,012026,VIA GIUSEPPE GALLIANO,,VIA GIUSEPPE GALLIANO,Busto Arsizio,Lombardia,012026,galliano_giuseppe,Giuseppe Galliano,Giuseppe Galliano,100.0,exact_canonical,giuseppe galliano,accepted_auto,Giuseppe Galliano;Galliano,military,Eritrea;Ethiopia,1880s-1890s,Italian officer active in the colonial campaigns in Eritrea and Ethiopia.,https://www.lastampa.it/torino/2023/03/22/news/nomi_vie_piazze_colonialismo-12713667/,,True,verified,160133
158418,B300,012026,VIA PADRE REGINALDO GIULIANI,,VIA PADRE REGINALDO GIULIANI,Busto Arsizio,Lombardia,012026,giuliani_reginaldo,Reginaldo Giuliani,Reginaldo Giuliani,100.0,exact_canonical,padre reginaldo giuliani,accepted_auto,Reginaldo Giuliani;Giuliani;Padre Reginaldo Giuliani,military_and_religious,Ethiopia,1935-1936,Dominican friar and volunteer military chaplain associated with the war against Ethiopia.,https://www.tandfonline.com/doi/full/10.1080/1369801X.2023.2222710,,False,verified,160133
158671,B300,012026,VIA VITTORIO BOTTEGO,,VIA VITTORIO BOTTEGO,Busto Arsizio,Lombardia,012026,bottego_vittorio,Vittorio Bottego,Vittorio Bottego,100.0,exact_canonical,vittorio bottego,accepted_auto,Vittorio Bottego,exploration_geography,Somalia;Ethiopia;Eritrea,1887-1897,Army officer and explorer whose expeditions in the Horn of Africa were closely connected with Italian territorial ambitions in Somalia and Ethiopia.,https://www.treccani.it/enciclopedia/vittorio-bottego_%28Dizionario-Biografico%29/,,False,verified_manual,160133
776211,B310,016189,VIA ANTONIO LOCATELLI,,VIA ANTONIO LOCATELLI,San Paolo d'Argon,Lombardia,016189,locatelli_antonio,Antonio Locatelli,Antonio Locatelli,100.0,exact_canonical,antonio locatelli,accepted_auto,Antonio Locatelli;Locatelli,military,Ethiopia,1935-1936,"Aviator and volunteer in the war against Ethiopia, later commemorated in Italian public space.",https://www.tandfonline.com/doi/full/10.1080/1369801X.2023.2222710,,False,verified,160133
304511,B326,012027,PIAZZA TOSELLI,,PIAZZA TOSELLI,Cadegliano-Viconago,Lombardia,012027,toselli_pietro,Pietro Toselli,Toselli,100.0,exact_surname,toselli,needs_review,Pietro Toselli;Toselli;Maggiore Toselli,military,Eritrea;Ethiopia,1890s,Italian officer in the colonial campaigns in the Horn of Africa; killed at Amba Alagi in 1895.,https://www.tandfonline.com/doi/full/10.1080/1369801X.2023.2222710,,True,verified,160133
786401,B393,016043,VIA ANTONIO LOCATELLI,,VIA ANTONIO LOCATELLI,Calcinate,Lombardia,016043,locatelli_antonio,Antonio Locatelli,Antonio Locatelli,100.0,exact_canonical,antonio locatelli,accepted_auto,Antonio Locatelli;Locatelli,military,Ethiopia,1935-1936,"Aviator and volunteer in the war against Ethiopia, later commemorated in Italian public space.",https://www.tandfonline.com/doi/full/10.1080/1369801X.2023.2222710,,False,verified,160133
109442,B394,017032,VIA DUCA DEGLI ABRUZZI,,VIA DUCA DEGLI ABRUZZI,Calcinato,Lombardia,017032,savoiaaosta_luigiamedeo,Luigi Amedeo di Savoia-Aosta,Duca degli Abruzzi,100.0,exact_alias,duca degli abruzzi,accepted_auto,Luigi Amedeo di Savoia-Aosta;Duca degli Abruzzi,economic_and_colonization,Somalia,1919-1933,"Prince, explorer and founder of the large agricultural settlement and company at Villaggio Duca degli Abruzzi in Italian Somalia.",https://www.treccani.it/enciclopedia/savoia-aosta-luigi-amedeo-giuseppe-maria-ferdinando-francesco-di-duca-degli-abruzzi_%28Dizionario-Biografico%29/,,False,verified_manual,160133
772774,B423,097013,VIA ANTONIO LOCATELLI,,VIA ANTONIO LOCATELLI,Calolziocorte,Lombardia,097013,locatelli_antonio,Antonio Locatelli,Antonio Locatelli,100.0,exact_canonical,antonio locatelli,accepted_auto,Antonio Locatelli;Locatelli,military,Ethiopia,1935-1936,"Aviator and volunteer in the war against Ethiopia, later commemorated in Italian public space.",https://www.tandfonline.com/doi/full/10.1080/1369801X.2023.2222710,,False,verified,160133
802660,B434,016046,VIA ANTONIO LOCATELLI,,VIA ANTONIO LOCATELLI,Calusco d'Adda,Lombardia,016046,locatelli_antonio,Antonio Locatelli,Antonio Locatelli,100.0,exact_canonical,antonio locatelli,accepted_auto,Antonio Locatelli;Locatelli,military,Ethiopia,1935-1936,"Aviator and volunteer in the war against Ethiopia, later commemorated in Italian public space.",https://www.tandfonline.com/doi/full/10.1080/1369801X.2023.2222710,,False,verified,160133
234205,B436,017033,VIA FRANCESCO CRISPI,,VIA FRANCESCO CRISPI,Calvagese della Riviera,Lombardia,017033,crispi_francesco,Francesco Crispi,Francesco Crispi,100.0,exact_canonical,francesco crispi,accepted_auto,Francesco Crispi,political_and_administration,Eritrea;Ethiopia;Somalia,1887-1896,Prime minister and a principal political promoter of Italian colonial expansion in the Horn of Africa; his policy culminated in the war ending at Adwa.,https://www.treccani.it/enciclopedia/francesco-crispi/,,False,verified_manual,160133
818881,B442,016047,VIA ANTONIO LOCATELLI,,VIA ANTONIO LOCATELLI,Calvenzano,Lombardia,016047,locatelli_antonio,Antonio Locatelli,Antonio Locatelli,100.0,exact_canonical,antonio locatelli,accepted_auto,Antonio Locatelli;Locatelli,military,Ethiopia,1935-1936,"Aviator and volunteer in the war against Ethiopia, later commemorated in Italian public space.",https://www.tandfonline.com/doi/full/10.1080/1369801X.2023.2222710,,False,verified,160133
729920,B450,017034,VIA FRANCESCO CRISPI,,VIA FRANCESCO CRISPI,Calvisano,Lombardia,017034,crispi_francesco,Francesco Crispi,Francesco Crispi,100.0,exact_canonical,francesco crispi,accepted_auto,Francesco Crispi,political_and_administration,Eritrea;Ethiopia;Somalia,1887-1896,Prime minister and a principal political promoter of Italian colonial expansion in the Horn of Africa; his policy culminated in the war ending at Adwa.,https://www.treccani.it/enciclopedia/francesco-crispi/,,False,verified_manual,160133
491340,B612,020008,VIA FRANCESCO CRISPI,,VIA FRANCESCO CRISPI,Canneto sull'Oglio,Lombardia,020008,crispi_francesco,Francesco Crispi,Francesco Crispi,100.0,exact_canonical,francesco crispi,accepted_auto,Francesco Crispi,political_and_administration,Eritrea;Ethiopia;Somalia,1887-1896,Prime minister and a principal political promoter of Italian colonial expansion in the Horn of Africa; his policy culminated in the war ending at Adwa.,https://www.treccani.it/enciclopedia/francesco-crispi/,,False,verified_manual,160133
119368,B618,016049,VIA ANTONIO LOCATELLI,,VIA ANTONIO LOCATELLI,Canonica d'Adda,Lombardia,016049,locatelli_antonio,Antonio Locatelli,Antonio Locatelli,100.0,exact_canonical,antonio locatelli,accepted_auto,Antonio Locatelli;Locatelli,military,Ethiopia,1935-1936,"Aviator and volunteer in the war against Ethiopia, later commemorated in Italian public space.",https://www.tandfonline.com/doi/full/10.1080/1369801X.2023.2222710,,False,verified,160133
233113,B703,016051,VIA ANTONIO LOCATELLI,,VIA ANTONIO LOCATELLI,Capriate San Gervasio,Lombardia,016051,locatelli_antonio,Antonio Locatelli,Antonio Locatelli,100.0,exact_canonical,antonio locatelli,accepted_auto,Antonio Locatelli;Locatelli,military,Ethiopia,1935-1936,"Aviator and volunteer in the war against Ethiopia, later commemorated in Italian public space.",https://www.tandfonline.com/doi/full/10.1080/1369801X.2023.2222710,,False,verified,160133
230371,B731,016053,PIAZZA ANTONIO LOCATELLI,,PIAZZA ANTONIO LOCATELLI,Caravaggio,Lombardia,016053,locatelli_antonio,Antonio Locatelli,Antonio Locatelli,100.0,exact_canonical,antonio locatelli,accepted_auto,Antonio Locatelli;Locatelli,military,Ethiopia,1935-1936,"Aviator and volunteer in the war against Ethiopia, later commemorated in Italian public space.",https://www.tandfonline.com/doi/full/10.1080/1369801X.2023.2222710,,False,verified,160133
120115,B796,012033,VIA GALLIANO,,VIA GALLIANO,Carnago,Lombardia,012033,galliano_giuseppe,Giuseppe Galliano,Galliano,100.0,exact_surname,galliano,needs_review,Giuseppe Galliano;Galliano,military,Eritrea;Ethiopia,1880s-1890s,Italian officer active in the colonial campaigns in Eritrea and Ethiopia.,https://www.lastampa.it/torino/2023/03/22/news/nomi_vie_piazze_colonialismo-12713667/,,True,verified,160133
787764,B801,016055,PIAZZA ANTONIO LOCATELLI,,PIAZZA ANTONIO LOCATELLI,Carobbio degli Angeli,Lombardia,016055,locatelli_antonio,Antonio Locatelli,Antonio Locatelli,100.0,exact_canonical,antonio locatelli,accepted_auto,Antonio Locatelli;Locatelli,military,Ethiopia,1935-1936,"Aviator and volunteer in the war against Ethiopia, later commemorated in Italian public space.",https://www.tandfonline.com/doi/full/10.1080/1369801X.2023.2222710,,False,verified,160133
147405,B803,016056,VIA ANTONIO LOCATELLI,,VIA ANTONIO LOCATELLI,Carona,Lombardia,016056,locatelli_antonio,Antonio Locatelli,Antonio Locatelli,100.0,exact_canonical,antonio locatelli,accepted_auto,Antonio Locatelli;Locatelli,military,Ethiopia,1935-1936,"Aviator and volunteer in the war against Ethiopia, later commemorated in Italian public space.",https://www.tandfonline.com/doi/full/10.1080/1369801X.2023.2222710,,False,verified,160133
400831,B898,019021,VIA GALLIANO,,VIA GALLIANO,Casalmaggiore,Lombardia,019021,galliano_giuseppe,Giuseppe Galliano,Galliano,100.0,exact_surname,galliano,needs_review,Giuseppe Galliano;Galliano,military,Eritrea;Ethiopia,1880s-1890s,Italian officer active in the colonial campaigns in Eritrea and Ethiopia.,https://www.lastampa.it/torino/2023/03/22/news/nomi_vie_piazze_colonialismo-12713667/,,True,verified,160133
680544,B947,016058,VIA ANTONIO LOCATELLI,,VIA ANTONIO LOCATELLI,Casazza,Lombardia,016058,locatelli_antonio,Antonio Locatelli,Antonio Locatelli,100.0,exact_canonical,antonio locatelli,accepted_auto,Antonio Locatelli;Locatelli,military,Ethiopia,1935-1936,"Aviator and volunteer in the war against Ethiopia, later commemorated in Italian public space.",https://www.tandfonline.com/doi/full/10.1080/1369801X.2023.2222710,,False,verified,160133
499311,B971,016059,VIA ANTONIO LOCATELLI,,VIA ANTONIO LOCATELLI,Casirate d'Adda,Lombardia,016059,locatelli_antonio,Antonio Locatelli,Antonio Locatelli,100.0,exact_canonical,antonio locatelli,accepted_auto,Antonio Locatelli;Locatelli,military,Ethiopia,1935-1936,"Aviator and volunteer in the war against Ethiopia, later commemorated in Italian public space.",https://www.tandfonline.com/doi/full/10.1080/1369801X.2023.2222710,,False,verified,160133
1077716,C052,015062,VIA PADRE REGINALDO GIULIANI,,VIA PADRE REGINALDO GIULIANI,Castano Primo,Lombardia,015062,giuliani_reginaldo,Reginaldo Giuliani,Reginaldo Giuliani,100.0,exact_canonical,padre reginaldo giuliani,accepted_auto,Reginaldo Giuliani;Giuliani;Padre Reginaldo Giuliani,military_and_religious,Ethiopia,1935-1936,Dominican friar and volunteer military chaplain associated with the war against Ethiopia.,https://www.tandfonline.com/doi/full/10.1080/1369801X.2023.2222710,,False,verified,160133
782573,C079,016062,VIA ANTONIO LOCATELLI,,VIA ANTONIO LOCATELLI,Castelli Calepio,Lombardia,016062,locatelli_antonio,Antonio Locatelli,Antonio Locatelli,100.0,exact_canonical,antonio locatelli,accepted_auto,Antonio Locatelli;Locatelli,military,Ethiopia,1935-1936,"Aviator and volunteer in the war against Ethiopia, later commemorated in Italian public space.",https://www.tandfonline.com/doi/full/10.1080/1369801X.2023.2222710,,False,verified,160133
516334,C139,012042,VIA ANTONIO LOCATELLI,,VIA ANTONIO LOCATELLI,Castellanza,Lombardia,012042,locatelli_antonio,Antonio Locatelli,Antonio Locatelli,100.0,exact_canonical,antonio locatelli,accepted_auto,Antonio Locatelli;Locatelli,military,Ethiopia,1935-1936,"Aviator and volunteer in the war against Ethiopia, later commemorated in Italian public space.",https://www.tandfonline.com/doi/full/10.1080/1369801X.2023.2222710,,False,verified,160133
105406,C228,098013,VIA GIUSEPPE GALLIANO,,VIA GIUSEPPE GALLIANO,Castelnuovo Bocca d'Adda,Lombardia,098013,galliano_giuseppe,Giuseppe Galliano,Giuseppe Galliano,100.0,exact_canonical,giuseppe galliano,accepted_auto,Giuseppe Galliano;Galliano,military,Eritrea;Ethiopia,1880s-1890s,Italian officer active in the colonial campaigns in Eritrea and Ethiopia.,https://www.lastampa.it/torino/2023/03/22/news/nomi_vie_piazze_colonialismo-12713667/,,True,verified,160133
564754,C324,016064,VIA ANTONIO LOCATELLI,,VIA ANTONIO LOCATELLI,Castione della Presolana,Lombardia,016064,locatelli_antonio,Antonio Locatelli,Antonio Locatelli,100.0,exact_canonical,antonio locatelli,accepted_auto,Antonio Locatelli;Locatelli,military,Ethiopia,1935-1936,"Aviator and volunteer in the war against Ethiopia, later commemorated in Italian public space.",https://www.tandfonline.com/doi/full/10.1080/1369801X.2023.2222710,,False,verified,160133
514238,C382,012048,VIA PADRE REGINALDO GIULIANI,,VIA PADRE REGINALDO GIULIANI,Cavaria con Premezzo,Lombardia,012048,giuliani_reginaldo,Reginaldo Giuliani,Reginaldo Giuliani,100.0,exact_canonical,padre reginaldo giuliani,accepted_auto,Reginaldo Giuliani;Giuliani;Padre Reginaldo Giuliani,military_and_religious,Ethiopia,1935-1936,Dominican friar and volunteer military chaplain associated with the war against Ethiopia.,https://www.tandfonline.com/doi/full/10.1080/1369801X.2023.2222710,,False,verified,160133
230775,C457,016069,VIA ANTONIO LOCATELLI,,VIA ANTONIO LOCATELLI,Cenate Sotto,Lombardia,016069,locatelli_antonio,Antonio Locatelli,Antonio Locatelli,100.0,exact_canonical,antonio locatelli,accepted_auto,Antonio Locatelli;Locatelli,military,Ethiopia,1935-1936,"Aviator and volunteer in the war against Ethiopia, later commemorated in Italian public space.",https://www.tandfonline.com/doi/full/10.1080/1369801X.2023.2222710,,False,verified,160133
103660,C506,016071,VIA ANTONIO LOCATELLI,,VIA ANTONIO LOCATELLI,Cerete,Lombardia,016071,locatelli_antonio,Antonio Locatelli,Antonio Locatelli,100.0,exact_canonical,antonio locatelli,accepted_auto,Antonio Locatelli;Locatelli,military,Ethiopia,1935-1936,"Aviator and volunteer in the war against Ethiopia, later commemorated in Italian public space.",https://www.tandfonline.com/doi/full/10.1080/1369801X.2023.2222710,,False,verified,160133
138379,C523,015070,PIAZZA PADRE REGINALDO GIULIANI,,PIAZZA PADRE REGINALDO GIULIANI,Cernusco sul Naviglio,Lombardia,015070,giuliani_reginaldo,Reginaldo Giuliani,Reginaldo Giuliani,100.0,exact_canonical,padre reginaldo giuliani,accepted_auto,Reginaldo Giuliani;Giuliani;Padre Reginaldo Giuliani,military_and_religious,Ethiopia,1935-1936,Dominican friar and volunteer military chaplain associated with the war against Ethiopia.,https://www.tandfonline.com/doi/full/10.1080/1369801X.2023.2222710,,False,verified,160133
612347,C566,108019,VIA ANTONIO LOCATELLI,,VIA ANTONIO LOCATELLI,Cesano Maderno,Lombardia,108019,locatelli_antonio,Antonio Locatelli,Antonio Locatelli,100.0,exact_canonical,antonio locatelli,accepted_auto,Antonio Locatelli;Locatelli,military,Ethiopia,1935-1936,"Aviator and volunteer in the war against Ethiopia, later commemorated in Italian public space.",https://www.tandfonline.com/doi/full/10.1080/1369801X.2023.2222710,,False,verified,160133
612478,C566,108019,VIA FRANCESCO CRISPI,,VIA FRANCESCO CRISPI,Cesano Maderno,Lombardia,108019,crispi_francesco,Francesco Crispi,Francesco Crispi,100.0,exact_canonical,francesco crispi,accepted_auto,Francesco Crispi,political_and_administration,Eritrea;Ethiopia;Somalia,1887-1896,Prime minister and a principal political promoter of Italian colonial expansion in the Horn of Africa; his policy culminated in the war ending at Adwa.,https://www.treccani.it/enciclopedia/francesco-crispi/,,False,verified_manual,160133
805041,C649,016073,VIA ANTONIO LOCATELLI,,VIA ANTONIO LOCATELLI,Chiuduno,Lombardia,016073,locatelli_antonio,Antonio Locatelli,Antonio Locatelli,100.0,exact_canonical,antonio locatelli,accepted_auto,Antonio Locatelli;Locatelli,military,Ethiopia,1935-1936,"Aviator and volunteer in the war against Ethiopia, later commemorated in Italian public space.",https://www.tandfonline.com/doi/full/10.1080/1369801X.2023.2222710,,False,verified,160133
331999,C730,016075,VIA ANTONIO LOCATELLI,,VIA ANTONIO LOCATELLI,Ciserano,Lombardia,016075,locatelli_antonio,Antonio Locatelli,Antonio Locatelli,100.0,exact_canonical,antonio locatelli,accepted_auto,Antonio Locatelli;Locatelli,military,Ethiopia,1935-1936,"Aviator and volunteer in the war against Ethiopia, later commemorated in Italian public space.",https://www.tandfonline.com/doi/full/10.1080/1369801X.2023.2222710,,False,verified,160133
803645,C759,016076,VIA ANTONIO LOCATELLI,,VIA ANTONIO LOCATELLI,Cividate al Piano,Lombardia,016076,locatelli_antonio,Antonio Locatelli,Antonio Locatelli,100.0,exact_canonical,antonio locatelli,accepted_auto,Antonio Locatelli;Locatelli,military,Ethiopia,1935-1936,"Aviator and volunteer in the war against Ethiopia, later commemorated in Italian public space.",https://www.tandfonline.com/doi/full/10.1080/1369801X.2023.2222710,,False,verified,160133
771628,C789,016221,VIA ANTONIO LOCATELLI,,VIA ANTONIO LOCATELLI,Ubiale Clanezzo,Lombardia,016221,locatelli_antonio,Antonio Locatelli,Antonio Locatelli,100.0,exact_canonical,antonio locatelli,accepted_auto,Antonio Locatelli;Locatelli,military,Ethiopia,1935-1936,"Aviator and volunteer in the war against Ethiopia, later commemorated in Italian public space.",https://www.tandfonline.com/doi/full/10.1080/1369801X.2023.2222710,,False,verified,160133
459274,C800,016077,LARGO ANTONIO LOCATELLI,,LARGO ANTONIO LOCATELLI,Clusone,Lombardia,016077,locatelli_antonio,Antonio Locatelli,Antonio Locatelli,100.0,exact_canonical,antonio locatelli,accepted_auto,Antonio Locatelli;Locatelli,military,Ethiopia,1935-1936,"Aviator and volunteer in the war against Ethiopia, later commemorated in Italian public space.",https://www.tandfonline.com/doi/full/10.1080/1369801X.2023.2222710,,False,verified,160133
784226,C894,016079,VIA ANTONIO LOCATELLI,,VIA ANTONIO LOCATELLI,Cologno al Serio,Lombardia,016079,locatelli_antonio,Antonio Locatelli,Antonio Locatelli,100.0,exact_canonical,antonio locatelli,accepted_auto,Antonio Locatelli;Locatelli,military,Ethiopia,1935-1936,"Aviator and volunteer in the war against Ethiopia, later commemorated in Italian public space.",https://www.tandfonline.com/doi/full/10.1080/1369801X.2023.2222710,,False,verified,160133
380817,C933,013075,VIA FRANCESCO CRISPI,,VIA FRANCESCO CRISPI,Como,Lombardia,013075,crispi_francesco,Francesco Crispi,Francesco Crispi,100.0,exact_canonical,francesco crispi,accepted_auto,Francesco Crispi,political_and_administration,Eritrea;Ethiopia;Somalia,1887-1896,Prime minister and a principal political promoter of Italian colonial expansion in the Horn of Africa; his policy culminated in the war ending at Adwa.,https://www.treccani.it/enciclopedia/francesco-crispi/,,False,verified_manual,160133
795543,C937,016081,PIAZZA ANTONIO LOCATELLI,,PIAZZA ANTONIO LOCATELLI,Comun Nuovo,Lombardia,016081,locatelli_antonio,Antonio Locatelli,Antonio Locatelli,100.0,exact_canonical,antonio locatelli,accepted_auto,Antonio Locatelli;Locatelli,military,Ethiopia,1935-1936,"Aviator and volunteer in the war against Ethiopia, later commemorated in Italian public space.",https://www.tandfonline.com/doi/full/10.1080/1369801X.2023.2222710,,False,verified,160133
485362,C979,018053,VIA CESARE MARIA DE VECCHI,,VIA CESARE MARIA DE VECCHI,Copiano,Lombardia,018053,devecchi_cesare,Cesare Maria De Vecchi,Cesare Maria De Vecchi,100.0,exact_canonical,cesare maria de vecchi,accepted_auto,Cesare Maria De Vecchi;Cesare De Vecchi,political_and_administration,Somalia,1923-1928,Fascist governor of Somalia who imposed direct rule and conducted violent campaigns of disarmament and subjugation.,https://www.treccani.it/enciclopedia/de-vecchi-cesare-maria_%28Dizionario-Biografico%29/,,False,verified_manual,160133
584886,C986,015085,VIA FRANCESCO CRISPI,,VIA FRANCESCO CRISPI,Corbetta,Lombardia,015085,crispi_francesco,Francesco Crispi,Francesco Crispi,100.0,exact_canonical,francesco crispi,accepted_auto,Francesco Crispi,political_and_administration,Eritrea;Ethiopia;Somalia,1887-1896,Prime minister and a principal political promoter of Italian colonial expansion in the Horn of Africa; his policy culminated in the war ending at Adwa.,https://www.treccani.it/enciclopedia/francesco-crispi/,,False,verified_manual,160133
104438,D016,016249,VIA ANTONIO LOCATELLI,,VIA ANTONIO LOCATELLI,Cornalba,Lombardia,016249,locatelli_antonio,Antonio Locatelli,Antonio Locatelli,100.0,exact_canonical,antonio locatelli,accepted_auto,Antonio Locatelli;Locatelli,military,Ethiopia,1935-1936,"Aviator and volunteer in the war against Ethiopia, later commemorated in Italian public space.",https://www.tandfonline.com/doi/full/10.1080/1369801X.2023.2222710,,False,verified,160133
595232,D018,015087,VIA DUCA DEGLI ABRUZZI,,VIA DUCA DEGLI ABRUZZI,Cornaredo,Lombardia,015087,savoiaaosta_luigiamedeo,Luigi Amedeo di Savoia-Aosta,Duca degli Abruzzi,100.0,exact_alias,duca degli abruzzi,accepted_auto,Luigi Amedeo di Savoia-Aosta;Duca degli Abruzzi,economic_and_colonization,Somalia,1919-1933,"Prince, explorer and founder of the large agricultural settlement and company at Villaggio Duca degli Abruzzi in Italian Somalia.",https://www.treccani.it/enciclopedia/savoia-aosta-luigi-amedeo-giuseppe-maria-ferdinando-francesco-di-duca-degli-abruzzi_%28Dizionario-Biografico%29/,,False,verified_manual,160133
803769,D110,016084,VIA ANTONIO LOCATELLI,,VIA ANTONIO LOCATELLI,Costa di Mezzate,Lombardia,016084,locatelli_antonio,Antonio Locatelli,Antonio Locatelli,100.0,exact_canonical,antonio locatelli,accepted_auto,Antonio Locatelli;Locatelli,military,Ethiopia,1935-1936,"Aviator and volunteer in the war against Ethiopia, later commemorated in Italian public space.",https://www.tandfonline.com/doi/full/10.1080/1369801X.2023.2222710,,False,verified,160133
274213,D142,019035,VIA FRANCESCO CRISPI,,VIA FRANCESCO CRISPI,Crema,Lombardia,019035,crispi_francesco,Francesco Crispi,Francesco Crispi,100.0,exact_canonical,francesco crispi,accepted_auto,Francesco Crispi,political_and_administration,Eritrea;Ethiopia;Somalia,1887-1896,Prime minister and a principal political promoter of Italian colonial expansion in the Horn of Africa; his policy culminated in the war ending at Adwa.,https://www.treccani.it/enciclopedia/francesco-crispi/,,False,verified_manual,160133
111018,D143,097028,VIA DEL BONO,,VIA DEL BONO,Cremella,Lombardia,097028,debono_emilio,Emilio De Bono,De Bono,93.33333333333333,fuzzy_full_or_alias,del bono,needs_review,Emilio De Bono;De Bono;Emilio De Bòno,military_political_administration,Libya;Eritrea;Ethiopia,1925-1935,"Governor of Tripolitania, minister of the Colonies, and commander in the first phase of the war against Ethiopia.",https://www.treccani.it/enciclopedia/emilio-de-bono/,,True,verified,160133
407803,D199,012059,VIA TOSELLI,,VIA TOSELLI,Cugliate-Fabiasco,Lombardia,012059,toselli_pietro,Pietro Toselli,Toselli,100.0,exact_surname,toselli,needs_review,Pietro Toselli;Toselli;Maggiore Toselli,military,Eritrea;Ethiopia,1890s,Italian officer in the colonial campaigns in the Horn of Africa; killed at Amba Alagi in 1895.,https://www.tandfonline.com/doi/full/10.1080/1369801X.2023.2222710,,True,verified,160133
438445,D245,016091,VIA GIUSEPPE GALLIANO,,VIA GIUSEPPE GALLIANO,Dalmine,Lombardia,016091,galliano_giuseppe,Giuseppe Galliano,Giuseppe Galliano,100.0,exact_canonical,giuseppe galliano,accepted_auto,Giuseppe Galliano;Galliano,military,Eritrea;Ethiopia,1880s-1890s,Italian officer active in the colonial campaigns in Eritrea and Ethiopia.,https://www.lastampa.it/torino/2023/03/22/news/nomi_vie_piazze_colonialismo-12713667/,,True,verified,160133
438609,D245,016091,VIA VITTORIO BOTTEGO,,VIA VITTORIO BOTTEGO,Dalmine,Lombardia,016091,bottego_vittorio,Vittorio Bottego,Vittorio Bottego,100.0,exact_canonical,vittorio bottego,accepted_auto,Vittorio Bottego,exploration_geography,Somalia;Ethiopia;Eritrea,1887-1897,Army officer and explorer whose expeditions in the Horn of Africa were closely connected with Italian territorial ambitions in Somalia and Ethiopia.,https://www.treccani.it/enciclopedia/vittorio-bottego_%28Dizionario-Biografico%29/,,False,verified_manual,160133
438295,D245,016091,VIALE ANTONIO LOCATELLI,,VIALE ANTONIO LOCATELLI,Dalmine,Lombardia,016091,locatelli_antonio,Antonio Locatelli,Antonio Locatelli,100.0,exact_canonical,antonio locatelli,accepted_auto,Antonio Locatelli;Locatelli,military,Ethiopia,1935-1936,"Aviator and volunteer in the war against Ethiopia, later commemorated in Italian public space.",https://www.tandfonline.com/doi/full/10.1080/1369801X.2023.2222710,,False,verified,160133
1234363,D280,097030,VIA PIETRO BADOGLIO,,VIA PIETRO BADOGLIO,Dervio,Lombardia,097030,badoglio_pietro,Pietro Badoglio,Pietro Badoglio,100.0,exact_canonical,pietro badoglio,accepted_auto,Pietro Badoglio;Badoglio;Maresciallo Badoglio,military_and_administration,Libya;Ethiopia,1929-1936,Governor of Libya and later senior commander/high commissioner during the invasion of Ethiopia.,https://www.treccani.it/enciclopedia/pietro-badoglio/,,True,verified,160133
819210,D406,016093,VIA ANTONIO LOCATELLI,,VIA ANTONIO LOCATELLI,Endine Gaiano,Lombardia,016093,locatelli_antonio,Antonio Locatelli,Antonio Locatelli,100.0,exact_canonical,antonio locatelli,accepted_auto,Antonio Locatelli;Locatelli,military,Ethiopia,1935-1936,"Aviator and volunteer in the war against Ethiopia, later commemorated in Italian public space.",https://www.tandfonline.com/doi/full/10.1080/1369801X.2023.2222710,,False,verified,160133
783468,D445,013097,VIA GIUSEPPE GALLIANO,,VIA GIUSEPPE GALLIANO,Eupilio,Lombardia,013097,galliano_giuseppe,Giuseppe Galliano,Giuseppe Galliano,100.0,exact_canonical,giuseppe galliano,accepted_auto,Giuseppe Galliano;Galliano,military,Eritrea;Ethiopia,1880s-1890s,Italian officer active in the colonial campaigns in Eritrea and Ethiopia.,https://www.lastampa.it/torino/2023/03/22/news/nomi_vie_piazze_colonialismo-12713667/,,True,verified,160133
819352,D490,016096,VIA ANTONIO LOCATELLI,,VIA ANTONIO LOCATELLI,Fara Gera d'Adda,Lombardia,016096,locatelli_antonio,Antonio Locatelli,Antonio Locatelli,100.0,exact_canonical,antonio locatelli,accepted_auto,Antonio Locatelli;Locatelli,military,Ethiopia,1935-1936,"Aviator and volunteer in the war against Ethiopia, later commemorated in Italian public space.",https://www.tandfonline.com/doi/full/10.1080/1369801X.2023.2222710,,False,verified,160133
656880,D588,016098,VIA ANTONIO LOCATELLI,,VIA ANTONIO LOCATELLI,Filago,Lombardia,016098,locatelli_antonio,Antonio Locatelli,Antonio Locatelli,100.0,exact_canonical,antonio locatelli,accepted_auto,Antonio Locatelli;Locatelli,military,Ethiopia,1935-1936,"Aviator and volunteer in the war against Ethiopia, later commemorated in Italian public space.",https://www.tandfonline.com/doi/full/10.1080/1369801X.2023.2222710,,False,verified,160133
233301,D606,016100,VIA ANTONIO LOCATELLI,,VIA ANTONIO LOCATELLI,Fiorano al Serio,Lombardia,016100,locatelli_antonio,Antonio Locatelli,Antonio Locatelli,100.0,exact_canonical,antonio locatelli,accepted_auto,Antonio Locatelli;Locatelli,military,Ethiopia,1935-1936,"Aviator and volunteer in the war against Ethiopia, later commemorated in Italian public space.",https://www.tandfonline.com/doi/full/10.1080/1369801X.2023.2222710,,False,verified,160133
652951,D672,016101,VIA ANTONIO LOCATELLI,,VIA ANTONIO LOCATELLI,Fontanella,Lombardia,016101,locatelli_antonio,Antonio Locatelli,Antonio Locatelli,100.0,exact_canonical,antonio locatelli,accepted_auto,Antonio Locatelli;Locatelli,military,Ethiopia,1935-1936,"Aviator and volunteer in the war against Ethiopia, later commemorated in Italian public space.",https://www.tandfonline.com/doi/full/10.1080/1369801X.2023.2222710,,False,verified,160133
859079,D905,016108,VIA ANTONIO LOCATELLI,,VIA ANTONIO LOCATELLI,Gandino,Lombardia,016108,locatelli_antonio,Antonio Locatelli,Antonio Locatelli,100.0,exact_canonical,antonio locatelli,accepted_auto,Antonio Locatelli;Locatelli,military,Ethiopia,1935-1936,"Aviator and volunteer in the war against Ethiopia, later commemorated in Italian public space.",https://www.tandfonline.com/doi/full/10.1080/1369801X.2023.2222710,,False,verified,160133
859130,D905,016108,VIA FRANCESCO CRISPI,,VIA FRANCESCO CRISPI,Gandino,Lombardia,016108,crispi_francesco,Francesco Crispi,Francesco Crispi,100.0,exact_canonical,francesco crispi,accepted_auto,Francesco Crispi,political_and_administration,Eritrea;Ethiopia;Somalia,1887-1896,Prime minister and a principal political promoter of Italian colonial expansion in the Horn of Africa; his policy culminated in the war ending at Adwa.,https://www.treccani.it/enciclopedia/francesco-crispi/,,False,verified_manual,160133
213589,D926,097038,VIA FRANCESCO CRISPI,,VIA FRANCESCO CRISPI,Garlate,Lombardia,097038,crispi_francesco,Francesco Crispi,Francesco Crispi,100.0,exact_canonical,francesco crispi,accepted_auto,Francesco Crispi,political_and_administration,Eritrea;Ethiopia;Somalia,1887-1896,Prime minister and a principal political promoter of Italian colonial expansion in the Horn of Africa; his policy culminated in the war ending at Adwa.,https://www.treccani.it/enciclopedia/francesco-crispi/,,False,verified_manual,160133
786689,D952,016111,VIA ANTONIO LOCATELLI,,VIA ANTONIO LOCATELLI,Gazzaniga,Lombardia,016111,locatelli_antonio,Antonio Locatelli,Antonio Locatelli,100.0,exact_canonical,antonio locatelli,accepted_auto,Antonio Locatelli;Locatelli,military,Ethiopia,1935-1936,"Aviator and volunteer in the war against Ethiopia, later commemorated in Italian public space.",https://www.tandfonline.com/doi/full/10.1080/1369801X.2023.2222710,,False,verified,160133
786720,D952,016111,VIA FRANCESCO CRISPI,,VIA FRANCESCO CRISPI,Gazzaniga,Lombardia,016111,crispi_francesco,Francesco Crispi,Francesco Crispi,100.0,exact_canonical,francesco crispi,accepted_auto,Francesco Crispi,political_and_administration,Eritrea;Ethiopia;Somalia,1887-1896,Prime minister and a principal political promoter of Italian colonial expansion in the Horn of Africa; his policy culminated in the war ending at Adwa.,https://www.treccani.it/enciclopedia/francesco-crispi/,,False,verified_manual,160133
786723,D952,016111,VIA GALLIANO,,VIA GALLIANO,Gazzaniga,Lombardia,016111,galliano_giuseppe,Giuseppe Galliano,Galliano,100.0,exact_surname,galliano,needs_review,Giuseppe Galliano;Galliano,military,Eritrea;Ethiopia,1880s-1890s,Italian officer active in the colonial campaigns in Eritrea and Ethiopia.,https://www.lastampa.it/torino/2023/03/22/news/nomi_vie_piazze_colonialismo-12713667/,,True,verified,160133
548573,D981,012075,VIA DUCA DEGLI ABRUZZI,,VIA DUCA DEGLI ABRUZZI,Gerenzano,Lombardia,012075,savoiaaosta_luigiamedeo,Luigi Amedeo di Savoia-Aosta,Duca degli Abruzzi,100.0,exact_alias,duca degli abruzzi,accepted_auto,Luigi Amedeo di Savoia-Aosta;Duca degli Abruzzi,economic_and_colonization,Somalia,1919-1933,"Prince, explorer and founder of the large agricultural settlement and company at Villaggio Duca degli Abruzzi in Italian Somalia.",https://www.treccani.it/enciclopedia/savoia-aosta-luigi-amedeo-giuseppe-maria-ferdinando-francesco-di-duca-degli-abruzzi_%28Dizionario-Biografico%29/,,False,verified_manual,160133
548579,D981,012075,VIA FRANCESCO CRISPI,,VIA FRANCESCO CRISPI,Gerenzano,Lombardia,012075,crispi_francesco,Francesco Crispi,Francesco Crispi,100.0,exact_canonical,francesco crispi,accepted_auto,Francesco Crispi,political_and_administration,Eritrea;Ethiopia;Somalia,1887-1896,Prime minister and a principal political promoter of Italian colonial expansion in the Horn of Africa; his policy culminated in the war ending at Adwa.,https://www.treccani.it/enciclopedia/francesco-crispi/,,False,verified_manual,160133
803834,E006,016113,VIA ANTONIO LOCATELLI,,VIA ANTONIO LOCATELLI,Ghisalba,Lombardia,016113,locatelli_antonio,Antonio Locatelli,Antonio Locatelli,100.0,exact_canonical,antonio locatelli,accepted_auto,Antonio Locatelli;Locatelli,military,Ethiopia,1935-1936,"Aviator and volunteer in the war against Ethiopia, later commemorated in Italian public space.",https://www.tandfonline.com/doi/full/10.1080/1369801X.2023.2222710,,False,verified,160133
231009,E100,016114,PIAZZA ANTONIO LOCATELLI,,PIAZZA ANTONIO LOCATELLI,Gorlago,Lombardia,016114,locatelli_antonio,Antonio Locatelli,Antonio Locatelli,100.0,exact_canonical,antonio locatelli,accepted_auto,Antonio Locatelli;Locatelli,military,Ethiopia,1935-1936,"Aviator and volunteer in the war against Ethiopia, later commemorated in Italian public space.",https://www.tandfonline.com/doi/full/10.1080/1369801X.2023.2222710,,False,verified,160133
421230,E103,016115,VIA ANTONIO LOCATELLI,,VIA ANTONIO LOCATELLI,Gorle,Lombardia,016115,locatelli_antonio,Antonio Locatelli,Antonio Locatelli,100.0,exact_canonical,antonio locatelli,accepted_auto,Antonio Locatelli;Locatelli,military,Ethiopia,1935-1936,"Aviator and volunteer in the war against Ethiopia, later commemorated in Italian public space.",https://www.tandfonline.com/doi/full/10.1080/1369801X.2023.2222710,,False,verified,160133
684567,E116,017080,VIA DUCA DEGLI ABRUZZI,,VIA DUCA DEGLI ABRUZZI,Gottolengo,Lombardia,017080,savoiaaosta_luigiamedeo,Luigi Amedeo di Savoia-Aosta,Duca degli Abruzzi,100.0,exact_alias,duca degli abruzzi,accepted_auto,Luigi Amedeo di Savoia-Aosta;Duca degli Abruzzi,economic_and_colonization,Somalia,1919-1933,"Prince, explorer and founder of the large agricultural settlement and company at Villaggio Duca degli Abruzzi in Italian Somalia.",https://www.treccani.it/enciclopedia/savoia-aosta-luigi-amedeo-giuseppe-maria-ferdinando-francesco-di-duca-degli-abruzzi_%28Dizionario-Biografico%29/,,False,verified_manual,160133
177100,E189,016118,VIA ANTONIO LOCATELLI,,VIA ANTONIO LOCATELLI,Gromo,Lombardia,016118,locatelli_antonio,Antonio Locatelli,Antonio Locatelli,100.0,exact_canonical,antonio locatelli,accepted_auto,Antonio Locatelli;Locatelli,military,Ethiopia,1935-1936,"Aviator and volunteer in the war against Ethiopia, later commemorated in Italian public space.",https://www.tandfonline.com/doi/full/10.1080/1369801X.2023.2222710,,False,verified,160133
841955,E272,019052,VIA GALLIANO,,VIA GALLIANO,Gussola,Lombardia,019052,galliano_giuseppe,Giuseppe Galliano,Galliano,100.0,exact_surname,galliano,needs_review,Giuseppe Galliano;Galliano,military,Eritrea;Ethiopia,1880s-1890s,Italian officer active in the colonial campaigns in Eritrea and Ethiopia.,https://www.lastampa.it/torino/2023/03/22/news/nomi_vie_piazze_colonialismo-12713667/,,True,verified,160133
841975,E272,019052,VIA TOSELLI,,VIA TOSELLI,Gussola,Lombardia,019052,toselli_pietro,Pietro Toselli,Toselli,100.0,exact_surname,toselli,needs_review,Pietro Toselli;Toselli;Maggiore Toselli,military,Eritrea;Ethiopia,1890s,Italian officer in the colonial campaigns in the Horn of Africa; killed at Amba Alagi in 1895.,https://www.tandfonline.com/doi/full/10.1080/1369801X.2023.2222710,,True,verified,160133
942350,E317,015114,VIA PADRE REGINALDO GIULIANI,,VIA PADRE REGINALDO GIULIANI,Inzago,Lombardia,015114,giuliani_reginaldo,Reginaldo Giuliani,Reginaldo Giuliani,100.0,exact_canonical,padre reginaldo giuliani,accepted_auto,Reginaldo Giuliani;Giuliani;Padre Reginaldo Giuliani,military_and_religious,Ethiopia,1935-1936,Dominican friar and volunteer military chaplain associated with the war against Ethiopia.,https://www.tandfonline.com/doi/full/10.1080/1369801X.2023.2222710,,False,verified,160133
370663,E386,012085,VIA FRANCESCO CRISPI,,VIA FRANCESCO CRISPI,Jerago con Orago,Lombardia,012085,crispi_francesco,Francesco Crispi,Francesco Crispi,100.0,exact_canonical,francesco crispi,accepted_auto,Francesco Crispi,political_and_administration,Eritrea;Ethiopia;Somalia,1887-1896,Prime minister and a principal political promoter of Italian colonial expansion in the Horn of Africa; his policy culminated in the war ending at Adwa.,https://www.treccani.it/enciclopedia/francesco-crispi/,,False,verified_manual,160133
332502,E422,016123,VIA ANTONIO LOCATELLI,,VIA ANTONIO LOCATELLI,Lallio,Lombardia,016123,locatelli_antonio,Antonio Locatelli,Antonio Locatelli,100.0,exact_canonical,antonio locatelli,accepted_auto,Antonio Locatelli;Locatelli,military,Ethiopia,1935-1936,"Aviator and volunteer in the war against Ethiopia, later commemorated in Italian public space.",https://www.tandfonline.com/doi/full/10.1080/1369801X.2023.2222710,,False,verified,160133
770742,E509,016124,VIA ANTONIO LOCATELLI,,VIA ANTONIO LOCATELLI,Leffe,Lombardia,016124,locatelli_antonio,Antonio Locatelli,Antonio Locatelli,100.0,exact_canonical,antonio locatelli,accepted_auto,Antonio Locatelli;Locatelli,military,Ethiopia,1935-1936,"Aviator and volunteer in the war against Ethiopia, later commemorated in Italian public space.",https://www.tandfonline.com/doi/full/10.1080/1369801X.2023.2222710,,False,verified,160133
768477,E514,015118,VIA ANTONIO LOCATELLI,,VIA ANTONIO LOCATELLI,Legnano,Lombardia,015118,locatelli_antonio,Antonio Locatelli,Antonio Locatelli,100.0,exact_canonical,antonio locatelli,accepted_auto,Antonio Locatelli;Locatelli,military,Ethiopia,1935-1936,"Aviator and volunteer in the war against Ethiopia, later commemorated in Italian public space.",https://www.tandfonline.com/doi/full/10.1080/1369801X.2023.2222710,,False,verified,160133
768631,E514,015118,VIA FRANCESCO CRISPI,,VIA FRANCESCO CRISPI,Legnano,Lombardia,015118,crispi_francesco,Francesco Crispi,Francesco Crispi,100.0,exact_canonical,francesco crispi,accepted_auto,Francesco Crispi,political_and_administration,Eritrea;Ethiopia;Somalia,1887-1896,Prime minister and a principal political promoter of Italian colonial expansion in the Horn of Africa; his policy culminated in the war ending at Adwa.,https://www.treccani.it/enciclopedia/francesco-crispi/,,False,verified_manual,160133
768798,E514,015118,VIA PADRE REGINALDO GIULIANI,,VIA PADRE REGINALDO GIULIANI,Legnano,Lombardia,015118,giuliani_reginaldo,Reginaldo Giuliani,Reginaldo Giuliani,100.0,exact_canonical,padre reginaldo giuliani,accepted_auto,Reginaldo Giuliani;Giuliani;Padre Reginaldo Giuliani,military_and_religious,Ethiopia,1935-1936,Dominican friar and volunteer military chaplain associated with the war against Ethiopia.,https://www.tandfonline.com/doi/full/10.1080/1369801X.2023.2222710,,False,verified,160133
768824,E514,015118,VIALE PIETRO TOSELLI,,VIALE PIETRO TOSELLI,Legnano,Lombardia,015118,toselli_pietro,Pietro Toselli,Pietro Toselli,100.0,exact_canonical,pietro toselli,accepted_auto,Pietro Toselli;Toselli;Maggiore Toselli,military,Eritrea;Ethiopia,1890s,Italian officer in the colonial campaigns in the Horn of Africa; killed at Amba Alagi in 1895.,https://www.tandfonline.com/doi/full/10.1080/1369801X.2023.2222710,,True,verified,160133
508152,E530,108054,VIA FRANCESCO CRISPI,,VIA FRANCESCO CRISPI,Lentate sul Seveso,Lombardia,108054,crispi_francesco,Francesco Crispi,Francesco Crispi,100.0,exact_canonical,francesco crispi,accepted_auto,Francesco Crispi,political_and_administration,Eritrea;Ethiopia;Somalia,1887-1896,Prime minister and a principal political promoter of Italian colonial expansion in the Horn of Africa; his policy culminated in the war ending at Adwa.,https://www.treccani.it/enciclopedia/francesco-crispi/,,False,verified_manual,160133
417913,E562,016126,VIA ANTONIO LOCATELLI,,VIA ANTONIO LOCATELLI,Levate,Lombardia,016126,locatelli_antonio,Antonio Locatelli,Antonio Locatelli,100.0,exact_canonical,antonio locatelli,accepted_auto,Antonio Locatelli;Locatelli,military,Ethiopia,1935-1936,"Aviator and volunteer in the war against Ethiopia, later commemorated in Italian public space.",https://www.tandfonline.com/doi/full/10.1080/1369801X.2023.2222710,,False,verified,160133
196537,E591,108027,VIA FRANCESCO CRISPI,,VIA FRANCESCO CRISPI,Limbiate,Lombardia,108027,crispi_francesco,Francesco Crispi,Francesco Crispi,100.0,exact_canonical,francesco crispi,accepted_auto,Francesco Crispi,political_and_administration,Eritrea;Ethiopia;Somalia,1887-1896,Prime minister and a principal political promoter of Italian colonial expansion in the Horn of Africa; his policy culminated in the war ending at Adwa.,https://www.treccani.it/enciclopedia/francesco-crispi/,,False,verified_manual,160133
196577,E591,108027,VIA GIUSEPPE GALLIANO,,VIA GIUSEPPE GALLIANO,Limbiate,Lombardia,108027,galliano_giuseppe,Giuseppe Galliano,Giuseppe Galliano,100.0,exact_canonical,giuseppe galliano,accepted_auto,Giuseppe Galliano;Galliano,military,Eritrea;Ethiopia,1880s-1890s,Italian officer active in the colonial campaigns in Eritrea and Ethiopia.,https://www.lastampa.it/torino/2023/03/22/news/nomi_vie_piazze_colonialismo-12713667/,,True,verified,160133
196693,E591,108027,VIA PIETRO TOSELLI,,VIA PIETRO TOSELLI,Limbiate,Lombardia,108027,toselli_pietro,Pietro Toselli,Pietro Toselli,100.0,exact_canonical,pietro toselli,accepted_auto,Pietro Toselli;Toselli;Maggiore Toselli,military,Eritrea;Ethiopia,1890s,Italian officer in the colonial campaigns in the Horn of Africa; killed at Amba Alagi in 1895.,https://www.tandfonline.com/doi/full/10.1080/1369801X.2023.2222710,,True,verified,160133
196759,E591,108027,VIA VITTORIO BOTTEGO,,VIA VITTORIO BOTTEGO,Limbiate,Lombardia,108027,bottego_vittorio,Vittorio Bottego,Vittorio Bottego,100.0,exact_canonical,vittorio bottego,accepted_auto,Vittorio Bottego,exploration_geography,Somalia;Ethiopia;Eritrea,1887-1897,Army officer and explorer whose expeditions in the Horn of Africa were closely connected with Italian territorial ambitions in Somalia and Ethiopia.,https://www.treccani.it/enciclopedia/vittorio-bottego_%28Dizionario-Biografico%29/,,False,verified_manual,160133
476753,E617,108028,VIA ANTONIO LOCATELLI,,VIA ANTONIO LOCATELLI,Lissone,Lombardia,108028,locatelli_antonio,Antonio Locatelli,Antonio Locatelli,100.0,exact_canonical,antonio locatelli,accepted_auto,Antonio Locatelli;Locatelli,military,Ethiopia,1935-1936,"Aviator and volunteer in the war against Ethiopia, later commemorated in Italian public space.",https://www.tandfonline.com/doi/full/10.1080/1369801X.2023.2222710,,False,verified,160133
476938,E617,108028,VIA GIUSEPPE GALLIANO,,VIA GIUSEPPE GALLIANO,Lissone,Lombardia,108028,galliano_giuseppe,Giuseppe Galliano,Giuseppe Galliano,100.0,exact_canonical,giuseppe galliano,accepted_auto,Giuseppe Galliano;Galliano,military,Eritrea;Ethiopia,1880s-1890s,Italian officer active in the colonial campaigns in Eritrea and Ethiopia.,https://www.lastampa.it/torino/2023/03/22/news/nomi_vie_piazze_colonialismo-12713667/,,True,verified,160133
477038,E617,108028,VIA PADRE REGINALDO GIULIANI,,VIA PADRE REGINALDO GIULIANI,Lissone,Lombardia,108028,giuliani_reginaldo,Reginaldo Giuliani,Reginaldo Giuliani,100.0,exact_canonical,padre reginaldo giuliani,accepted_auto,Reginaldo Giuliani;Giuliani;Padre Reginaldo Giuliani,military_and_religious,Ethiopia,1935-1936,Dominican friar and volunteer military chaplain associated with the war against Ethiopia.,https://www.tandfonline.com/doi/full/10.1080/1369801X.2023.2222710,,False,verified,160133
477062,E617,108028,VIA PIETRO TOSELLI,,VIA PIETRO TOSELLI,Lissone,Lombardia,108028,toselli_pietro,Pietro Toselli,Pietro Toselli,100.0,exact_canonical,pietro toselli,accepted_auto,Pietro Toselli;Toselli;Maggiore Toselli,military,Eritrea;Ethiopia,1890s,Italian officer in the colonial campaigns in the Horn of Africa; killed at Amba Alagi in 1895.,https://www.tandfonline.com/doi/full/10.1080/1369801X.2023.2222710,,True,verified,160133
477131,E617,108028,VIA VITTORIO BOTTEGO,,VIA VITTORIO BOTTEGO,Lissone,Lombardia,108028,bottego_vittorio,Vittorio Bottego,Vittorio Bottego,100.0,exact_canonical,vittorio bottego,accepted_auto,Vittorio Bottego,exploration_geography,Somalia;Ethiopia;Eritrea,1887-1897,Army officer and explorer whose expeditions in the Horn of Africa were closely connected with Italian territorial ambitions in Somalia and Ethiopia.,https://www.treccani.it/enciclopedia/vittorio-bottego_%28Dizionario-Biografico%29/,,False,verified_manual,160133
644350,E640,016127,VIA ANTONINO LOCATELLI,,VIA ANTONINO LOCATELLI,Locatello,Lombardia,016127,locatelli_antonio,Antonio Locatelli,Antonio Locatelli,97.14285714285714,fuzzy_full_or_alias,antonino locatelli,needs_review,Antonio Locatelli;Locatelli,military,Ethiopia,1935-1936,"Aviator and volunteer in the war against Ethiopia, later commemorated in Italian public space.",https://www.tandfonline.com/doi/full/10.1080/1369801X.2023.2222710,,False,verified,160133
628174,E648,098031,VIA GENERALE ITALO GARIBOLDI,,VIA GENERALE ITALO GARIBOLDI,Lodi,Lombardia,098031,gariboldi_italo,Italo Gariboldi,Italo Gariboldi,100.0,exact_canonical,generale italo gariboldi,accepted_auto,Italo Gariboldi,military_and_administration,Libya;Ethiopia,1935-1941,Commander in the Ethiopian war and Governor-General of Libya in 1941.,https://it.wikipedia.org/wiki/Italo_Gariboldi,,False,verified_manual,160133
512441,E753,013138,VIA GALLIANO,,VIA GALLIANO,Lurate Caccivio,Lombardia,013138,galliano_giuseppe,Giuseppe Galliano,Galliano,100.0,exact_surname,galliano,needs_review,Giuseppe Galliano;Galliano,military,Eritrea;Ethiopia,1880s-1890s,Italian officer active in the colonial campaigns in Eritrea and Ethiopia.,https://www.lastampa.it/torino/2023/03/22/news/nomi_vie_piazze_colonialismo-12713667/,,True,verified,160133
418125,E801,015130,VIA GIUSEPPE GALLIANO,,VIA GIUSEPPE GALLIANO,Magenta,Lombardia,015130,galliano_giuseppe,Giuseppe Galliano,Giuseppe Galliano,100.0,exact_canonical,giuseppe galliano,accepted_auto,Giuseppe Galliano;Galliano,military,Eritrea;Ethiopia,1880s-1890s,Italian officer active in the colonial campaigns in Eritrea and Ethiopia.,https://www.lastampa.it/torino/2023/03/22/news/nomi_vie_piazze_colonialismo-12713667/,,True,verified,160133
418198,E801,015130,VIA PIETRO TOSELLI,,VIA PIETRO TOSELLI,Magenta,Lombardia,015130,toselli_pietro,Pietro Toselli,Pietro Toselli,100.0,exact_canonical,pietro toselli,accepted_auto,Pietro Toselli;Toselli;Maggiore Toselli,military,Eritrea;Ethiopia,1890s,Italian officer in the colonial campaigns in the Horn of Africa; killed at Amba Alagi in 1895.,https://www.tandfonline.com/doi/full/10.1080/1369801X.2023.2222710,,True,verified,160133
418252,E801,015130,VIA VITTORIO BOTTEGO,,VIA VITTORIO BOTTEGO,Magenta,Lombardia,015130,bottego_vittorio,Vittorio Bottego,Vittorio Bottego,100.0,exact_canonical,vittorio bottego,accepted_auto,Vittorio Bottego,exploration_geography,Somalia;Ethiopia;Eritrea,1887-1897,Army officer and explorer whose expeditions in the Horn of Africa were closely connected with Italian territorial ambitions in Somalia and Ethiopia.,https://www.treccani.it/enciclopedia/vittorio-bottego_%28Dizionario-Biografico%29/,,False,verified_manual,160133
150185,E884,017103,VIA GALLIANO,,VIA GALLIANO,Manerbio,Lombardia,017103,galliano_giuseppe,Giuseppe Galliano,Galliano,100.0,exact_surname,galliano,needs_review,Giuseppe Galliano;Galliano,military,Eritrea;Ethiopia,1880s-1890s,Italian officer active in the colonial campaigns in Eritrea and Ethiopia.,https://www.lastampa.it/torino/2023/03/22/news/nomi_vie_piazze_colonialismo-12713667/,,True,verified,160133
265733,E901,016132,VIA ANTONIO LOCATELLI,,VIA ANTONIO LOCATELLI,Mapello,Lombardia,016132,locatelli_antonio,Antonio Locatelli,Antonio Locatelli,100.0,exact_canonical,antonio locatelli,accepted_auto,Antonio Locatelli;Locatelli,military,Ethiopia,1935-1936,"Aviator and volunteer in the war against Ethiopia, later commemorated in Italian public space.",https://www.tandfonline.com/doi/full/10.1080/1369801X.2023.2222710,,False,verified,160133
875185,E921,015134,VIA FRANCESCO CRISPI,,VIA FRANCESCO CRISPI,Marcallo con Casone,Lombardia,015134,crispi_francesco,Francesco Crispi,Francesco Crispi,100.0,exact_canonical,francesco crispi,accepted_auto,Francesco Crispi,political_and_administration,Eritrea;Ethiopia;Somalia,1887-1896,Prime minister and a principal political promoter of Italian colonial expansion in the Horn of Africa; his policy culminated in the war ending at Adwa.,https://www.treccani.it/enciclopedia/francesco-crispi/,,False,verified_manual,160133
492360,E922,020031,VIA FRANCESCO CRISPI,,VIA FRANCESCO CRISPI,Marcaria,Lombardia,020031,crispi_francesco,Francesco Crispi,Francesco Crispi,100.0,exact_canonical,francesco crispi,accepted_auto,Francesco Crispi,political_and_administration,Eritrea;Ethiopia;Somalia,1887-1896,Prime minister and a principal political promoter of Italian colonial expansion in the Horn of Africa; his policy culminated in the war ending at Adwa.,https://www.treccani.it/enciclopedia/francesco-crispi/,,False,verified_manual,160133
233417,E987,016133,VIA ANTONIO LOCATELLI,,VIA ANTONIO LOCATELLI,Martinengo,Lombardia,016133,locatelli_antonio,Antonio Locatelli,Antonio Locatelli,100.0,exact_canonical,antonio locatelli,accepted_auto,Antonio Locatelli;Locatelli,military,Ethiopia,1935-1936,"Aviator and volunteer in the war against Ethiopia, later commemorated in Italian public space.",https://www.tandfonline.com/doi/full/10.1080/1369801X.2023.2222710,,False,verified,160133
767638,F085,016250,VIA ANTONIO LOCATELLI,,VIA ANTONIO LOCATELLI,Medolago,Lombardia,016250,locatelli_antonio,Antonio Locatelli,Antonio Locatelli,100.0,exact_canonical,antonio locatelli,accepted_auto,Antonio Locatelli;Locatelli,military,Ethiopia,1935-1936,"Aviator and volunteer in the war against Ethiopia, later commemorated in Italian public space.",https://www.tandfonline.com/doi/full/10.1080/1369801X.2023.2222710,,False,verified,160133
825960,F151,013147,VIA FRANCESCO CRISPI,,VIA FRANCESCO CRISPI,Merone,Lombardia,013147,crispi_francesco,Francesco Crispi,Francesco Crispi,100.0,exact_canonical,francesco crispi,accepted_auto,Francesco Crispi,political_and_administration,Eritrea;Ethiopia;Somalia,1887-1896,Prime minister and a principal political promoter of Italian colonial expansion in the Horn of Africa; his policy culminated in the war ending at Adwa.,https://www.treccani.it/enciclopedia/francesco-crispi/,,False,verified_manual,160133
825997,F151,013147,VIA VITTORIO BOTTEGO,,VIA VITTORIO BOTTEGO,Merone,Lombardia,013147,bottego_vittorio,Vittorio Bottego,Vittorio Bottego,100.0,exact_canonical,vittorio bottego,accepted_auto,Vittorio Bottego,exploration_geography,Somalia;Ethiopia;Eritrea,1887-1897,Army officer and explorer whose expeditions in the Horn of Africa were closely connected with Italian territorial ambitions in Somalia and Ethiopia.,https://www.treccani.it/enciclopedia/vittorio-bottego_%28Dizionario-Biografico%29/,,False,verified_manual,160133
1026802,F205,015146,PIAZZA CARLO CANEVA,,PIAZZA CARLO CANEVA,Milano,Lombardia,015146,caneva_carlo,Carlo Caneva,Carlo Caneva,100.0,exact_canonical,carlo caneva,accepted_auto,Carlo Caneva,military,Libya,1911-1912,Commander of the Italian expeditionary force during the invasion of Ottoman Libya in the Italo-Turkish War.,https://it.wikipedia.org/wiki/Carlo_Caneva,,False,verified_manual,160133
1027704,F205,015146,PIAZZALE FERDINANDO MARTINI,,PIAZZALE FERDINANDO MARTINI,Milano,Lombardia,015146,martini_ferdinando,Ferdinando Martini,Ferdinando Martini,100.0,exact_canonical,ferdinando martini,accepted_auto,Ferdinando Martini;Martini,political_and_administration,Eritrea,1897-1907,Italian politician and governor of Eritrea from 1897 to 1907.,https://www.tandfonline.com/doi/full/10.1080/1369801X.2023.2222710,,False,verified,160133
1026353,F205,015146,VIA ANTONIO BALDISSERA,,VIA ANTONIO BALDISSERA,Milano,Lombardia,015146,baldissera_antonio,Antonio Baldissera,Antonio Baldissera,100.0,exact_canonical,antonio baldissera,accepted_auto,Antonio Baldissera;Baldissera,military_and_administration,Eritrea;Ethiopia,1880s-1890s,General associated with the occupation and military administration of Eritrea.,https://www.tandfonline.com/doi/full/10.1080/1369801X.2023.2222710,,True,verified,160133
1026395,F205,015146,VIA ANTONIO LOCATELLI,,VIA ANTONIO LOCATELLI,Milano,Lombardia,015146,locatelli_antonio,Antonio Locatelli,Antonio Locatelli,100.0,exact_canonical,antonio locatelli,accepted_auto,Antonio Locatelli;Locatelli,military,Ethiopia,1935-1936,"Aviator and volunteer in the war against Ethiopia, later commemorated in Italian public space.",https://www.tandfonline.com/doi/full/10.1080/1369801X.2023.2222710,,False,verified,160133
1028104,F205,015146,VIA GIOVANNI AMEGLIO,,VIA GIOVANNI AMEGLIO,Milano,Lombardia,015146,ameglio_giovanni,Giovanni Ameglio,Giovanni Ameglio,100.0,exact_canonical,giovanni ameglio,accepted_auto,Giovanni Ameglio,military_and_administration,Eritrea;Libya,1890s-1918,Officer in the first Italo-Ethiopian conflict and a leading commander in the conquest of Libya; later governor of Cyrenaica and Tripolitania.,https://www.treccani.it/enciclopedia/giovanni-ameglio_%28Dizionario-Biografico%29/,,False,verified_manual,160133
1028321,F205,015146,VIA GIUSEPPE GALLIANO,,VIA GIUSEPPE GALLIANO,Milano,Lombardia,015146,galliano_giuseppe,Giuseppe Galliano,Giuseppe Galliano,100.0,exact_canonical,giuseppe galliano,accepted_auto,Giuseppe Galliano;Galliano,military,Eritrea;Ethiopia,1880s-1890s,Italian officer active in the colonial campaigns in Eritrea and Ethiopia.,https://www.lastampa.it/torino/2023/03/22/news/nomi_vie_piazze_colonialismo-12713667/,,True,verified,160133
1028378,F205,015146,VIA GIUSEPPE SAPETO,,VIA GIUSEPPE SAPETO,Milano,Lombardia,015146,sapeto_giuseppe,Giuseppe Sapeto,Giuseppe Sapeto,100.0,exact_canonical,giuseppe sapeto,accepted_auto,Giuseppe Sapeto,exploration_geography,Eritrea,1869-1881,"Explorer, orientalist and government agent who negotiated the purchase of Assab for the Rubattino company, a foundational step in Italian colonial expansion in the Red Sea.",https://www.treccani.it/enciclopedia/giuseppe-sapeto_%28Dizionario-Biografico%29/,Q168017,False,verified_manual,160133
1029162,F205,015146,VIA PADRE REGINALDO GIULIANI,,VIA PADRE REGINALDO GIULIANI,Milano,Lombardia,015146,giuliani_reginaldo,Reginaldo Giuliani,Reginaldo Giuliani,100.0,exact_canonical,padre reginaldo giuliani,accepted_auto,Reginaldo Giuliani;Giuliani;Padre Reginaldo Giuliani,military_and_religious,Ethiopia,1935-1936,Dominican friar and volunteer military chaplain associated with the war against Ethiopia.,https://www.tandfonline.com/doi/full/10.1080/1369801X.2023.2222710,,False,verified,160133
1029354,F205,015146,VIA PIETRO TOSELLI,,VIA PIETRO TOSELLI,Milano,Lombardia,015146,toselli_pietro,Pietro Toselli,Pietro Toselli,100.0,exact_canonical,pietro toselli,accepted_auto,Pietro Toselli;Toselli;Maggiore Toselli,military,Eritrea;Ethiopia,1890s,Italian officer in the colonial campaigns in the Horn of Africa; killed at Amba Alagi in 1895.,https://www.tandfonline.com/doi/full/10.1080/1369801X.2023.2222710,,True,verified,160133
1030200,F205,015146,VIA VINCENZO MAGLIOCCO,,VIA VINCENZO MAGLIOCCO,Milano,Lombardia,015146,magliocco_vincenzo,Vincenzo Magliocco,Vincenzo Magliocco,100.0,exact_canonical,vincenzo magliocco,accepted_auto,Vincenzo Magliocco;Magliocco,military,Ethiopia,1935-1936,Italian air-force general active in Ethiopia; commemorated by a street in Milan documented by the colonial-odonymy project.,https://museonazionaleresistenza.it/story/la-storia-raccontata-attraverso-le-vie-della-citta/,,True,verified,160133
1030224,F205,015146,VIA VITTORIO BOTTEGO,,VIA VITTORIO BOTTEGO,Milano,Lombardia,015146,bottego_vittorio,Vittorio Bottego,Vittorio Bottego,100.0,exact_canonical,vittorio bottego,accepted_auto,Vittorio Bottego,exploration_geography,Somalia;Ethiopia;Eritrea,1887-1897,Army officer and explorer whose expeditions in the Horn of Africa were closely connected with Italian territorial ambitions in Somalia and Ethiopia.,https://www.treccani.it/enciclopedia/vittorio-bottego_%28Dizionario-Biografico%29/,,False,verified_manual,160133
1027797,F205,015146,VIALE FRANCESCO CRISPI,,VIALE FRANCESCO CRISPI,Milano,Lombardia,015146,crispi_francesco,Francesco Crispi,Francesco Crispi,100.0,exact_canonical,francesco crispi,accepted_auto,Francesco Crispi,political_and_administration,Eritrea;Ethiopia;Somalia,1887-1896,Prime minister and a principal political promoter of Italian colonial expansion in the Horn of Africa; his policy culminated in the war ending at Adwa.,https://www.treccani.it/enciclopedia/francesco-crispi/,,False,verified_manual,160133
411505,F243,016135,VIA ANTONIO LOCATELLI,,VIA ANTONIO LOCATELLI,Misano di Gera d'Adda,Lombardia,016135,locatelli_antonio,Antonio Locatelli,Antonio Locatelli,100.0,exact_canonical,antonio locatelli,accepted_auto,Antonio Locatelli;Locatelli,military,Ethiopia,1935-1936,"Aviator and volunteer in the war against Ethiopia, later commemorated in Italian public space.",https://www.tandfonline.com/doi/full/10.1080/1369801X.2023.2222710,,False,verified,160133
102379,F276,016136,VIA ANTONIO LOCATELLI,,VIA ANTONIO LOCATELLI,Moio de' Calvi,Lombardia,016136,locatelli_antonio,Antonio Locatelli,Antonio Locatelli,100.0,exact_canonical,antonio locatelli,accepted_auto,Antonio Locatelli;Locatelli,military,Ethiopia,1935-1936,"Aviator and volunteer in the war against Ethiopia, later commemorated in Italian public space.",https://www.tandfonline.com/doi/full/10.1080/1369801X.2023.2222710,,False,verified,160133
792083,F547,016139,VIA ANTONIO LOCATELLI,,VIA ANTONIO LOCATELLI,Montello,Lombardia,016139,locatelli_antonio,Antonio Locatelli,Antonio Locatelli,100.0,exact_canonical,antonio locatelli,accepted_auto,Antonio Locatelli;Locatelli,military,Ethiopia,1935-1936,"Aviator and volunteer in the war against Ethiopia, later commemorated in Italian public space.",https://www.tandfonline.com/doi/full/10.1080/1369801X.2023.2222710,,False,verified,160133
821460,F704,108033,VIA ANTONIO LOCATELLI,,VIA ANTONIO LOCATELLI,Monza,Lombardia,108033,locatelli_antonio,Antonio Locatelli,Antonio Locatelli,100.0,exact_canonical,antonio locatelli,accepted_auto,Antonio Locatelli;Locatelli,military,Ethiopia,1935-1936,"Aviator and volunteer in the war against Ethiopia, later commemorated in Italian public space.",https://www.tandfonline.com/doi/full/10.1080/1369801X.2023.2222710,,False,verified,160133
821621,F704,108033,VIA DUCA DEGLI ABRUZZI,,VIA DUCA DEGLI ABRUZZI,Monza,Lombardia,108033,savoiaaosta_luigiamedeo,Luigi Amedeo di Savoia-Aosta,Duca degli Abruzzi,100.0,exact_alias,duca degli abruzzi,accepted_auto,Luigi Amedeo di Savoia-Aosta;Duca degli Abruzzi,economic_and_colonization,Somalia,1919-1933,"Prince, explorer and founder of the large agricultural settlement and company at Villaggio Duca degli Abruzzi in Italian Somalia.",https://www.treccani.it/enciclopedia/savoia-aosta-luigi-amedeo-giuseppe-maria-ferdinando-francesco-di-duca-degli-abruzzi_%28Dizionario-Biografico%29/,,False,verified_manual,160133
821678,F704,108033,VIA FRANCESCO CRISPI,,VIA FRANCESCO CRISPI,Monza,Lombardia,108033,crispi_francesco,Francesco Crispi,Francesco Crispi,100.0,exact_canonical,francesco crispi,accepted_auto,Francesco Crispi,political_and_administration,Eritrea;Ethiopia;Somalia,1887-1896,Prime minister and a principal political promoter of Italian colonial expansion in the Horn of Africa; his policy culminated in the war ending at Adwa.,https://www.treccani.it/enciclopedia/francesco-crispi/,,False,verified_manual,160133
821943,F704,108033,VIA PADRE REGINALDO GIULIANI,,VIA PADRE REGINALDO GIULIANI,Monza,Lombardia,108033,giuliani_reginaldo,Reginaldo Giuliani,Reginaldo Giuliani,100.0,exact_canonical,padre reginaldo giuliani,accepted_auto,Reginaldo Giuliani;Giuliani;Padre Reginaldo Giuliani,military_and_religious,Ethiopia,1935-1936,Dominican friar and volunteer military chaplain associated with the war against Ethiopia.,https://www.tandfonline.com/doi/full/10.1080/1369801X.2023.2222710,,False,verified,160133
266051,F720,016140,VIA ANTONIO LOCATELLI,,VIA ANTONIO LOCATELLI,Morengo,Lombardia,016140,locatelli_antonio,Antonio Locatelli,Antonio Locatelli,100.0,exact_canonical,antonio locatelli,accepted_auto,Antonio Locatelli;Locatelli,military,Ethiopia,1935-1936,"Aviator and volunteer in the war against Ethiopia, later commemorated in Italian public space.",https://www.tandfonline.com/doi/full/10.1080/1369801X.2023.2222710,,False,verified,160133
803998,F738,016141,VIA ANTONIO LOCATELLI,,VIA ANTONIO LOCATELLI,Mornico al Serio,Lombardia,016141,locatelli_antonio,Antonio Locatelli,Antonio Locatelli,100.0,exact_canonical,antonio locatelli,accepted_auto,Antonio Locatelli;Locatelli,military,Ethiopia,1935-1936,"Aviator and volunteer in the war against Ethiopia, later commemorated in Italian public space.",https://www.tandfonline.com/doi/full/10.1080/1369801X.2023.2222710,,False,verified,160133
381726,F754,018102,VIA VITTORIO BOTTEGO,,VIA VITTORIO BOTTEGO,Mortara,Lombardia,018102,bottego_vittorio,Vittorio Bottego,Vittorio Bottego,100.0,exact_canonical,vittorio bottego,accepted_auto,Vittorio Bottego,exploration_geography,Somalia;Ethiopia;Eritrea,1887-1897,Army officer and explorer whose expeditions in the Horn of Africa were closely connected with Italian territorial ambitions in Somalia and Ethiopia.,https://www.treccani.it/enciclopedia/vittorio-bottego_%28Dizionario-Biografico%29/,,False,verified_manual,160133
381639,F754,018102,VICOLO ORESTE BARATIERI,,VICOLO ORESTE BARATIERI,Mortara,Lombardia,018102,baratieri_oreste,Oreste Baratieri,Oreste Baratieri,100.0,exact_canonical,oreste baratieri,accepted_auto,Oreste Baratieri;Baratieri,military_and_administration,Eritrea;Ethiopia,1887-1896,Commander of Italian forces in East Africa and governor of Eritrea; led the 1895-1896 campaign ending at Adwa.,https://www.treccani.it/enciclopedia/oreste-baratieri/,,True,verified,160133
296398,F786,016142,PIAZZA ANTONIO LOCATELLI,,PIAZZA ANTONIO LOCATELLI,Mozzanica,Lombardia,016142,locatelli_antonio,Antonio Locatelli,Antonio Locatelli,100.0,exact_canonical,antonio locatelli,accepted_auto,Antonio Locatelli;Locatelli,military,Ethiopia,1935-1936,"Aviator and volunteer in the war against Ethiopia, later commemorated in Italian public space.",https://www.tandfonline.com/doi/full/10.1080/1369801X.2023.2222710,,False,verified,160133
241864,F791,016143,VIA ANTONIO LOCATELLI,,VIA ANTONIO LOCATELLI,Mozzo,Lombardia,016143,locatelli_antonio,Antonio Locatelli,Antonio Locatelli,100.0,exact_canonical,antonio locatelli,accepted_auto,Antonio Locatelli;Locatelli,military,Ethiopia,1935-1936,"Aviator and volunteer in the war against Ethiopia, later commemorated in Italian public space.",https://www.tandfonline.com/doi/full/10.1080/1369801X.2023.2222710,,False,verified,160133
270999,F864,016144,VIA ANTONIO LOCATELLI,,VIA ANTONIO LOCATELLI,Nembro,Lombardia,016144,locatelli_antonio,Antonio Locatelli,Antonio Locatelli,100.0,exact_canonical,antonio locatelli,accepted_auto,Antonio Locatelli;Locatelli,military,Ethiopia,1935-1936,"Aviator and volunteer in the war against Ethiopia, later commemorated in Italian public space.",https://www.tandfonline.com/doi/full/10.1080/1369801X.2023.2222710,,False,verified,160133
665726,F874,015154,VIA FRANCESCO CRISPI,,VIA FRANCESCO CRISPI,Nerviano,Lombardia,015154,crispi_francesco,Francesco Crispi,Francesco Crispi,100.0,exact_canonical,francesco crispi,accepted_auto,Francesco Crispi,political_and_administration,Eritrea;Ethiopia;Somalia,1887-1896,Prime minister and a principal political promoter of Italian colonial expansion in the Horn of Africa; his policy culminated in the war ending at Adwa.,https://www.treccani.it/enciclopedia/francesco-crispi/,,False,verified_manual,160133
799503,F944,108035,VIA ANTONIO LOCATELLI,,VIA ANTONIO LOCATELLI,Nova Milanese,Lombardia,108035,locatelli_antonio,Antonio Locatelli,Antonio Locatelli,100.0,exact_canonical,antonio locatelli,accepted_auto,Antonio Locatelli;Locatelli,military,Ethiopia,1935-1936,"Aviator and volunteer in the war against Ethiopia, later commemorated in Italian public space.",https://www.tandfonline.com/doi/full/10.1080/1369801X.2023.2222710,,False,verified,160133
799512,F944,108035,VIA CAPITANO VITTORIO BOTTEGO,,VIA CAPITANO VITTORIO BOTTEGO,Nova Milanese,Lombardia,108035,bottego_vittorio,Vittorio Bottego,Vittorio Bottego,100.0,exact_canonical,capitano vittorio bottego,accepted_auto,Vittorio Bottego,exploration_geography,Somalia;Ethiopia;Eritrea,1887-1897,Army officer and explorer whose expeditions in the Horn of Africa were closely connected with Italian territorial ambitions in Somalia and Ethiopia.,https://www.treccani.it/enciclopedia/vittorio-bottego_%28Dizionario-Biografico%29/,,False,verified_manual,160133
418360,G108,016150,VIA ANTONIO LOCATELLI,,VIA ANTONIO LOCATELLI,Orio al Serio,Lombardia,016150,locatelli_antonio,Antonio Locatelli,Antonio Locatelli,100.0,exact_canonical,antonio locatelli,accepted_auto,Antonio Locatelli;Locatelli,military,Ethiopia,1935-1936,"Aviator and volunteer in the war against Ethiopia, later commemorated in Italian public space.",https://www.tandfonline.com/doi/full/10.1080/1369801X.2023.2222710,,False,verified,160133
505371,G149,017125,VIALE FRANCESCO CRISPI,,VIALE FRANCESCO CRISPI,Orzinuovi,Lombardia,017125,crispi_francesco,Francesco Crispi,Francesco Crispi,100.0,exact_canonical,francesco crispi,accepted_auto,Francesco Crispi,political_and_administration,Eritrea;Ethiopia;Somalia,1887-1896,Prime minister and a principal political promoter of Italian colonial expansion in the Horn of Africa; his policy culminated in the war ending at Adwa.,https://www.treccani.it/enciclopedia/francesco-crispi/,,False,verified_manual,160133
103706,G159,016152,VIA ANTONIO LOCATELLI,,VIA ANTONIO LOCATELLI,Osio Sopra,Lombardia,016152,locatelli_antonio,Antonio Locatelli,Antonio Locatelli,100.0,exact_canonical,antonio locatelli,accepted_auto,Antonio Locatelli;Locatelli,military,Ethiopia,1935-1936,"Aviator and volunteer in the war against Ethiopia, later commemorated in Italian public space.",https://www.tandfonline.com/doi/full/10.1080/1369801X.2023.2222710,,False,verified,160133
681009,G160,016153,VIA ANTONIO LOCATELLI,,VIA ANTONIO LOCATELLI,Osio Sotto,Lombardia,016153,locatelli_antonio,Antonio Locatelli,Antonio Locatelli,100.0,exact_canonical,antonio locatelli,accepted_auto,Antonio Locatelli;Locatelli,military,Ethiopia,1935-1936,"Aviator and volunteer in the war against Ethiopia, later commemorated in Italian public space.",https://www.tandfonline.com/doi/full/10.1080/1369801X.2023.2222710,,False,verified,160133
150352,G213,017129,VIA FRANCESCO CRISPI,,VIA FRANCESCO CRISPI,Padenghe sul Garda,Lombardia,017129,crispi_francesco,Francesco Crispi,Francesco Crispi,100.0,exact_canonical,francesco crispi,accepted_auto,Francesco Crispi,political_and_administration,Eritrea;Ethiopia;Somalia,1887-1896,Prime minister and a principal political promoter of Italian colonial expansion in the Horn of Africa; his policy culminated in the war ending at Adwa.,https://www.treccani.it/enciclopedia/francesco-crispi/,,False,verified_manual,160133
511711,G220,015166,VIA VITTORIO BOTTEGO,,VIA VITTORIO BOTTEGO,Paderno Dugnano,Lombardia,015166,bottego_vittorio,Vittorio Bottego,Vittorio Bottego,100.0,exact_canonical,vittorio bottego,accepted_auto,Vittorio Bottego,exploration_geography,Somalia;Ethiopia;Eritrea,1887-1897,Army officer and explorer whose expeditions in the Horn of Africa were closely connected with Italian territorial ambitions in Somalia and Ethiopia.,https://www.treccani.it/enciclopedia/vittorio-bottego_%28Dizionario-Biografico%29/,,False,verified_manual,160133
223396,G249,016155,PIAZZA ANTONIO LOCATELLI,,PIAZZA ANTONIO LOCATELLI,Paladina,Lombardia,016155,locatelli_antonio,Antonio Locatelli,Antonio Locatelli,100.0,exact_canonical,antonio locatelli,accepted_auto,Antonio Locatelli;Locatelli,military,Ethiopia,1935-1936,"Aviator and volunteer in the war against Ethiopia, later commemorated in Italian public space.",https://www.tandfonline.com/doi/full/10.1080/1369801X.2023.2222710,,False,verified,160133
258000,G260,019066,VIA FRANCESCO CRISPI,,VIA FRANCESCO CRISPI,Palazzo Pignano,Lombardia,019066,crispi_francesco,Francesco Crispi,Francesco Crispi,100.0,exact_canonical,francesco crispi,accepted_auto,Francesco Crispi,political_and_administration,Eritrea;Ethiopia;Somalia,1887-1896,Prime minister and a principal political promoter of Italian colonial expansion in the Horn of Africa; his policy culminated in the war ending at Adwa.,https://www.treccani.it/enciclopedia/francesco-crispi/,,False,verified_manual,160133
320611,G264,017133,VIA VITTORIO BOTTEGO,,VIA VITTORIO BOTTEGO,Palazzolo sull'Oglio,Lombardia,017133,bottego_vittorio,Vittorio Bottego,Vittorio Bottego,100.0,exact_canonical,vittorio bottego,accepted_auto,Vittorio Bottego,exploration_geography,Somalia;Ethiopia;Eritrea,1887-1897,Army officer and explorer whose expeditions in the Horn of Africa were closely connected with Italian territorial ambitions in Somalia and Ethiopia.,https://www.treccani.it/enciclopedia/vittorio-bottego_%28Dizionario-Biografico%29/,,False,verified_manual,160133
798099,G295,016157,VIA ANTONIO LOCATELLI,,VIA ANTONIO LOCATELLI,Palosco,Lombardia,016157,locatelli_antonio,Antonio Locatelli,Antonio Locatelli,100.0,exact_canonical,antonio locatelli,accepted_auto,Antonio Locatelli;Locatelli,military,Ethiopia,1935-1936,"Aviator and volunteer in the war against Ethiopia, later commemorated in Italian public space.",https://www.tandfonline.com/doi/full/10.1080/1369801X.2023.2222710,,False,verified,160133
208948,G324,015168,VIA FRANCESCO CRISPI,,VIA FRANCESCO CRISPI,Parabiago,Lombardia,015168,crispi_francesco,Francesco Crispi,Francesco Crispi,100.0,exact_canonical,francesco crispi,accepted_auto,Francesco Crispi,political_and_administration,Eritrea;Ethiopia;Somalia,1887-1896,Prime minister and a principal political promoter of Italian colonial expansion in the Horn of Africa; his policy culminated in the war ending at Adwa.,https://www.treccani.it/enciclopedia/francesco-crispi/,,False,verified_manual,160133
568172,G361,017136,VIA FRANCESCO CRISPI,,VIA FRANCESCO CRISPI,Passirano,Lombardia,017136,crispi_francesco,Francesco Crispi,Francesco Crispi,100.0,exact_canonical,francesco crispi,accepted_auto,Francesco Crispi,political_and_administration,Eritrea;Ethiopia;Somalia,1887-1896,Prime minister and a principal political promoter of Italian colonial expansion in the Horn of Africa; his policy culminated in the war ending at Adwa.,https://www.treccani.it/enciclopedia/francesco-crispi/,,False,verified_manual,160133
568177,G361,017136,VIA GIUSEPPE GALLIANO,,VIA GIUSEPPE GALLIANO,Passirano,Lombardia,017136,galliano_giuseppe,Giuseppe Galliano,Giuseppe Galliano,100.0,exact_canonical,giuseppe galliano,accepted_auto,Giuseppe Galliano;Galliano,military,Eritrea;Ethiopia,1880s-1890s,Italian officer active in the colonial campaigns in Eritrea and Ethiopia.,https://www.lastampa.it/torino/2023/03/22/news/nomi_vie_piazze_colonialismo-12713667/,,True,verified,160133
123937,G388,018110,VIA GIUSEPPE GALLIANO,,VIA GIUSEPPE GALLIANO,Pavia,Lombardia,018110,galliano_giuseppe,Giuseppe Galliano,Giuseppe Galliano,100.0,exact_canonical,giuseppe galliano,accepted_auto,Giuseppe Galliano;Galliano,military,Eritrea;Ethiopia,1880s-1890s,Italian officer active in the colonial campaigns in Eritrea and Ethiopia.,https://www.lastampa.it/torino/2023/03/22/news/nomi_vie_piazze_colonialismo-12713667/,,True,verified,160133
531545,G579,016164,VIA ANTONIO LOCATELLI,,VIA ANTONIO LOCATELLI,Piazza Brembana,Lombardia,016164,locatelli_antonio,Antonio Locatelli,Antonio Locatelli,100.0,exact_canonical,antonio locatelli,accepted_auto,Antonio Locatelli;Locatelli,military,Ethiopia,1935-1936,"Aviator and volunteer in the war against Ethiopia, later commemorated in Italian public space.",https://www.tandfonline.com/doi/full/10.1080/1369801X.2023.2222710,,False,verified,160133
231679,G774,016167,VIA ANTONIO LOCATELLI,,VIA ANTONIO LOCATELLI,Pognano,Lombardia,016167,locatelli_antonio,Antonio Locatelli,Antonio Locatelli,100.0,exact_canonical,antonio locatelli,accepted_auto,Antonio Locatelli;Locatelli,military,Ethiopia,1935-1936,"Aviator and volunteer in the war against Ethiopia, later commemorated in Italian public space.",https://www.tandfonline.com/doi/full/10.1080/1369801X.2023.2222710,,False,verified,160133
827274,G856,016170,VIA ANTONIO LOCATELLI,,VIA ANTONIO LOCATELLI,Ponte San Pietro,Lombardia,016170,locatelli_antonio,Antonio Locatelli,Antonio Locatelli,100.0,exact_canonical,antonio locatelli,accepted_auto,Antonio Locatelli;Locatelli,military,Ethiopia,1935-1936,"Aviator and volunteer in the war against Ethiopia, later commemorated in Italian public space.",https://www.tandfonline.com/doi/full/10.1080/1369801X.2023.2222710,,False,verified,160133
819897,G867,016172,VIA ANTONIO LOCATELLI,,VIA ANTONIO LOCATELLI,Pontirolo Nuovo,Lombardia,016172,locatelli_antonio,Antonio Locatelli,Antonio Locatelli,100.0,exact_canonical,antonio locatelli,accepted_auto,Antonio Locatelli;Locatelli,military,Ethiopia,1935-1936,"Aviator and volunteer in the war against Ethiopia, later commemorated in Italian public space.",https://www.tandfonline.com/doi/full/10.1080/1369801X.2023.2222710,,False,verified,160133
804116,G968,016173,VIA ANTONIO LOCATELLI,,VIA ANTONIO LOCATELLI,Pradalunga,Lombardia,016173,locatelli_antonio,Antonio Locatelli,Antonio Locatelli,100.0,exact_canonical,antonio locatelli,accepted_auto,Antonio Locatelli;Locatelli,military,Ethiopia,1935-1936,"Aviator and volunteer in the war against Ethiopia, later commemorated in Italian public space.",https://www.tandfonline.com/doi/full/10.1080/1369801X.2023.2222710,,False,verified,160133
123403,H020,016174,PIAZZA ANTONIO LOCATELLI,,PIAZZA ANTONIO LOCATELLI,Predore,Lombardia,016174,locatelli_antonio,Antonio Locatelli,Antonio Locatelli,100.0,exact_canonical,antonio locatelli,accepted_auto,Antonio Locatelli;Locatelli,military,Ethiopia,1935-1936,"Aviator and volunteer in the war against Ethiopia, later commemorated in Italian public space.",https://www.tandfonline.com/doi/full/10.1080/1369801X.2023.2222710,,False,verified,160133
517491,H078,017156,VIA DUCA DEGLI ABRUZZI,,VIA DUCA DEGLI ABRUZZI,Provaglio d'Iseo,Lombardia,017156,savoiaaosta_luigiamedeo,Luigi Amedeo di Savoia-Aosta,Duca degli Abruzzi,100.0,exact_alias,duca degli abruzzi,accepted_auto,Luigi Amedeo di Savoia-Aosta;Duca degli Abruzzi,economic_and_colonization,Somalia,1919-1933,"Prince, explorer and founder of the large agricultural settlement and company at Villaggio Duca degli Abruzzi in Italian Somalia.",https://www.treccani.it/enciclopedia/savoia-aosta-luigi-amedeo-giuseppe-maria-ferdinando-francesco-di-duca-degli-abruzzi_%28Dizionario-Biografico%29/,,False,verified_manual,160133
103804,H176,016178,VIA ANTONIO LOCATELLI,,VIA ANTONIO LOCATELLI,Ranica,Lombardia,016178,locatelli_antonio,Antonio Locatelli,Antonio Locatelli,100.0,exact_canonical,antonio locatelli,accepted_auto,Antonio Locatelli;Locatelli,military,Ethiopia,1935-1936,"Aviator and volunteer in the war against Ethiopia, later commemorated in Italian public space.",https://www.tandfonline.com/doi/full/10.1080/1369801X.2023.2222710,,False,verified,160133
647694,H230,017160,VIA FRANCESCO CRISPI,,VIA FRANCESCO CRISPI,Remedello,Lombardia,017160,crispi_francesco,Francesco Crispi,Francesco Crispi,100.0,exact_canonical,francesco crispi,accepted_auto,Francesco Crispi,political_and_administration,Eritrea;Ethiopia;Somalia,1887-1896,Prime minister and a principal political promoter of Italian colonial expansion in the Horn of Africa; his policy culminated in the war ending at Adwa.,https://www.treccani.it/enciclopedia/francesco-crispi/,,False,verified_manual,160133
1052415,H264,015182,VIA ANTONIO LOCATELLI,,VIA ANTONIO LOCATELLI,Rho,Lombardia,015182,locatelli_antonio,Antonio Locatelli,Antonio Locatelli,100.0,exact_canonical,antonio locatelli,accepted_auto,Antonio Locatelli;Locatelli,military,Ethiopia,1935-1936,"Aviator and volunteer in the war against Ethiopia, later commemorated in Italian public space.",https://www.tandfonline.com/doi/full/10.1080/1369801X.2023.2222710,,False,verified,160133
767844,H492,016182,VIA ANTONIO LOCATELLI,,VIA ANTONIO LOCATELLI,Rogno,Lombardia,016182,locatelli_antonio,Antonio Locatelli,Antonio Locatelli,100.0,exact_canonical,antonio locatelli,accepted_auto,Antonio Locatelli;Locatelli,military,Ethiopia,1935-1936,"Aviator and volunteer in the war against Ethiopia, later commemorated in Italian public space.",https://www.tandfonline.com/doi/full/10.1080/1369801X.2023.2222710,,False,verified,160133
779029,H509,016183,PIAZZA ANTONIO LOCATELLI,,PIAZZA ANTONIO LOCATELLI,Romano di Lombardia,Lombardia,016183,locatelli_antonio,Antonio Locatelli,Antonio Locatelli,100.0,exact_canonical,antonio locatelli,accepted_auto,Antonio Locatelli;Locatelli,military,Ethiopia,1935-1936,"Aviator and volunteer in the war against Ethiopia, later commemorated in Italian public space.",https://www.tandfonline.com/doi/full/10.1080/1369801X.2023.2222710,,False,verified,160133
779111,H509,016183,VIA FRANCESCO CRISPI,,VIA FRANCESCO CRISPI,Romano di Lombardia,Lombardia,016183,crispi_francesco,Francesco Crispi,Francesco Crispi,100.0,exact_canonical,francesco crispi,accepted_auto,Francesco Crispi,political_and_administration,Eritrea;Ethiopia;Somalia,1887-1896,Prime minister and a principal political promoter of Italian colonial expansion in the Horn of Africa; his policy culminated in the war ending at Adwa.,https://www.treccani.it/enciclopedia/francesco-crispi/,,False,verified_manual,160133
461553,I079,016190,PIAZZA ANTONIO LOCATELLI,,PIAZZA ANTONIO LOCATELLI,San Pellegrino Terme,Lombardia,016190,locatelli_antonio,Antonio Locatelli,Antonio Locatelli,100.0,exact_canonical,antonio locatelli,accepted_auto,Antonio Locatelli;Locatelli,military,Ethiopia,1935-1936,"Aviator and volunteer in the war against Ethiopia, later commemorated in Italian public space.",https://www.tandfonline.com/doi/full/10.1080/1369801X.2023.2222710,,False,verified,160133
205588,I237,018143,VIA FRANCESCO CRISPI,,VIA FRANCESCO CRISPI,Santa Maria della Versa,Lombardia,018143,crispi_francesco,Francesco Crispi,Francesco Crispi,100.0,exact_canonical,francesco crispi,accepted_auto,Francesco Crispi,political_and_administration,Eritrea;Ethiopia;Somalia,1887-1896,Prime minister and a principal political promoter of Italian colonial expansion in the Horn of Africa; his policy culminated in the war ending at Adwa.,https://www.treccani.it/enciclopedia/francesco-crispi/,,False,verified_manual,160133
1014889,I274,098050,PIAZZA DUCA DEGLI ABRUZZI,,PIAZZA DUCA DEGLI ABRUZZI,Sant'Angelo Lodigiano,Lombardia,098050,savoiaaosta_luigiamedeo,Luigi Amedeo di Savoia-Aosta,Duca degli Abruzzi,100.0,exact_alias,duca degli abruzzi,accepted_auto,Luigi Amedeo di Savoia-Aosta;Duca degli Abruzzi,economic_and_colonization,Somalia,1919-1933,"Prince, explorer and founder of the large agricultural settlement and company at Villaggio Duca degli Abruzzi in Italian Somalia.",https://www.treccani.it/enciclopedia/savoia-aosta-luigi-amedeo-giuseppe-maria-ferdinando-francesco-di-duca-degli-abruzzi_%28Dizionario-Biografico%29/,,False,verified_manual,160133
152157,I433,017174,VIA FRANCESCO CRISPI,,VIA FRANCESCO CRISPI,Sarezzo,Lombardia,017174,crispi_francesco,Francesco Crispi,Francesco Crispi,100.0,exact_canonical,francesco crispi,accepted_auto,Francesco Crispi,political_and_administration,Eritrea;Ethiopia;Somalia,1887-1896,Prime minister and a principal political promoter of Italian colonial expansion in the Horn of Africa; his policy culminated in the war ending at Adwa.,https://www.treccani.it/enciclopedia/francesco-crispi/,,False,verified_manual,160133
804296,I437,016193,PIAZZA ANTONIO LOCATELLI,,PIAZZA ANTONIO LOCATELLI,Sarnico,Lombardia,016193,locatelli_antonio,Antonio Locatelli,Antonio Locatelli,100.0,exact_canonical,antonio locatelli,accepted_auto,Antonio Locatelli;Locatelli,military,Ethiopia,1935-1936,"Aviator and volunteer in the war against Ethiopia, later commemorated in Italian public space.",https://www.tandfonline.com/doi/full/10.1080/1369801X.2023.2222710,,False,verified,160133
515231,I441,012119,VIA PADRE REGINALDO GIULIANI,,VIA PADRE REGINALDO GIULIANI,Saronno,Lombardia,012119,giuliani_reginaldo,Reginaldo Giuliani,Reginaldo Giuliani,100.0,exact_canonical,padre reginaldo giuliani,accepted_auto,Reginaldo Giuliani;Giuliani;Padre Reginaldo Giuliani,military_and_religious,Ethiopia,1935-1936,Dominican friar and volunteer military chaplain associated with the war against Ethiopia.,https://www.tandfonline.com/doi/full/10.1080/1369801X.2023.2222710,,False,verified,160133
113688,I599,018148,VIA DUCA DEGLI ABRUZZI,,VIA DUCA DEGLI ABRUZZI,Semiana,Lombardia,018148,savoiaaosta_luigiamedeo,Luigi Amedeo di Savoia-Aosta,Duca degli Abruzzi,100.0,exact_alias,duca degli abruzzi,accepted_auto,Luigi Amedeo di Savoia-Aosta;Duca degli Abruzzi,economic_and_colonization,Somalia,1919-1933,"Prince, explorer and founder of the large agricultural settlement and company at Villaggio Duca degli Abruzzi in Italian Somalia.",https://www.treccani.it/enciclopedia/savoia-aosta-luigi-amedeo-giuseppe-maria-ferdinando-francesco-di-duca-degli-abruzzi_%28Dizionario-Biografico%29/,,False,verified_manual,160133
807947,I625,108039,VIA PIETRO TOSELLI,,VIA PIETRO TOSELLI,Seregno,Lombardia,108039,toselli_pietro,Pietro Toselli,Pietro Toselli,100.0,exact_canonical,pietro toselli,accepted_auto,Pietro Toselli;Toselli;Maggiore Toselli,military,Eritrea;Ethiopia,1890s,Italian officer in the colonial campaigns in the Horn of Africa; killed at Amba Alagi in 1895.,https://www.tandfonline.com/doi/full/10.1080/1369801X.2023.2222710,,True,verified,160133
808055,I625,108039,VIA VITTORIO BOTTEGO,,VIA VITTORIO BOTTEGO,Seregno,Lombardia,108039,bottego_vittorio,Vittorio Bottego,Vittorio Bottego,100.0,exact_canonical,vittorio bottego,accepted_auto,Vittorio Bottego,exploration_geography,Somalia;Ethiopia;Eritrea,1887-1897,Army officer and explorer whose expeditions in the Horn of Africa were closely connected with Italian territorial ambitions in Somalia and Ethiopia.,https://www.treccani.it/enciclopedia/vittorio-bottego_%28Dizionario-Biografico%29/,,False,verified_manual,160133
233839,I628,016198,VIA ANTONIO LOCATELLI,,VIA ANTONIO LOCATELLI,Seriate,Lombardia,016198,locatelli_antonio,Antonio Locatelli,Antonio Locatelli,100.0,exact_canonical,antonio locatelli,accepted_auto,Antonio Locatelli;Locatelli,military,Ethiopia,1935-1936,"Aviator and volunteer in the war against Ethiopia, later commemorated in Italian public space.",https://www.tandfonline.com/doi/full/10.1080/1369801X.2023.2222710,,False,verified,160133
489969,I632,020061,VIA FRANCESCO CRISPI,,VIA FRANCESCO CRISPI,Sermide e Felonica,Lombardia,020061,crispi_francesco,Francesco Crispi,Francesco Crispi,100.0,exact_canonical,francesco crispi,accepted_auto,Francesco Crispi,political_and_administration,Eritrea;Ethiopia;Somalia,1887-1896,Prime minister and a principal political promoter of Italian colonial expansion in the Horn of Africa; his policy culminated in the war ending at Adwa.,https://www.treccani.it/enciclopedia/francesco-crispi/,,False,verified_manual,160133
636548,I827,019097,LARGO FRANCESCO CRISPI,,LARGO FRANCESCO CRISPI,Soncino,Lombardia,019097,crispi_francesco,Francesco Crispi,Francesco Crispi,100.0,exact_canonical,francesco crispi,accepted_auto,Francesco Crispi,political_and_administration,Eritrea;Ethiopia;Somalia,1887-1896,Prime minister and a principal political promoter of Italian colonial expansion in the Horn of Africa; his policy culminated in the war ending at Adwa.,https://www.treccani.it/enciclopedia/francesco-crispi/,,False,verified_manual,160133
792635,I830,016201,VIA TOSELLI,,VIA TOSELLI,Songavazzo,Lombardia,016201,toselli_pietro,Pietro Toselli,Toselli,100.0,exact_surname,toselli,needs_review,Pietro Toselli;Toselli;Maggiore Toselli,military,Eritrea;Ethiopia,1890s,Italian officer in the colonial campaigns in the Horn of Africa; killed at Amba Alagi in 1895.,https://www.tandfonline.com/doi/full/10.1080/1369801X.2023.2222710,,True,verified,160133
232623,I858,016202,VIA ANTONIO LOCATELLI,,VIA ANTONIO LOCATELLI,Sorisole,Lombardia,016202,locatelli_antonio,Antonio Locatelli,Antonio Locatelli,100.0,exact_canonical,antonio locatelli,accepted_auto,Antonio Locatelli;Locatelli,military,Ethiopia,1935-1936,"Aviator and volunteer in the war against Ethiopia, later commemorated in Italian public space.",https://www.tandfonline.com/doi/full/10.1080/1369801X.2023.2222710,,False,verified,160133
133863,I873,016204,VIA ANTONIO LOCATELLI,,VIA ANTONIO LOCATELLI,Sovere,Lombardia,016204,locatelli_antonio,Antonio Locatelli,Antonio Locatelli,100.0,exact_canonical,antonio locatelli,accepted_auto,Antonio Locatelli;Locatelli,military,Ethiopia,1935-1936,"Aviator and volunteer in the war against Ethiopia, later commemorated in Italian public space.",https://www.tandfonline.com/doi/full/10.1080/1369801X.2023.2222710,,False,verified,160133
795846,I919,016206,VIA ANTONIO LOCATELLI,,VIA ANTONIO LOCATELLI,Spirano,Lombardia,016206,locatelli_antonio,Antonio Locatelli,Antonio Locatelli,100.0,exact_canonical,antonio locatelli,accepted_auto,Antonio Locatelli;Locatelli,military,Ethiopia,1935-1936,"Aviator and volunteer in the war against Ethiopia, later commemorated in Italian public space.",https://www.tandfonline.com/doi/full/10.1080/1369801X.2023.2222710,,False,verified,160133
804534,I951,016207,PIAZZA ANTONIO LOCATELLI,,PIAZZA ANTONIO LOCATELLI,Stezzano,Lombardia,016207,locatelli_antonio,Antonio Locatelli,Antonio Locatelli,100.0,exact_canonical,antonio locatelli,accepted_auto,Antonio Locatelli;Locatelli,military,Ethiopia,1935-1936,"Aviator and volunteer in the war against Ethiopia, later commemorated in Italian public space.",https://www.tandfonline.com/doi/full/10.1080/1369801X.2023.2222710,,False,verified,160133
102753,L251,016214,VIA ANTONIO LOCATELLI,,VIA ANTONIO LOCATELLI,Torre Boldone,Lombardia,016214,locatelli_antonio,Antonio Locatelli,Antonio Locatelli,100.0,exact_canonical,antonio locatelli,accepted_auto,Antonio Locatelli;Locatelli,military,Ethiopia,1935-1936,"Aviator and volunteer in the war against Ethiopia, later commemorated in Italian public space.",https://www.tandfonline.com/doi/full/10.1080/1369801X.2023.2222710,,False,verified,160133
681382,L276,016217,VIA ANTONIO LOCATELLI,,VIA ANTONIO LOCATELLI,Torre Pallavicina,Lombardia,016217,locatelli_antonio,Antonio Locatelli,Antonio Locatelli,100.0,exact_canonical,antonio locatelli,accepted_auto,Antonio Locatelli;Locatelli,military,Ethiopia,1935-1936,"Aviator and volunteer in the war against Ethiopia, later commemorated in Italian public space.",https://www.tandfonline.com/doi/full/10.1080/1369801X.2023.2222710,,False,verified,160133
787158,L388,016218,VIA ANTONIO LOCATELLI,,VIA ANTONIO LOCATELLI,Trescore Balneario,Lombardia,016218,locatelli_antonio,Antonio Locatelli,Antonio Locatelli,100.0,exact_canonical,antonio locatelli,accepted_auto,Antonio Locatelli;Locatelli,military,Ethiopia,1935-1936,"Aviator and volunteer in the war against Ethiopia, later commemorated in Italian public space.",https://www.tandfonline.com/doi/full/10.1080/1369801X.2023.2222710,,False,verified,160133
776375,L400,016219,VIA ANTONIO LOCATELLI,,VIA ANTONIO LOCATELLI,Treviglio,Lombardia,016219,locatelli_antonio,Antonio Locatelli,Antonio Locatelli,100.0,exact_canonical,antonio locatelli,accepted_auto,Antonio Locatelli;Locatelli,military,Ethiopia,1935-1936,"Aviator and volunteer in the war against Ethiopia, later commemorated in Italian public space.",https://www.tandfonline.com/doi/full/10.1080/1369801X.2023.2222710,,False,verified,160133
646265,L409,015220,VIA FRANCESCO CRISPI,,VIA FRANCESCO CRISPI,Trezzano sul Naviglio,Lombardia,015220,crispi_francesco,Francesco Crispi,Francesco Crispi,100.0,exact_canonical,francesco crispi,accepted_auto,Francesco Crispi,political_and_administration,Eritrea;Ethiopia;Somalia,1887-1896,Prime minister and a principal political promoter of Italian colonial expansion in the Horn of Africa; his policy culminated in the war ending at Adwa.,https://www.treccani.it/enciclopedia/francesco-crispi/,,False,verified_manual,160133
400291,L449,018164,VIA FRANCESCO CRISPI,,VIA FRANCESCO CRISPI,Tromello,Lombardia,018164,crispi_francesco,Francesco Crispi,Francesco Crispi,100.0,exact_canonical,francesco crispi,accepted_auto,Francesco Crispi,political_and_administration,Eritrea;Ethiopia;Somalia,1887-1896,Prime minister and a principal political promoter of Italian colonial expansion in the Horn of Africa; his policy culminated in the war ending at Adwa.,https://www.treccani.it/enciclopedia/francesco-crispi/,,False,verified_manual,160133
822943,L502,016222,VIA ANTONIO LOCATELLI,,VIA ANTONIO LOCATELLI,Urgnano,Lombardia,016222,locatelli_antonio,Antonio Locatelli,Antonio Locatelli,100.0,exact_canonical,antonio locatelli,accepted_auto,Antonio Locatelli;Locatelli,military,Ethiopia,1935-1936,"Aviator and volunteer in the war against Ethiopia, later commemorated in Italian public space.",https://www.tandfonline.com/doi/full/10.1080/1369801X.2023.2222710,,False,verified,160133
103983,L642,016227,VIA ANTONIO LOCATELLI,,VIA ANTONIO LOCATELLI,Valnegra,Lombardia,016227,locatelli_antonio,Antonio Locatelli,Antonio Locatelli,100.0,exact_canonical,antonio locatelli,accepted_auto,Antonio Locatelli;Locatelli,military,Ethiopia,1935-1936,"Aviator and volunteer in the war against Ethiopia, later commemorated in Italian public space.",https://www.tandfonline.com/doi/full/10.1080/1369801X.2023.2222710,,False,verified,160133
140545,L677,108045,VIA FRANCESCO CRISPI,,VIA FRANCESCO CRISPI,Varedo,Lombardia,108045,crispi_francesco,Francesco Crispi,Francesco Crispi,100.0,exact_canonical,francesco crispi,accepted_auto,Francesco Crispi,political_and_administration,Eritrea;Ethiopia;Somalia,1887-1896,Prime minister and a principal political promoter of Italian colonial expansion in the Horn of Africa; his policy culminated in the war ending at Adwa.,https://www.treccani.it/enciclopedia/francesco-crispi/,,False,verified_manual,160133
100403,L682,012133,VIA FRANCESCO CRISPI,,VIA FRANCESCO CRISPI,Varese,Lombardia,012133,crispi_francesco,Francesco Crispi,Francesco Crispi,100.0,exact_canonical,francesco crispi,accepted_auto,Francesco Crispi,political_and_administration,Eritrea;Ethiopia;Somalia,1887-1896,Prime minister and a principal political promoter of Italian colonial expansion in the Horn of Africa; his policy culminated in the war ending at Adwa.,https://www.treccani.it/enciclopedia/francesco-crispi/,,False,verified_manual,160133
100613,L682,012133,VIA MAGGIORE PIETRO TOSELLI,,VIA MAGGIORE PIETRO TOSELLI,Varese,Lombardia,012133,toselli_pietro,Pietro Toselli,Pietro Toselli,100.0,exact_canonical,maggiore pietro toselli,accepted_auto,Pietro Toselli;Toselli;Maggiore Toselli,military,Eritrea;Ethiopia,1890s,Italian officer in the colonial campaigns in the Horn of Africa; killed at Amba Alagi in 1895.,https://www.tandfonline.com/doi/full/10.1080/1369801X.2023.2222710,,True,verified,160133
826712,L752,016232,VIA GALLIANO,,VIA GALLIANO,Verdellino,Lombardia,016232,galliano_giuseppe,Giuseppe Galliano,Galliano,100.0,exact_surname,galliano,needs_review,Giuseppe Galliano;Galliano,military,Eritrea;Ethiopia,1880s-1890s,Italian officer active in the colonial campaigns in Eritrea and Ethiopia.,https://www.lastampa.it/torino/2023/03/22/news/nomi_vie_piazze_colonialismo-12713667/,,True,verified,160133
101529,L872,018177,VIA PIETRO BERTOLINI,,VIA PIETRO BERTOLINI,Vigevano,Lombardia,018177,bertolini_pietro,Pietro Bertolini,Pietro Bertolini,100.0,exact_canonical,pietro bertolini,accepted_auto,Pietro Bertolini,political_and_administration,Libya;Eritrea;Somalia,1912-1914,First Minister of the Colonies after participating in the negotiations ending the Italo-Turkish War.,https://www.treccani.it/enciclopedia/pietro-bertolini_%28Enciclopedia-Italiana%29/,Q3903703,False,verified_manual,160133
143060,L928,015248,VICOLO FRANCESCO CRISPI,,VICOLO FRANCESCO CRISPI,Villa Cortese,Lombardia,015248,crispi_francesco,Francesco Crispi,Francesco Crispi,100.0,exact_canonical,francesco crispi,accepted_auto,Francesco Crispi,political_and_administration,Eritrea;Ethiopia;Somalia,1887-1896,Prime minister and a principal political promoter of Italian colonial expansion in the Horn of Africa; his policy culminated in the war ending at Adwa.,https://www.treccani.it/enciclopedia/francesco-crispi/,,False,verified_manual,160133
104318,L936,016240,VIA ANTONIO LOCATELLI,,VIA ANTONIO LOCATELLI,Villa di Serio,Lombardia,016240,locatelli_antonio,Antonio Locatelli,Antonio Locatelli,100.0,exact_canonical,antonio locatelli,accepted_auto,Antonio Locatelli;Locatelli,military,Ethiopia,1935-1936,"Aviator and volunteer in the war against Ethiopia, later commemorated in Italian public space.",https://www.tandfonline.com/doi/full/10.1080/1369801X.2023.2222710,,False,verified,160133
176265,M017,108049,VIA PADRE REGINALDO GIULIANI,,VIA PADRE REGINALDO GIULIANI,Villasanta,Lombardia,108049,giuliani_reginaldo,Reginaldo Giuliani,Reginaldo Giuliani,100.0,exact_canonical,padre reginaldo giuliani,accepted_auto,Reginaldo Giuliani;Giuliani;Padre Reginaldo Giuliani,military_and_religious,Ethiopia,1935-1936,Dominican friar and volunteer military chaplain associated with the war against Ethiopia.,https://www.tandfonline.com/doi/full/10.1080/1369801X.2023.2222710,,False,verified,160133
812122,M045,016242,VIA ANTONIO LOCATELLI,,VIA ANTONIO LOCATELLI,Villongo,Lombardia,016242,locatelli_antonio,Antonio Locatelli,Antonio Locatelli,100.0,exact_canonical,antonio locatelli,accepted_auto,Antonio Locatelli;Locatelli,military,Ethiopia,1935-1936,"Aviator and volunteer in the war against Ethiopia, later commemorated in Italian public space.",https://www.tandfonline.com/doi/full/10.1080/1369801X.2023.2222710,,False,verified,160133
820138,M050,016243,VIA ANTONIO LOCATELLI,,VIA ANTONIO LOCATELLI,Vilminore di Scalve,Lombardia,016243,locatelli_antonio,Antonio Locatelli,Antonio Locatelli,100.0,exact_canonical,antonio locatelli,accepted_auto,Antonio Locatelli;Locatelli,military,Ethiopia,1935-1936,"Aviator and volunteer in the war against Ethiopia, later commemorated in Italian public space.",https://www.tandfonline.com/doi/full/10.1080/1369801X.2023.2222710,,False,verified,160133
799882,M052,108050,VIA DUCA DEGLI ABRUZZI,,VIA DUCA DEGLI ABRUZZI,Vimercate,Lombardia,108050,savoiaaosta_luigiamedeo,Luigi Amedeo di Savoia-Aosta,Duca degli Abruzzi,100.0,exact_alias,duca degli abruzzi,accepted_auto,Luigi Amedeo di Savoia-Aosta;Duca degli Abruzzi,economic_and_colonization,Somalia,1919-1933,"Prince, explorer and founder of the large agricultural settlement and company at Villaggio Duca degli Abruzzi in Italian Somalia.",https://www.treccani.it/enciclopedia/savoia-aosta-luigi-amedeo-giuseppe-maria-ferdinando-francesco-di-duca-degli-abruzzi_%28Dizionario-Biografico%29/,,False,verified_manual,160133
799899,M052,108050,VIA FRANCESCO CRISPI,,VIA FRANCESCO CRISPI,Vimercate,Lombardia,108050,crispi_francesco,Francesco Crispi,Francesco Crispi,100.0,exact_canonical,francesco crispi,accepted_auto,Francesco Crispi,political_and_administration,Eritrea;Ethiopia;Somalia,1887-1896,Prime minister and a principal political promoter of Italian colonial expansion in the Horn of Africa; his policy culminated in the war ending at Adwa.,https://www.treccani.it/enciclopedia/francesco-crispi/,,False,verified_manual,160133
768022,M147,016245,VIA ANTONIO LOCATELLI,,VIA ANTONIO LOCATELLI,Zanica,Lombardia,016245,locatelli_antonio,Antonio Locatelli,Antonio Locatelli,100.0,exact_canonical,antonio locatelli,accepted_auto,Antonio Locatelli;Locatelli,military,Ethiopia,1935-1936,"Aviator and volunteer in the war against Ethiopia, later commemorated in Italian public space.",https://www.tandfonline.com/doi/full/10.1080/1369801X.2023.2222710,,False,verified,160133
462958,M184,016246,VIA ANTONIO LOCATELLI,,VIA ANTONIO LOCATELLI,Zogno,Lombardia,016246,locatelli_antonio,Antonio Locatelli,Antonio Locatelli,100.0,exact_canonical,antonio locatelli,accepted_auto,Antonio Locatelli;Locatelli,military,Ethiopia,1935-1936,"Aviator and volunteer in the war against Ethiopia, later commemorated in Italian public space.",https://www.tandfonline.com/doi/full/10.1080/1369801X.2023.2222710,,False,verified,160133
801553,M333,016252,VIA ANTONIO LOCATELLI,,VIA ANTONIO LOCATELLI,Sant'Omobono Terme,Lombardia,016252,locatelli_antonio,Antonio Locatelli,Antonio Locatelli,100.0,exact_canonical,antonio locatelli,accepted_auto,Antonio Locatelli;Locatelli,military,Ethiopia,1935-1936,"Aviator and volunteer in the war against Ethiopia, later commemorated in Italian public space.",https://www.tandfonline.com/doi/full/10.1080/1369801X.2023.2222710,,False,verified,160133
776960,M334,016253,VIA ANTONIO LOCATELLI,,VIA ANTONIO LOCATELLI,Val Brembilla,Lombardia,016253,locatelli_antonio,Antonio Locatelli,Antonio Locatelli,100.0,exact_canonical,antonio locatelli,accepted_auto,Antonio Locatelli;Locatelli,military,Ethiopia,1935-1936,"Aviator and volunteer in the war against Ethiopia, later commemorated in Italian public space.",https://www.tandfonline.com/doi/full/10.1080/1369801X.2023.2222710,,False,verified,160133
428105,A047,044002,VIA FRANCESCO CRISPI,,VIA FRANCESCO CRISPI,Acquaviva Picena,Marche,044002,crispi_francesco,Francesco Crispi,Francesco Crispi,100.0,exact_canonical,francesco crispi,accepted_auto,Francesco Crispi,political_and_administration,Eritrea;Ethiopia;Somalia,1887-1896,Prime minister and a principal political promoter of Italian colonial expansion in the Horn of Africa; his policy culminated in the war ending at Adwa.,https://www.treccani.it/enciclopedia/francesco-crispi/,,False,verified_manual,31559
289925,A233,109001,VIA VITTORIO BOTTEGO,,VIA VITTORIO BOTTEGO,Altidona,Marche,109001,bottego_vittorio,Vittorio Bottego,Vittorio Bottego,100.0,exact_canonical,vittorio bottego,accepted_auto,Vittorio Bottego,exploration_geography,Somalia;Ethiopia;Eritrea,1887-1897,Army officer and explorer whose expeditions in the Horn of Africa were closely connected with Italian territorial ambitions in Somalia and Ethiopia.,https://www.treccani.it/enciclopedia/vittorio-bottego_%28Dizionario-Biografico%29/,,False,verified_manual,31559
446033,A462,044007,VIA FRANCESCO CRISPI,,VIA FRANCESCO CRISPI,Ascoli Piceno,Marche,044007,crispi_francesco,Francesco Crispi,Francesco Crispi,100.0,exact_canonical,francesco crispi,accepted_auto,Francesco Crispi,political_and_administration,Eritrea;Ethiopia;Somalia,1887-1896,Prime minister and a principal political promoter of Italian colonial expansion in the Horn of Africa; his policy culminated in the war ending at Adwa.,https://www.treccani.it/enciclopedia/francesco-crispi/,,False,verified_manual,31559
446075,A462,044007,VIA GIUSEPPE GALLIANO,,VIA GIUSEPPE GALLIANO,Ascoli Piceno,Marche,044007,galliano_giuseppe,Giuseppe Galliano,Giuseppe Galliano,100.0,exact_canonical,giuseppe galliano,accepted_auto,Giuseppe Galliano;Galliano,military,Eritrea;Ethiopia,1880s-1890s,Italian officer active in the colonial campaigns in Eritrea and Ethiopia.,https://www.lastampa.it/torino/2023/03/22/news/nomi_vie_piazze_colonialismo-12713667/,,True,verified,31559
446218,A462,044007,VIA PIETRO TOSELLI,,VIA PIETRO TOSELLI,Ascoli Piceno,Marche,044007,toselli_pietro,Pietro Toselli,Pietro Toselli,100.0,exact_canonical,pietro toselli,accepted_auto,Pietro Toselli;Toselli;Maggiore Toselli,military,Eritrea;Ethiopia,1890s,Italian officer in the colonial campaigns in the Horn of Africa; killed at Amba Alagi in 1895.,https://www.tandfonline.com/doi/full/10.1080/1369801X.2023.2222710,,True,verified,31559
145693,B534,109004,VIA GALLIANO,,VIA GALLIANO,Campofilone,Marche,109004,galliano_giuseppe,Giuseppe Galliano,Galliano,100.0,exact_surname,galliano,needs_review,Giuseppe Galliano;Galliano,military,Eritrea;Ethiopia,1880s-1890s,Italian officer active in the colonial campaigns in Eritrea and Ethiopia.,https://www.lastampa.it/torino/2023/03/22/news/nomi_vie_piazze_colonialismo-12713667/,,True,verified,31559
437982,C093,044011,VIA FRANCESCO CRISPI,,VIA FRANCESCO CRISPI,Castel di Lama,Marche,044011,crispi_francesco,Francesco Crispi,Francesco Crispi,100.0,exact_canonical,francesco crispi,accepted_auto,Francesco Crispi,political_and_administration,Eritrea;Ethiopia;Somalia,1887-1896,Prime minister and a principal political promoter of Italian colonial expansion in the Horn of Africa; his policy culminated in the war ending at Adwa.,https://www.treccani.it/enciclopedia/francesco-crispi/,,False,verified_manual,31559
356688,C770,043013,VIA DUCA DEGLI ABRUZZI,,VIA DUCA DEGLI ABRUZZI,Civitanova Marche,Marche,043013,savoiaaosta_luigiamedeo,Luigi Amedeo di Savoia-Aosta,Duca degli Abruzzi,100.0,exact_alias,duca degli abruzzi,accepted_auto,Luigi Amedeo di Savoia-Aosta;Duca degli Abruzzi,economic_and_colonization,Somalia,1919-1933,"Prince, explorer and founder of the large agricultural settlement and company at Villaggio Duca degli Abruzzi in Italian Somalia.",https://www.treccani.it/enciclopedia/savoia-aosta-luigi-amedeo-giuseppe-maria-ferdinando-francesco-di-duca-degli-abruzzi_%28Dizionario-Biografico%29/,,False,verified_manual,31559
1022744,C770,043013,VIA ITALO BALBO,,VIA ITALO BALBO,Civitanova Marche,Marche,043013,balbo_italo,Italo Balbo,Italo Balbo,100.0,exact_canonical,italo balbo,accepted_auto,Italo Balbo;Balbo,political_and_administration,Libya,1934-1940,Governor-General of Italian Libya from 1934 to 1940.,https://www.treccani.it/enciclopedia/italo-balbo/,,True,verified,31559
356808,C770,043013,VIA MAGGIORE PIETRO TOSELLI,,VIA MAGGIORE PIETRO TOSELLI,Civitanova Marche,Marche,043013,toselli_pietro,Pietro Toselli,Pietro Toselli,100.0,exact_canonical,maggiore pietro toselli,accepted_auto,Pietro Toselli;Toselli;Maggiore Toselli,military,Eritrea;Ethiopia,1890s,Italian officer in the colonial campaigns in the Horn of Africa; killed at Amba Alagi in 1895.,https://www.tandfonline.com/doi/full/10.1080/1369801X.2023.2222710,,True,verified,31559
151781,D472,042018,VIA GIUSEPPE GALLIANO,,VIA GIUSEPPE GALLIANO,Falconara Marittima,Marche,042018,galliano_giuseppe,Giuseppe Galliano,Giuseppe Galliano,100.0,exact_canonical,giuseppe galliano,accepted_auto,Giuseppe Galliano;Galliano,military,Eritrea;Ethiopia,1880s-1890s,Italian officer active in the colonial campaigns in Eritrea and Ethiopia.,https://www.lastampa.it/torino/2023/03/22/news/nomi_vie_piazze_colonialismo-12713667/,,True,verified,31559
151850,D472,042018,VIA PIETRO TOSELLI,,VIA PIETRO TOSELLI,Falconara Marittima,Marche,042018,toselli_pietro,Pietro Toselli,Pietro Toselli,100.0,exact_canonical,pietro toselli,accepted_auto,Pietro Toselli;Toselli;Maggiore Toselli,military,Eritrea;Ethiopia,1890s,Italian officer in the colonial campaigns in the Horn of Africa; killed at Amba Alagi in 1895.,https://www.tandfonline.com/doi/full/10.1080/1369801X.2023.2222710,,True,verified,31559
151899,D472,042018,VIA VITTORIO BOTTEGO,,VIA VITTORIO BOTTEGO,Falconara Marittima,Marche,042018,bottego_vittorio,Vittorio Bottego,Vittorio Bottego,100.0,exact_canonical,vittorio bottego,accepted_auto,Vittorio Bottego,exploration_geography,Somalia;Ethiopia;Eritrea,1887-1897,Army officer and explorer whose expeditions in the Horn of Africa were closely connected with Italian territorial ambitions in Somalia and Ethiopia.,https://www.treccani.it/enciclopedia/vittorio-bottego_%28Dizionario-Biografico%29/,,False,verified_manual,31559
929560,D477,109005,VICOLO MAGGIORE GIUSEPPE GALLIANO,,VICOLO MAGGIORE GIUSEPPE GALLIANO,Falerone,Marche,109005,galliano_giuseppe,Giuseppe Galliano,Giuseppe Galliano,100.0,exact_canonical,maggiore giuseppe galliano,accepted_auto,Giuseppe Galliano;Galliano,military,Eritrea;Ethiopia,1880s-1890s,Italian officer active in the colonial campaigns in Eritrea and Ethiopia.,https://www.lastampa.it/torino/2023/03/22/news/nomi_vie_piazze_colonialismo-12713667/,,True,verified,31559
929585,D477,109005,VICOLO MAGGIORE PIETRO TOSELLI,,VICOLO MAGGIORE PIETRO TOSELLI,Falerone,Marche,109005,toselli_pietro,Pietro Toselli,Pietro Toselli,100.0,exact_canonical,maggiore pietro toselli,accepted_auto,Pietro Toselli;Toselli;Maggiore Toselli,military,Eritrea;Ethiopia,1890s,Italian officer in the colonial campaigns in the Horn of Africa; killed at Amba Alagi in 1895.,https://www.tandfonline.com/doi/full/10.1080/1369801X.2023.2222710,,True,verified,31559
933921,D542,109006,VIA DUCA DEGLI ABRUZZI,,VIA DUCA DEGLI ABRUZZI,Fermo,Marche,109006,savoiaaosta_luigiamedeo,Luigi Amedeo di Savoia-Aosta,Duca degli Abruzzi,100.0,exact_alias,duca degli abruzzi,accepted_auto,Luigi Amedeo di Savoia-Aosta;Duca degli Abruzzi,economic_and_colonization,Somalia,1919-1933,"Prince, explorer and founder of the large agricultural settlement and company at Villaggio Duca degli Abruzzi in Italian Somalia.",https://www.treccani.it/enciclopedia/savoia-aosta-luigi-amedeo-giuseppe-maria-ferdinando-francesco-di-duca-degli-abruzzi_%28Dizionario-Biografico%29/,,False,verified_manual,31559
431206,D652,044020,VIA FRANCESCO CRISPI,,VIA FRANCESCO CRISPI,Folignano,Marche,044020,crispi_francesco,Francesco Crispi,Francesco Crispi,100.0,exact_canonical,francesco crispi,accepted_auto,Francesco Crispi,political_and_administration,Eritrea;Ethiopia;Somalia,1887-1896,Prime minister and a principal political promoter of Italian colonial expansion in the Horn of Africa; his policy culminated in the war ending at Adwa.,https://www.treccani.it/enciclopedia/francesco-crispi/,,False,verified_manual,31559
352856,E694,043022,VIA FRANCESCO CRISPI,,VIA FRANCESCO CRISPI,Loro Piceno,Marche,043022,crispi_francesco,Francesco Crispi,Francesco Crispi,100.0,exact_canonical,francesco crispi,accepted_auto,Francesco Crispi,political_and_administration,Eritrea;Ethiopia;Somalia,1887-1896,Prime minister and a principal political promoter of Italian colonial expansion in the Horn of Africa; his policy culminated in the war ending at Adwa.,https://www.treccani.it/enciclopedia/francesco-crispi/,,False,verified_manual,31559
567745,E783,043023,VIA FRANCESCO CRISPI,,VIA FRANCESCO CRISPI,Macerata,Marche,043023,crispi_francesco,Francesco Crispi,Francesco Crispi,100.0,exact_canonical,francesco crispi,accepted_auto,Francesco Crispi,political_and_administration,Eritrea;Ethiopia;Somalia,1887-1896,Prime minister and a principal political promoter of Italian colonial expansion in the Horn of Africa; his policy culminated in the war ending at Adwa.,https://www.treccani.it/enciclopedia/francesco-crispi/,,False,verified_manual,31559
409508,F632,043043,VIA DUCA DEGLI ABRUZZI,,VIA DUCA DEGLI ABRUZZI,Potenza Picena,Marche,043043,savoiaaosta_luigiamedeo,Luigi Amedeo di Savoia-Aosta,Duca degli Abruzzi,100.0,exact_alias,duca degli abruzzi,accepted_auto,Luigi Amedeo di Savoia-Aosta;Duca degli Abruzzi,economic_and_colonization,Somalia,1919-1933,"Prince, explorer and founder of the large agricultural settlement and company at Villaggio Duca degli Abruzzi in Italian Somalia.",https://www.treccani.it/enciclopedia/savoia-aosta-luigi-amedeo-giuseppe-maria-ferdinando-francesco-di-duca-degli-abruzzi_%28Dizionario-Biografico%29/,,False,verified_manual,31559
527922,G157,042034,VIA FRANCESCO CRISPI,,VIA FRANCESCO CRISPI,Osimo,Marche,042034,crispi_francesco,Francesco Crispi,Francesco Crispi,100.0,exact_canonical,francesco crispi,accepted_auto,Francesco Crispi,political_and_administration,Eritrea;Ethiopia;Somalia,1887-1896,Prime minister and a principal political promoter of Italian colonial expansion in the Horn of Africa; his policy culminated in the war ending at Adwa.,https://www.treccani.it/enciclopedia/francesco-crispi/,,False,verified_manual,31559
1309864,G479,041044,VIA FERDINANDO MARTINI,,VIA FERDINANDO MARTINI,Pesaro,Marche,041044,martini_ferdinando,Ferdinando Martini,Ferdinando Martini,100.0,exact_canonical,ferdinando martini,accepted_auto,Ferdinando Martini;Martini,political_and_administration,Eritrea,1897-1907,Italian politician and governor of Eritrea from 1897 to 1907.,https://www.tandfonline.com/doi/full/10.1080/1369801X.2023.2222710,,False,verified,31559
1310220,G479,041044,VIA ORAZIO ANTINORI,,VIA ORAZIO ANTINORI,Pesaro,Marche,041044,antinori_orazio,Orazio Antinori,Orazio Antinori,100.0,exact_canonical,orazio antinori,accepted_auto,Orazio Antinori,exploration_geography,Ethiopia;Eritrea,1870s-1882,Explorer and naturalist whose Ethiopian expeditions and diplomatic role helped establish early Italian political influence in Shoa.,https://www.treccani.it/enciclopedia/orazio-antinori_%28Enciclopedia-Italiana%29/,,False,verified_manual,31559
940622,G920,109033,VIA FRANCESCO CRISPI,,VIA FRANCESCO CRISPI,Porto San Giorgio,Marche,109033,crispi_francesco,Francesco Crispi,Francesco Crispi,100.0,exact_canonical,francesco crispi,accepted_auto,Francesco Crispi,political_and_administration,Eritrea;Ethiopia;Somalia,1887-1896,Prime minister and a principal political promoter of Italian colonial expansion in the Horn of Africa; his policy culminated in the war ending at Adwa.,https://www.treccani.it/enciclopedia/francesco-crispi/,,False,verified_manual,31559
940658,G920,109033,VIA GIUSEPPE GALLIANO,,VIA GIUSEPPE GALLIANO,Porto San Giorgio,Marche,109033,galliano_giuseppe,Giuseppe Galliano,Giuseppe Galliano,100.0,exact_canonical,giuseppe galliano,accepted_auto,Giuseppe Galliano;Galliano,military,Eritrea;Ethiopia,1880s-1890s,Italian officer active in the colonial campaigns in Eritrea and Ethiopia.,https://www.lastampa.it/torino/2023/03/22/news/nomi_vie_piazze_colonialismo-12713667/,,True,verified,31559
505709,G921,109034,VIA FRANCESCO CRISPI,,VIA FRANCESCO CRISPI,Porto Sant'Elpidio,Marche,109034,crispi_francesco,Francesco Crispi,Francesco Crispi,100.0,exact_canonical,francesco crispi,accepted_auto,Francesco Crispi,political_and_administration,Eritrea;Ethiopia;Somalia,1887-1896,Prime minister and a principal political promoter of Italian colonial expansion in the Horn of Africa; his policy culminated in the war ending at Adwa.,https://www.treccani.it/enciclopedia/francesco-crispi/,,False,verified_manual,31559
929983,H769,044066,VIA FRANCESCO CRISPI,,VIA FRANCESCO CRISPI,San Benedetto del Tronto,Marche,044066,crispi_francesco,Francesco Crispi,Francesco Crispi,100.0,exact_canonical,francesco crispi,accepted_auto,Francesco Crispi,political_and_administration,Eritrea;Ethiopia;Somalia,1887-1896,Prime minister and a principal political promoter of Italian colonial expansion in the Horn of Africa; his policy culminated in the war ending at Adwa.,https://www.treccani.it/enciclopedia/francesco-crispi/,,False,verified_manual,31559
929984,H769,044066,VICOLO FRANCESCO CRISPI,,VICOLO FRANCESCO CRISPI,San Benedetto del Tronto,Marche,044066,crispi_francesco,Francesco Crispi,Francesco Crispi,100.0,exact_canonical,francesco crispi,accepted_auto,Francesco Crispi,political_and_administration,Eritrea;Ethiopia;Somalia,1887-1896,Prime minister and a principal political promoter of Italian colonial expansion in the Horn of Africa; his policy culminated in the war ending at Adwa.,https://www.treccani.it/enciclopedia/francesco-crispi/,,False,verified_manual,31559
1253577,I287,041057,VIA GRAZIANI,,VIA GRAZIANI,Sant'Angelo in Vado,Marche,041057,graziani_rodolfo,Rodolfo Graziani,Graziani,100.0,exact_surname,graziani,needs_review,Rodolfo Graziani;Graziani;Maresciallo Graziani,military_and_administration,Libya;Ethiopia,1920s-1937,Senior colonial commander in Libya and commander in the Italo-Ethiopian war; viceroy of Ethiopia in 1936-1937.,https://www.treccani.it/enciclopedia/rodolfo-graziani/,,True,verified,31559
715933,I324,109037,VIA FRANCESCO CRISPI,,VIA FRANCESCO CRISPI,Sant'Elpidio a Mare,Marche,109037,crispi_francesco,Francesco Crispi,Francesco Crispi,100.0,exact_canonical,francesco crispi,accepted_auto,Francesco Crispi,political_and_administration,Eritrea;Ethiopia;Somalia,1887-1896,Prime minister and a principal political promoter of Italian colonial expansion in the Horn of Africa; his policy culminated in the war ending at Adwa.,https://www.treccani.it/enciclopedia/francesco-crispi/,,False,verified_manual,31559
847566,M078,043057,VIA GALLIANO,,VIA GALLIANO,Visso,Marche,043057,galliano_giuseppe,Giuseppe Galliano,Galliano,100.0,exact_surname,galliano,needs_review,Giuseppe Galliano;Galliano,military,Eritrea;Ethiopia,1880s-1890s,Italian officer active in the colonial campaigns in Eritrea and Ethiopia.,https://www.lastampa.it/torino/2023/03/22/news/nomi_vie_piazze_colonialismo-12713667/,,True,verified,31559
847589,M078,043057,VIA PIETRO TOSELLI,,VIA PIETRO TOSELLI,Visso,Marche,043057,toselli_pietro,Pietro Toselli,Pietro Toselli,100.0,exact_canonical,pietro toselli,accepted_auto,Pietro Toselli;Toselli;Maggiore Toselli,military,Eritrea;Ethiopia,1890s,Italian officer in the colonial campaigns in the Horn of Africa; killed at Amba Alagi in 1895.,https://www.tandfonline.com/doi/full/10.1080/1369801X.2023.2222710,,True,verified,31559
711884,B295,070005,CONTRADA MAGLIOCCO,,CONTRADA MAGLIOCCO,Busso,Molise,070005,magliocco_vincenzo,Vincenzo Magliocco,Magliocco,100.0,exact_surname,magliocco,needs_review,Vincenzo Magliocco;Magliocco,military,Ethiopia,1935-1936,Italian air-force general active in Ethiopia; commemorated by a street in Milan documented by the colonial-odonymy project.,https://museonazionaleresistenza.it/story/la-storia-raccontata-attraverso-le-vie-della-citta/,,True,verified,15216
435196,B317,094037,VICOLO GALLIANO,,VICOLO GALLIANO,Poggio Sannita,Molise,094037,galliano_giuseppe,Giuseppe Galliano,Galliano,100.0,exact_surname,galliano,needs_review,Giuseppe Galliano;Galliano,military,Eritrea;Ethiopia,1880s-1890s,Italian officer active in the colonial campaigns in Eritrea and Ethiopia.,https://www.lastampa.it/torino/2023/03/22/news/nomi_vie_piazze_colonialismo-12713667/,,True,verified,15216
755131,B519,070006,VIA DUCA DEGLI ABRUZZI,,VIA DUCA DEGLI ABRUZZI,Campobasso,Molise,070006,savoiaaosta_luigiamedeo,Luigi Amedeo di Savoia-Aosta,Duca degli Abruzzi,100.0,exact_alias,duca degli abruzzi,accepted_auto,Luigi Amedeo di Savoia-Aosta;Duca degli Abruzzi,economic_and_colonization,Somalia,1919-1933,"Prince, explorer and founder of the large agricultural settlement and company at Villaggio Duca degli Abruzzi in Italian Somalia.",https://www.treccani.it/enciclopedia/savoia-aosta-luigi-amedeo-giuseppe-maria-ferdinando-francesco-di-duca-degli-abruzzi_%28Dizionario-Biografico%29/,,False,verified_manual,15216
755154,B519,070006,VIA FRANCESCO CRISPI,,VIA FRANCESCO CRISPI,Campobasso,Molise,070006,crispi_francesco,Francesco Crispi,Francesco Crispi,100.0,exact_canonical,francesco crispi,accepted_auto,Francesco Crispi,political_and_administration,Eritrea;Ethiopia;Somalia,1887-1896,Prime minister and a principal political promoter of Italian colonial expansion in the Horn of Africa; his policy culminated in the war ending at Adwa.,https://www.treccani.it/enciclopedia/francesco-crispi/,,False,verified_manual,15216
627508,B550,070010,VIA FRANCESCO CRISPI,,VIA FRANCESCO CRISPI,Campomarino,Molise,070010,crispi_francesco,Francesco Crispi,Francesco Crispi,100.0,exact_canonical,francesco crispi,accepted_auto,Francesco Crispi,political_and_administration,Eritrea;Ethiopia;Somalia,1887-1896,Prime minister and a principal political promoter of Italian colonial expansion in the Horn of Africa; his policy culminated in the war ending at Adwa.,https://www.treccani.it/enciclopedia/francesco-crispi/,,False,verified_manual,15216
708876,C066,070013,VIA DUCA DEGLI ABRUZZI,,VIA DUCA DEGLI ABRUZZI,Castelbottaccio,Molise,070013,savoiaaosta_luigiamedeo,Luigi Amedeo di Savoia-Aosta,Duca degli Abruzzi,100.0,exact_alias,duca degli abruzzi,accepted_auto,Luigi Amedeo di Savoia-Aosta;Duca degli Abruzzi,economic_and_colonization,Somalia,1919-1933,"Prince, explorer and founder of the large agricultural settlement and company at Villaggio Duca degli Abruzzi in Italian Somalia.",https://www.treccani.it/enciclopedia/savoia-aosta-luigi-amedeo-giuseppe-maria-ferdinando-francesco-di-duca-degli-abruzzi_%28Dizionario-Biografico%29/,,False,verified_manual,15216
624928,C082,094009,PIAZZA ITALO BALBO,,PIAZZA ITALO BALBO,Castel del Giudice,Molise,094009,balbo_italo,Italo Balbo,Italo Balbo,100.0,exact_canonical,italo balbo,accepted_auto,Italo Balbo;Balbo,political_and_administration,Libya,1934-1940,Governor-General of Italian Libya from 1934 to 1940.,https://www.treccani.it/enciclopedia/italo-balbo/,,True,verified,15216
624918,C082,094009,VIA DUCA DEGLI ABRUZZI,,VIA DUCA DEGLI ABRUZZI,Castel del Giudice,Molise,094009,savoiaaosta_luigiamedeo,Luigi Amedeo di Savoia-Aosta,Duca degli Abruzzi,100.0,exact_alias,duca degli abruzzi,accepted_auto,Luigi Amedeo di Savoia-Aosta;Duca degli Abruzzi,economic_and_colonization,Somalia,1919-1933,"Prince, explorer and founder of the large agricultural settlement and company at Villaggio Duca degli Abruzzi in Italian Somalia.",https://www.treccani.it/enciclopedia/savoia-aosta-luigi-amedeo-giuseppe-maria-ferdinando-francesco-di-duca-degli-abruzzi_%28Dizionario-Biografico%29/,,False,verified_manual,15216
712099,C875,070021,VIA GALLIANO,,VIA GALLIANO,Colletorto,Molise,070021,galliano_giuseppe,Giuseppe Galliano,Galliano,100.0,exact_surname,galliano,needs_review,Giuseppe Galliano;Galliano,military,Eritrea;Ethiopia,1880s-1890s,Italian officer active in the colonial campaigns in Eritrea and Ethiopia.,https://www.lastampa.it/torino/2023/03/22/news/nomi_vie_piazze_colonialismo-12713667/,,True,verified,15216
712176,C875,070021,VIA TOSELLI,,VIA TOSELLI,Colletorto,Molise,070021,toselli_pietro,Pietro Toselli,Toselli,100.0,exact_surname,toselli,needs_review,Pietro Toselli;Toselli;Maggiore Toselli,military,Eritrea;Ethiopia,1890s,Italian officer in the colonial campaigns in the Horn of Africa; killed at Amba Alagi in 1895.,https://www.tandfonline.com/doi/full/10.1080/1369801X.2023.2222710,,True,verified,15216
570578,D737,070024,VIA GALLIANO,,VIA GALLIANO,Fossalto,Molise,070024,galliano_giuseppe,Giuseppe Galliano,Galliano,100.0,exact_surname,galliano,needs_review,Giuseppe Galliano;Galliano,military,Eritrea;Ethiopia,1880s-1890s,Italian officer active in the colonial campaigns in Eritrea and Ethiopia.,https://www.lastampa.it/torino/2023/03/22/news/nomi_vie_piazze_colonialismo-12713667/,,True,verified,15216
629853,E599,070032,VIA DUCA DEGLI ABRUZZI,,VIA DUCA DEGLI ABRUZZI,Limosano,Molise,070032,savoiaaosta_luigiamedeo,Luigi Amedeo di Savoia-Aosta,Duca degli Abruzzi,100.0,exact_alias,duca degli abruzzi,accepted_auto,Luigi Amedeo di Savoia-Aosta;Duca degli Abruzzi,economic_and_colonization,Somalia,1919-1933,"Prince, explorer and founder of the large agricultural settlement and company at Villaggio Duca degli Abruzzi in Italian Somalia.",https://www.treccani.it/enciclopedia/savoia-aosta-luigi-amedeo-giuseppe-maria-ferdinando-francesco-di-duca-degli-abruzzi_%28Dizionario-Biografico%29/,,False,verified_manual,15216
709401,E722,070033,LARGO FRANCESCO CRISPI,,LARGO FRANCESCO CRISPI,Lucito,Molise,070033,crispi_francesco,Francesco Crispi,Francesco Crispi,100.0,exact_canonical,francesco crispi,accepted_auto,Francesco Crispi,political_and_administration,Eritrea;Ethiopia;Somalia,1887-1896,Prime minister and a principal political promoter of Italian colonial expansion in the Horn of Africa; his policy culminated in the war ending at Adwa.,https://www.treccani.it/enciclopedia/francesco-crispi/,,False,verified_manual,15216
709728,E799,070036,VIA DUCA DEGLI ABRUZZI,,VIA DUCA DEGLI ABRUZZI,Mafalda,Molise,070036,savoiaaosta_luigiamedeo,Luigi Amedeo di Savoia-Aosta,Duca degli Abruzzi,100.0,exact_alias,duca degli abruzzi,accepted_auto,Luigi Amedeo di Savoia-Aosta;Duca degli Abruzzi,economic_and_colonization,Somalia,1919-1933,"Prince, explorer and founder of the large agricultural settlement and company at Villaggio Duca degli Abruzzi in Italian Somalia.",https://www.treccani.it/enciclopedia/savoia-aosta-luigi-amedeo-giuseppe-maria-ferdinando-francesco-di-duca-degli-abruzzi_%28Dizionario-Biografico%29/,,False,verified_manual,15216
600231,F322,070040,VIA ITALO BALBO,,VIA ITALO BALBO,Monacilioni,Molise,070040,balbo_italo,Italo Balbo,Italo Balbo,100.0,exact_canonical,italo balbo,accepted_auto,Italo Balbo;Balbo,political_and_administration,Libya,1934-1940,Governor-General of Italian Libya from 1934 to 1940.,https://www.treccani.it/enciclopedia/italo-balbo/,,True,verified,15216
558173,F475,070042,VIA FRANCESCO CRISPI,,VIA FRANCESCO CRISPI,Montecilfone,Molise,070042,crispi_francesco,Francesco Crispi,Francesco Crispi,100.0,exact_canonical,francesco crispi,accepted_auto,Francesco Crispi,political_and_administration,Eritrea;Ethiopia;Somalia,1887-1896,Prime minister and a principal political promoter of Italian colonial expansion in the Horn of Africa; his policy culminated in the war ending at Adwa.,https://www.treccani.it/enciclopedia/francesco-crispi/,,False,verified_manual,15216
558187,F475,070042,VIA ITALO BALBO,,VIA ITALO BALBO,Montecilfone,Molise,070042,balbo_italo,Italo Balbo,Italo Balbo,100.0,exact_canonical,italo balbo,accepted_auto,Italo Balbo;Balbo,political_and_administration,Libya,1934-1940,Governor-General of Italian Libya from 1934 to 1940.,https://www.treccani.it/enciclopedia/italo-balbo/,,True,verified,15216
794342,F576,070046,VIA DUCA DEGLI ABRUZZI,,VIA DUCA DEGLI ABRUZZI,Montenero di Bisaccia,Molise,070046,savoiaaosta_luigiamedeo,Luigi Amedeo di Savoia-Aosta,Duca degli Abruzzi,100.0,exact_alias,duca degli abruzzi,accepted_auto,Luigi Amedeo di Savoia-Aosta;Duca degli Abruzzi,economic_and_colonization,Somalia,1919-1933,"Prince, explorer and founder of the large agricultural settlement and company at Villaggio Duca degli Abruzzi in Italian Somalia.",https://www.treccani.it/enciclopedia/savoia-aosta-luigi-amedeo-giuseppe-maria-ferdinando-francesco-di-duca-degli-abruzzi_%28Dizionario-Biografico%29/,,False,verified_manual,15216
794352,F576,070046,VIA FRANCESCO CRISPI,,VIA FRANCESCO CRISPI,Montenero di Bisaccia,Molise,070046,crispi_francesco,Francesco Crispi,Francesco Crispi,100.0,exact_canonical,francesco crispi,accepted_auto,Francesco Crispi,political_and_administration,Eritrea;Ethiopia;Somalia,1887-1896,Prime minister and a principal political promoter of Italian colonial expansion in the Horn of Africa; his policy culminated in the war ending at Adwa.,https://www.treccani.it/enciclopedia/francesco-crispi/,,False,verified_manual,15216
794507,F576,070046,VIA ORAZIO ANTINORI,,VIA ORAZIO ANTINORI,Montenero di Bisaccia,Molise,070046,antinori_orazio,Orazio Antinori,Orazio Antinori,100.0,exact_canonical,orazio antinori,accepted_auto,Orazio Antinori,exploration_geography,Ethiopia;Eritrea,1870s-1882,Explorer and naturalist whose Ethiopian expeditions and diplomatic role helped establish early Italian political influence in Shoa.,https://www.treccani.it/enciclopedia/orazio-antinori_%28Enciclopedia-Italiana%29/,,False,verified_manual,15216
539834,F601,094030,VIA ITALO BALBO,,VIA ITALO BALBO,Monteroduni,Molise,094030,balbo_italo,Italo Balbo,Italo Balbo,100.0,exact_canonical,italo balbo,accepted_auto,Italo Balbo;Balbo,political_and_administration,Libya,1934-1940,Governor-General of Italian Libya from 1934 to 1940.,https://www.treccani.it/enciclopedia/italo-balbo/,,True,verified,15216
620180,G512,070052,PIAZZA DUCA DEGLI ABRUZZI,,PIAZZA DUCA DEGLI ABRUZZI,Petrella Tifernina,Molise,070052,savoiaaosta_luigiamedeo,Luigi Amedeo di Savoia-Aosta,Duca degli Abruzzi,100.0,exact_alias,duca degli abruzzi,accepted_auto,Luigi Amedeo di Savoia-Aosta;Duca degli Abruzzi,economic_and_colonization,Somalia,1919-1933,"Prince, explorer and founder of the large agricultural settlement and company at Villaggio Duca degli Abruzzi in Italian Somalia.",https://www.treccani.it/enciclopedia/savoia-aosta-luigi-amedeo-giuseppe-maria-ferdinando-francesco-di-duca-degli-abruzzi_%28Dizionario-Biografico%29/,,False,verified_manual,15216
620190,G512,070052,VIA FRANCESCO CRISPI,,VIA FRANCESCO CRISPI,Petrella Tifernina,Molise,070052,crispi_francesco,Francesco Crispi,Francesco Crispi,100.0,exact_canonical,francesco crispi,accepted_auto,Francesco Crispi,political_and_administration,Eritrea;Ethiopia;Somalia,1887-1896,Prime minister and a principal political promoter of Italian colonial expansion in the Horn of Africa; his policy culminated in the war ending at Adwa.,https://www.treccani.it/enciclopedia/francesco-crispi/,,False,verified_manual,15216
577835,G910,070055,VIA FRANCESCO CRISPI,,VIA FRANCESCO CRISPI,Portocannone,Molise,070055,crispi_francesco,Francesco Crispi,Francesco Crispi,100.0,exact_canonical,francesco crispi,accepted_auto,Francesco Crispi,political_and_administration,Eritrea;Ethiopia;Somalia,1887-1896,Prime minister and a principal political promoter of Italian colonial expansion in the Horn of Africa; his policy culminated in the war ending at Adwa.,https://www.treccani.it/enciclopedia/francesco-crispi/,,False,verified_manual,15216
533993,H083,070056,VIA ITALO BALBO,,VIA ITALO BALBO,Provvidenti,Molise,070056,balbo_italo,Italo Balbo,Italo Balbo,100.0,exact_canonical,italo balbo,accepted_auto,Italo Balbo;Balbo,political_and_administration,Libya,1934-1940,Governor-General of Italian Libya from 1934 to 1940.,https://www.treccani.it/enciclopedia/italo-balbo/,,True,verified,15216
486056,H454,070060,VIA DUCA DEGLI ABRUZZI,,VIA DUCA DEGLI ABRUZZI,Roccavivara,Molise,070060,savoiaaosta_luigiamedeo,Luigi Amedeo di Savoia-Aosta,Duca degli Abruzzi,100.0,exact_alias,duca degli abruzzi,accepted_auto,Luigi Amedeo di Savoia-Aosta;Duca degli Abruzzi,economic_and_colonization,Somalia,1919-1933,"Prince, explorer and founder of the large agricultural settlement and company at Villaggio Duca degli Abruzzi in Italian Somalia.",https://www.treccani.it/enciclopedia/savoia-aosta-luigi-amedeo-giuseppe-maria-ferdinando-francesco-di-duca-degli-abruzzi_%28Dizionario-Biografico%29/,,False,verified_manual,15216
537345,H693,070062,VIA GALLIANO,,VIA GALLIANO,Salcito,Molise,070062,galliano_giuseppe,Giuseppe Galliano,Galliano,100.0,exact_surname,galliano,needs_review,Giuseppe Galliano;Galliano,military,Eritrea;Ethiopia,1880s-1890s,Italian officer active in the colonial campaigns in Eritrea and Ethiopia.,https://www.lastampa.it/torino/2023/03/22/news/nomi_vie_piazze_colonialismo-12713667/,,True,verified,15216
537391,H693,070062,VIA TOSELLI,,VIA TOSELLI,Salcito,Molise,070062,toselli_pietro,Pietro Toselli,Toselli,100.0,exact_surname,toselli,needs_review,Pietro Toselli;Toselli;Maggiore Toselli,military,Eritrea;Ethiopia,1890s,Italian officer in the colonial campaigns in the Horn of Africa; killed at Amba Alagi in 1895.,https://www.tandfonline.com/doi/full/10.1080/1369801X.2023.2222710,,True,verified,15216
550894,H782,070063,VIA DUCA DEGLI ABRUZZI,,VIA DUCA DEGLI ABRUZZI,San Biase,Molise,070063,savoiaaosta_luigiamedeo,Luigi Amedeo di Savoia-Aosta,Duca degli Abruzzi,100.0,exact_alias,duca degli abruzzi,accepted_auto,Luigi Amedeo di Savoia-Aosta;Duca degli Abruzzi,economic_and_colonization,Somalia,1919-1933,"Prince, explorer and founder of the large agricultural settlement and company at Villaggio Duca degli Abruzzi in Italian Somalia.",https://www.treccani.it/enciclopedia/savoia-aosta-luigi-amedeo-giuseppe-maria-ferdinando-francesco-di-duca-degli-abruzzi_%28Dizionario-Biografico%29/,,False,verified_manual,15216
479186,I096,094043,VIALE DUCA DEGLI ABRUZZI,,VIALE DUCA DEGLI ABRUZZI,San Pietro Avellana,Molise,094043,savoiaaosta_luigiamedeo,Luigi Amedeo di Savoia-Aosta,Duca degli Abruzzi,100.0,exact_alias,duca degli abruzzi,accepted_auto,Luigi Amedeo di Savoia-Aosta;Duca degli Abruzzi,economic_and_colonization,Somalia,1919-1933,"Prince, explorer and founder of the large agricultural settlement and company at Villaggio Duca degli Abruzzi in Italian Somalia.",https://www.treccani.it/enciclopedia/savoia-aosta-luigi-amedeo-giuseppe-maria-ferdinando-francesco-di-duca-degli-abruzzi_%28Dizionario-Biografico%29/,,False,verified_manual,15216
618906,L113,070078,VIA DUCA DEGLI ABRUZZI,,VIA DUCA DEGLI ABRUZZI,Termoli,Molise,070078,savoiaaosta_luigiamedeo,Luigi Amedeo di Savoia-Aosta,Duca degli Abruzzi,100.0,exact_alias,duca degli abruzzi,accepted_auto,Luigi Amedeo di Savoia-Aosta;Duca degli Abruzzi,economic_and_colonization,Somalia,1919-1933,"Prince, explorer and founder of the large agricultural settlement and company at Villaggio Duca degli Abruzzi in Italian Somalia.",https://www.treccani.it/enciclopedia/savoia-aosta-luigi-amedeo-giuseppe-maria-ferdinando-francesco-di-duca-degli-abruzzi_%28Dizionario-Biografico%29/,,False,verified_manual,15216
565728,L458,070082,VIA ITALO BALBO,,VIA ITALO BALBO,Tufara,Molise,070082,balbo_italo,Italo Balbo,Italo Balbo,100.0,exact_canonical,italo balbo,accepted_auto,Italo Balbo;Balbo,political_and_administration,Libya,1934-1940,Governor-General of Italian Libya from 1934 to 1940.,https://www.treccani.it/enciclopedia/italo-balbo/,,True,verified,15216
578847,L505,070083,VIA FRANCESCO CRISPI,,VIA FRANCESCO CRISPI,Ururi,Molise,070083,crispi_francesco,Francesco Crispi,Francesco Crispi,100.0,exact_canonical,francesco crispi,accepted_auto,Francesco Crispi,political_and_administration,Eritrea;Ethiopia;Somalia,1887-1896,Prime minister and a principal political promoter of Italian colonial expansion in the Horn of Africa; his policy culminated in the war ending at Adwa.,https://www.treccani.it/enciclopedia/francesco-crispi/,,False,verified_manual,15216
463362,A052,006001,VIA FRANCESCO CRISPI,,VIA FRANCESCO CRISPI,Acqui Terme,Piemonte,006001,crispi_francesco,Francesco Crispi,Francesco Crispi,100.0,exact_canonical,francesco crispi,accepted_auto,Francesco Crispi,political_and_administration,Eritrea;Ethiopia;Somalia,1887-1896,Prime minister and a principal political promoter of Italian colonial expansion in the Horn of Africa; his policy culminated in the war ending at Adwa.,https://www.treccani.it/enciclopedia/francesco-crispi/,,False,verified_manual,93771
1057901,A124,004003,VIA FRANCESCO CRISPI,,VIA FRANCESCO CRISPI,Alba,Piemonte,004003,crispi_francesco,Francesco Crispi,Francesco Crispi,100.0,exact_canonical,francesco crispi,accepted_auto,Francesco Crispi,political_and_administration,Eritrea;Ethiopia;Somalia,1887-1896,Prime minister and a principal political promoter of Italian colonial expansion in the Horn of Africa; his policy culminated in the war ending at Adwa.,https://www.treccani.it/enciclopedia/francesco-crispi/,,False,verified_manual,93771
135303,A198,002004,VIA VITTORIO BOTTEGO,,VIA VITTORIO BOTTEGO,Alice Castello,Piemonte,002004,bottego_vittorio,Vittorio Bottego,Vittorio Bottego,100.0,exact_canonical,vittorio bottego,accepted_auto,Vittorio Bottego,exploration_geography,Somalia;Ethiopia;Eritrea,1887-1897,Army officer and explorer whose expeditions in the Horn of Africa were closely connected with Italian territorial ambitions in Somalia and Ethiopia.,https://www.treccani.it/enciclopedia/vittorio-bottego_%28Dizionario-Biografico%29/,,False,verified_manual,93771
325909,A227,006007,VIA PIETRO TOSELLI,,VIA PIETRO TOSELLI,Altavilla Monferrato,Piemonte,006007,toselli_pietro,Pietro Toselli,Pietro Toselli,100.0,exact_canonical,pietro toselli,accepted_auto,Pietro Toselli;Toselli;Maggiore Toselli,military,Eritrea;Ethiopia,1890s,Italian officer in the colonial campaigns in the Horn of Africa; killed at Amba Alagi in 1895.,https://www.tandfonline.com/doi/full/10.1080/1369801X.2023.2222710,,True,verified,93771
211010,A352,005004,VIA REGINALDO GIULIANI,,VIA REGINALDO GIULIANI,Aramengo,Piemonte,005004,giuliani_reginaldo,Reginaldo Giuliani,Reginaldo Giuliani,100.0,exact_canonical,reginaldo giuliani,accepted_auto,Reginaldo Giuliani;Giuliani;Padre Reginaldo Giuliani,military_and_religious,Ethiopia,1935-1936,Dominican friar and volunteer military chaplain associated with the war against Ethiopia.,https://www.tandfonline.com/doi/full/10.1080/1369801X.2023.2222710,,False,verified,93771
165640,A479,005005,VIA DUCA DEGLI ABRUZZI,,VIA DUCA DEGLI ABRUZZI,Asti,Piemonte,005005,savoiaaosta_luigiamedeo,Luigi Amedeo di Savoia-Aosta,Duca degli Abruzzi,100.0,exact_alias,duca degli abruzzi,accepted_auto,Luigi Amedeo di Savoia-Aosta;Duca degli Abruzzi,economic_and_colonization,Somalia,1919-1933,"Prince, explorer and founder of the large agricultural settlement and company at Villaggio Duca degli Abruzzi in Italian Somalia.",https://www.treccani.it/enciclopedia/savoia-aosta-luigi-amedeo-giuseppe-maria-ferdinando-francesco-di-duca-degli-abruzzi_%28Dizionario-Biografico%29/,,False,verified_manual,93771
165681,A479,005005,VIA FRANCESCO CRISPI,,VIA FRANCESCO CRISPI,Asti,Piemonte,005005,crispi_francesco,Francesco Crispi,Francesco Crispi,100.0,exact_canonical,francesco crispi,accepted_auto,Francesco Crispi,political_and_administration,Eritrea;Ethiopia;Somalia,1887-1896,Prime minister and a principal political promoter of Italian colonial expansion in the Horn of Africa; his policy culminated in the war ending at Adwa.,https://www.treccani.it/enciclopedia/francesco-crispi/,,False,verified_manual,93771
165933,A479,005005,VIA PIETRO TOSELLI,,VIA PIETRO TOSELLI,Asti,Piemonte,005005,toselli_pietro,Pietro Toselli,Pietro Toselli,100.0,exact_canonical,pietro toselli,accepted_auto,Pietro Toselli;Toselli;Maggiore Toselli,military,Eritrea;Ethiopia,1890s,Italian officer in the colonial campaigns in the Horn of Africa; killed at Amba Alagi in 1895.,https://www.tandfonline.com/doi/full/10.1080/1369801X.2023.2222710,,True,verified,93771
165514,A479,005005,VIA VITTORIO BOTTEGO,,VIA VITTORIO BOTTEGO,Asti,Piemonte,005005,bottego_vittorio,Vittorio Bottego,Vittorio Bottego,100.0,exact_canonical,vittorio bottego,accepted_auto,Vittorio Bottego,exploration_geography,Somalia;Ethiopia;Eritrea,1887-1897,Army officer and explorer whose expeditions in the Horn of Africa were closely connected with Italian territorial ambitions in Somalia and Ethiopia.,https://www.treccani.it/enciclopedia/vittorio-bottego_%28Dizionario-Biografico%29/,,False,verified_manual,93771
587709,A709,004014,VIA GALLIANO,,VIA GALLIANO,Bastia Mondovì,Piemonte,004014,galliano_giuseppe,Giuseppe Galliano,Galliano,100.0,exact_surname,galliano,needs_review,Giuseppe Galliano;Galliano,military,Eritrea;Ethiopia,1880s-1890s,Italian officer active in the colonial campaigns in Eritrea and Ethiopia.,https://www.lastampa.it/torino/2023/03/22/news/nomi_vie_piazze_colonialismo-12713667/,,True,verified,93771
782856,A859,096004,PIAZZALE AMEDEO DI SAVOIA AOSTA,,PIAZZALE AMEDEO DI SAVOIA AOSTA,Biella,Piemonte,096004,savoiaaosta_amedeo,Amedeo di Savoia-Aosta,Amedeo di Savoia-Aosta,100.0,exact_canonical,amedeo di savoia aosta,accepted_auto,Amedeo di Savoia-Aosta,military_and_administration,Ethiopia;Eritrea;Somalia;Libya,1928-1941,Colonial military officer in Libya and viceroy/governor-general of Italian East Africa from 1937 until the collapse of the colony.,https://www.treccani.it/enciclopedia/savoia-aosta-amedeo-di-duca-d-aosta_%28Dizionario-Biografico%29/,,False,verified_manual,93771
273919,B046,002017,VIA GALLIANO,,VIA GALLIANO,Borgo Vercelli,Piemonte,002017,galliano_giuseppe,Giuseppe Galliano,Galliano,100.0,exact_surname,galliano,needs_review,Giuseppe Galliano;Galliano,military,Eritrea;Ethiopia,1880s-1890s,Italian officer active in the colonial campaigns in Eritrea and Ethiopia.,https://www.lastampa.it/torino/2023/03/22/news/nomi_vie_piazze_colonialismo-12713667/,,True,verified,93771
273963,B046,002017,VIA TOSELLI,,VIA TOSELLI,Borgo Vercelli,Piemonte,002017,toselli_pietro,Pietro Toselli,Toselli,100.0,exact_surname,toselli,needs_review,Pietro Toselli;Toselli;Maggiore Toselli,military,Eritrea;Ethiopia,1890s,Italian officer in the colonial campaigns in the Horn of Africa; killed at Amba Alagi in 1895.,https://www.tandfonline.com/doi/full/10.1080/1369801X.2023.2222710,,True,verified,93771
512942,B111,004029,VIA FRANCESCO CRISPI,,VIA FRANCESCO CRISPI,Bra,Piemonte,004029,crispi_francesco,Francesco Crispi,Francesco Crispi,100.0,exact_canonical,francesco crispi,accepted_auto,Francesco Crispi,political_and_administration,Eritrea;Ethiopia;Somalia,1887-1896,Prime minister and a principal political promoter of Italian colonial expansion in the Horn of Africa; his policy culminated in the war ending at Adwa.,https://www.treccani.it/enciclopedia/francesco-crispi/,,False,verified_manual,93771
577953,B204,004033,VIA GALLIANO,,VIA GALLIANO,Brossasco,Piemonte,004033,galliano_giuseppe,Giuseppe Galliano,Galliano,100.0,exact_surname,galliano,needs_review,Giuseppe Galliano;Galliano,military,Eritrea;Ethiopia,1880s-1890s,Italian officer active in the colonial campaigns in Eritrea and Ethiopia.,https://www.lastampa.it/torino/2023/03/22/news/nomi_vie_piazze_colonialismo-12713667/,,True,verified,93771
403441,B284,001043,VIA TOSELLI,,VIA TOSELLI,Busano,Piemonte,001043,toselli_pietro,Pietro Toselli,Toselli,100.0,exact_surname,toselli,needs_review,Pietro Toselli;Toselli;Maggiore Toselli,military,Eritrea;Ethiopia,1890s,Italian officer in the colonial campaigns in the Horn of Africa; killed at Amba Alagi in 1895.,https://www.tandfonline.com/doi/full/10.1080/1369801X.2023.2222710,,True,verified,93771
234298,B418,005014,VIA GALLIANO,,VIA GALLIANO,Calliano Monferrato,Piemonte,005014,galliano_giuseppe,Giuseppe Galliano,Galliano,100.0,exact_surname,galliano,needs_review,Giuseppe Galliano;Galliano,military,Eritrea;Ethiopia,1880s-1890s,Italian officer active in the colonial campaigns in Eritrea and Ethiopia.,https://www.lastampa.it/torino/2023/03/22/news/nomi_vie_piazze_colonialismo-12713667/,,True,verified,93771
234315,B418,005014,VIA TOSELLI,,VIA TOSELLI,Calliano Monferrato,Piemonte,005014,toselli_pietro,Pietro Toselli,Toselli,100.0,exact_surname,toselli,needs_review,Pietro Toselli;Toselli;Maggiore Toselli,military,Eritrea;Ethiopia,1890s,Italian officer in the colonial campaigns in the Horn of Africa; killed at Amba Alagi in 1895.,https://www.tandfonline.com/doi/full/10.1080/1369801X.2023.2222710,,True,verified,93771
342358,B435,001047,VIA DUCA DEGLI ABRUZZI,,VIA DUCA DEGLI ABRUZZI,Caluso,Piemonte,001047,savoiaaosta_luigiamedeo,Luigi Amedeo di Savoia-Aosta,Duca degli Abruzzi,100.0,exact_alias,duca degli abruzzi,accepted_auto,Luigi Amedeo di Savoia-Aosta;Duca degli Abruzzi,economic_and_colonization,Somalia,1919-1933,"Prince, explorer and founder of the large agricultural settlement and company at Villaggio Duca degli Abruzzi in Italian Somalia.",https://www.treccani.it/enciclopedia/savoia-aosta-luigi-amedeo-giuseppe-maria-ferdinando-francesco-di-duca-degli-abruzzi_%28Dizionario-Biografico%29/,,False,verified_manual,93771
204599,B482,006027,VICOLO BALBO,,VICOLO BALBO,Camino,Piemonte,006027,balbo_italo,Italo Balbo,Balbo,100.0,exact_surname,balbo,needs_review,Italo Balbo;Balbo,political_and_administration,Libya,1934-1940,Governor-General of Italian Libya from 1934 to 1940.,https://www.treccani.it/enciclopedia/italo-balbo/,,True,verified,93771
208396,B755,004042,VIA FRANCESCO CRISPI,,VIA FRANCESCO CRISPI,Cardè,Piemonte,004042,crispi_francesco,Francesco Crispi,Francesco Crispi,100.0,exact_canonical,francesco crispi,accepted_auto,Francesco Crispi,political_and_administration,Eritrea;Ethiopia;Somalia,1887-1896,Prime minister and a principal political promoter of Italian colonial expansion in the Horn of Africa; his policy culminated in the war ending at Adwa.,https://www.treccani.it/enciclopedia/francesco-crispi/,,False,verified_manual,93771
295020,B791,001059,VIA DUCA AMEDEO DI SAVOIA D`AOSTA,,VIA DUCA AMEDEO DI SAVOIA D`AOSTA,Carmagnola,Piemonte,001059,savoiaaosta_amedeo,Amedeo di Savoia-Aosta,Amedeo di Savoia-Aosta,95.65217391304348,fuzzy_full_or_alias,duca amedeo di savoia d aosta,needs_review,Amedeo di Savoia-Aosta,military_and_administration,Ethiopia;Eritrea;Somalia;Libya,1928-1941,Colonial military officer in Libya and viceroy/governor-general of Italian East Africa from 1937 until the collapse of the colony.,https://www.treccani.it/enciclopedia/savoia-aosta-amedeo-di-duca-d-aosta_%28Dizionario-Biografico%29/,,False,verified_manual,93771
804889,B823,003036,VIA TOSELLI,,VIA TOSELLI,Carpignano Sesia,Piemonte,003036,toselli_pietro,Pietro Toselli,Toselli,100.0,exact_surname,toselli,needs_review,Pietro Toselli;Toselli;Maggiore Toselli,military,Eritrea;Ethiopia,1890s,Italian officer in the colonial campaigns in the Horn of Africa; killed at Amba Alagi in 1895.,https://www.tandfonline.com/doi/full/10.1080/1369801X.2023.2222710,,True,verified,93771
391974,B885,006039,VIALE FRANCESCO CRISPI,,VIALE FRANCESCO CRISPI,Casale Monferrato,Piemonte,006039,crispi_francesco,Francesco Crispi,Francesco Crispi,100.0,exact_canonical,francesco crispi,accepted_auto,Francesco Crispi,political_and_administration,Eritrea;Ethiopia;Somalia,1887-1896,Prime minister and a principal political promoter of Italian colonial expansion in the Horn of Africa; his policy culminated in the war ending at Adwa.,https://www.treccani.it/enciclopedia/francesco-crispi/,,False,verified_manual,93771
137894,C148,006047,PIAZZA DUCA DEGLI ABRUZZI,,PIAZZA DUCA DEGLI ABRUZZI,Castellazzo Bormida,Piemonte,006047,savoiaaosta_luigiamedeo,Luigi Amedeo di Savoia-Aosta,Duca degli Abruzzi,100.0,exact_alias,duca degli abruzzi,accepted_auto,Luigi Amedeo di Savoia-Aosta;Duca degli Abruzzi,economic_and_colonization,Somalia,1919-1933,"Prince, explorer and founder of the large agricultural settlement and company at Villaggio Duca degli Abruzzi in Italian Somalia.",https://www.treccani.it/enciclopedia/savoia-aosta-luigi-amedeo-giuseppe-maria-ferdinando-francesco-di-duca-degli-abruzzi_%28Dizionario-Biografico%29/,,False,verified_manual,93771
107907,C173,004051,VIA DUCA DEGLI ABRUZZI,,VIA DUCA DEGLI ABRUZZI,Castellinaldo d'Alba,Piemonte,004051,savoiaaosta_luigiamedeo,Luigi Amedeo di Savoia-Aosta,Duca degli Abruzzi,100.0,exact_alias,duca degli abruzzi,accepted_auto,Luigi Amedeo di Savoia-Aosta;Duca degli Abruzzi,economic_and_colonization,Somalia,1919-1933,"Prince, explorer and founder of the large agricultural settlement and company at Villaggio Duca degli Abruzzi in Italian Somalia.",https://www.treccani.it/enciclopedia/savoia-aosta-luigi-amedeo-giuseppe-maria-ferdinando-francesco-di-duca-degli-abruzzi_%28Dizionario-Biografico%29/,,False,verified_manual,93771
545803,C466,004061,VIA FRANCESCO CRISPI,,VIA FRANCESCO CRISPI,Centallo,Piemonte,004061,crispi_francesco,Francesco Crispi,Francesco Crispi,100.0,exact_canonical,francesco crispi,accepted_auto,Francesco Crispi,political_and_administration,Eritrea;Ethiopia;Somalia,1887-1896,Prime minister and a principal political promoter of Italian colonial expansion in the Horn of Africa; his policy culminated in the war ending at Adwa.,https://www.treccani.it/enciclopedia/francesco-crispi/,,False,verified_manual,93771
313153,C589,004066,PIAZZA GIUSEPPE GALLIANO,,PIAZZA GIUSEPPE GALLIANO,Ceva,Piemonte,004066,galliano_giuseppe,Giuseppe Galliano,Giuseppe Galliano,100.0,exact_canonical,giuseppe galliano,accepted_auto,Giuseppe Galliano;Galliano,military,Eritrea;Ethiopia,1880s-1890s,Italian officer active in the colonial campaigns in Eritrea and Ethiopia.,https://www.lastampa.it/torino/2023/03/22/news/nomi_vie_piazze_colonialismo-12713667/,,True,verified,93771
656079,C627,001078,VIA PADRE REGINALDO GIULIANI,,VIA PADRE REGINALDO GIULIANI,Chieri,Piemonte,001078,giuliani_reginaldo,Reginaldo Giuliani,Reginaldo Giuliani,100.0,exact_canonical,padre reginaldo giuliani,accepted_auto,Reginaldo Giuliani;Giuliani;Padre Reginaldo Giuliani,military_and_religious,Ethiopia,1935-1936,Dominican friar and volunteer military chaplain associated with the war against Ethiopia.,https://www.tandfonline.com/doi/full/10.1080/1369801X.2023.2222710,,False,verified,93771
656255,C639,001080,VIA PADRE REGINALDO GIULIANI,,VIA PADRE REGINALDO GIULIANI,Chiomonte,Piemonte,001080,giuliani_reginaldo,Reginaldo Giuliani,Reginaldo Giuliani,100.0,exact_canonical,padre reginaldo giuliani,accepted_auto,Reginaldo Giuliani;Giuliani;Padre Reginaldo Giuliani,military_and_religious,Ethiopia,1935-1936,Dominican friar and volunteer military chaplain associated with the war against Ethiopia.,https://www.tandfonline.com/doi/full/10.1080/1369801X.2023.2222710,,False,verified,93771
645739,C722,001086,VIA GENERALE PIETRO GAZZERA,,VIA GENERALE PIETRO GAZZERA,Ciriè,Piemonte,001086,gazzera_pietro,Pietro Gazzera,Pietro Gazzera,100.0,exact_canonical,generale pietro gazzera,accepted_auto,Pietro Gazzera,military_and_administration,Ethiopia,1938-1941,Governor and military commander of Galla-Sidama in Italian East Africa.,https://www.treccani.it/enciclopedia/pietro-gazzera_%28Dizionario-Biografico%29/,,False,verified_manual,93771
508885,C860,001090,VIA FRANCESCO CRISPI,,VIA FRANCESCO CRISPI,Collegno,Piemonte,001090,crispi_francesco,Francesco Crispi,Francesco Crispi,100.0,exact_canonical,francesco crispi,accepted_auto,Francesco Crispi,political_and_administration,Eritrea;Ethiopia;Somalia,1887-1896,Prime minister and a principal political promoter of Italian colonial expansion in the Horn of Africa; his policy culminated in the war ending at Adwa.,https://www.treccani.it/enciclopedia/francesco-crispi/,,False,verified_manual,93771
301381,D092,001095,VICOLO TOSELLI,,VICOLO TOSELLI,Cossano Canavese,Piemonte,001095,toselli_pietro,Pietro Toselli,Toselli,100.0,exact_surname,toselli,needs_review,Pietro Toselli;Toselli;Maggiore Toselli,military,Eritrea;Ethiopia,1890s,Italian officer in the colonial campaigns in the Horn of Africa; killed at Amba Alagi in 1895.,https://www.tandfonline.com/doi/full/10.1080/1369801X.2023.2222710,,True,verified,93771
200084,D172,004077,PIAZZA DUCA DEGLI ABRUZZI,,PIAZZA DUCA DEGLI ABRUZZI,Crissolo,Piemonte,004077,savoiaaosta_luigiamedeo,Luigi Amedeo di Savoia-Aosta,Duca degli Abruzzi,100.0,exact_alias,duca degli abruzzi,accepted_auto,Luigi Amedeo di Savoia-Aosta;Duca degli Abruzzi,economic_and_colonization,Somalia,1919-1933,"Prince, explorer and founder of the large agricultural settlement and company at Villaggio Duca degli Abruzzi in Italian Somalia.",https://www.treccani.it/enciclopedia/savoia-aosta-luigi-amedeo-giuseppe-maria-ferdinando-francesco-di-duca-degli-abruzzi_%28Dizionario-Biografico%29/,,False,verified_manual,93771
374353,D646,001106,VIA GALLIANO,,VIA GALLIANO,Foglizzo,Piemonte,001106,galliano_giuseppe,Giuseppe Galliano,Galliano,100.0,exact_surname,galliano,needs_review,Giuseppe Galliano;Galliano,military,Eritrea;Ethiopia,1880s-1890s,Italian officer active in the colonial campaigns in Eritrea and Ethiopia.,https://www.lastampa.it/torino/2023/03/22/news/nomi_vie_piazze_colonialismo-12713667/,,True,verified,93771
374387,D646,001106,VIA TOSELLI,,VIA TOSELLI,Foglizzo,Piemonte,001106,toselli_pietro,Pietro Toselli,Toselli,100.0,exact_surname,toselli,needs_review,Pietro Toselli;Toselli;Maggiore Toselli,military,Eritrea;Ethiopia,1890s,Italian officer in the colonial campaigns in the Horn of Africa; killed at Amba Alagi in 1895.,https://www.tandfonline.com/doi/full/10.1080/1369801X.2023.2222710,,True,verified,93771
200671,D797,006074,VICOLO TOSELLI,,VICOLO TOSELLI,Fresonara,Piemonte,006074,toselli_pietro,Pietro Toselli,Toselli,100.0,exact_surname,toselli,needs_review,Pietro Toselli;Toselli;Maggiore Toselli,military,Eritrea;Ethiopia,1890s,Italian officer in the colonial campaigns in the Horn of Africa; killed at Amba Alagi in 1895.,https://www.tandfonline.com/doi/full/10.1080/1369801X.2023.2222710,,True,verified,93771
120754,D848,096026,VIA GIUSEPPE GALLIANO,,VIA GIUSEPPE GALLIANO,Gaglianico,Piemonte,096026,galliano_giuseppe,Giuseppe Galliano,Giuseppe Galliano,100.0,exact_canonical,giuseppe galliano,accepted_auto,Giuseppe Galliano;Galliano,military,Eritrea;Ethiopia,1880s-1890s,Italian officer active in the colonial campaigns in Eritrea and Ethiopia.,https://www.lastampa.it/torino/2023/03/22/news/nomi_vie_piazze_colonialismo-12713667/,,True,verified,93771
279258,E159,005057,VIA PIETRO BADOGLIO,,VIA PIETRO BADOGLIO,Grazzano Badoglio,Piemonte,005057,badoglio_pietro,Pietro Badoglio,Pietro Badoglio,100.0,exact_canonical,pietro badoglio,accepted_auto,Pietro Badoglio;Badoglio;Maresciallo Badoglio,military_and_administration,Libya;Ethiopia,1929-1936,Governor of Libya and later senior commander/high commissioner during the invasion of Ethiopia.,https://www.treccani.it/enciclopedia/pietro-badoglio/,,True,verified,93771
680734,E199,001118,VIA GALLIANO,,VIA GALLIANO,Groscavallo,Piemonte,001118,galliano_giuseppe,Giuseppe Galliano,Galliano,100.0,exact_surname,galliano,needs_review,Giuseppe Galliano;Galliano,military,Eritrea;Ethiopia,1880s-1890s,Italian officer active in the colonial campaigns in Eritrea and Ethiopia.,https://www.lastampa.it/torino/2023/03/22/news/nomi_vie_piazze_colonialismo-12713667/,,True,verified,93771
680728,E199,001118,VIA TOSELLI,,VIA TOSELLI,Groscavallo,Piemonte,001118,toselli_pietro,Pietro Toselli,Toselli,100.0,exact_surname,toselli,needs_review,Pietro Toselli;Toselli;Maggiore Toselli,military,Eritrea;Ethiopia,1890s,Italian officer in the colonial campaigns in the Horn of Africa; killed at Amba Alagi in 1895.,https://www.tandfonline.com/doi/full/10.1080/1369801X.2023.2222710,,True,verified,93771
686712,E597,004110,VIA TOSELLI,,VIA TOSELLI,Limone Piemonte,Piemonte,004110,toselli_pietro,Pietro Toselli,Toselli,100.0,exact_surname,toselli,needs_review,Pietro Toselli;Toselli;Maggiore Toselli,military,Eritrea;Ethiopia,1890s,Italian officer in the colonial campaigns in the Horn of Africa; killed at Amba Alagi in 1895.,https://www.tandfonline.com/doi/full/10.1080/1369801X.2023.2222710,,True,verified,93771
114832,E973,004120,VIA GIUSEPPE GALLIANO,,VIA GIUSEPPE GALLIANO,Marsaglia,Piemonte,004120,galliano_giuseppe,Giuseppe Galliano,Giuseppe Galliano,100.0,exact_canonical,giuseppe galliano,accepted_auto,Giuseppe Galliano;Galliano,military,Eritrea;Ethiopia,1880s-1890s,Italian officer active in the colonial campaigns in Eritrea and Ethiopia.,https://www.lastampa.it/torino/2023/03/22/news/nomi_vie_piazze_colonialismo-12713667/,,True,verified,93771
193895,F309,004124,VIA GIUSEPPE GALLIANO,,VIA GIUSEPPE GALLIANO,Mombarcaro,Piemonte,004124,galliano_giuseppe,Giuseppe Galliano,Giuseppe Galliano,100.0,exact_canonical,giuseppe galliano,accepted_auto,Giuseppe Galliano;Galliano,military,Eritrea;Ethiopia,1880s-1890s,Italian officer active in the colonial campaigns in Eritrea and Ethiopia.,https://www.lastampa.it/torino/2023/03/22/news/nomi_vie_piazze_colonialismo-12713667/,,True,verified,93771
663294,F351,004130,VIA GIUSEPPE GALLIANO,,VIA GIUSEPPE GALLIANO,Mondovì,Piemonte,004130,galliano_giuseppe,Giuseppe Galliano,Giuseppe Galliano,100.0,exact_canonical,giuseppe galliano,accepted_auto,Giuseppe Galliano;Galliano,military,Eritrea;Ethiopia,1880s-1890s,Italian officer active in the colonial campaigns in Eritrea and Ethiopia.,https://www.lastampa.it/torino/2023/03/22/news/nomi_vie_piazze_colonialismo-12713667/,,True,verified,93771
470899,F355,004131,VIA GIUSEPPE GALLIANO,,VIA GIUSEPPE GALLIANO,Monesiglio,Piemonte,004131,galliano_giuseppe,Giuseppe Galliano,Giuseppe Galliano,100.0,exact_canonical,giuseppe galliano,accepted_auto,Giuseppe Galliano;Galliano,military,Eritrea;Ethiopia,1880s-1890s,Italian officer active in the colonial campaigns in Eritrea and Ethiopia.,https://www.lastampa.it/torino/2023/03/22/news/nomi_vie_piazze_colonialismo-12713667/,,True,verified,93771
635248,F654,004140,VIA FRANCESCO CRISPI,,VIA FRANCESCO CRISPI,Monteu Roero,Piemonte,004140,crispi_francesco,Francesco Crispi,Francesco Crispi,100.0,exact_canonical,francesco crispi,accepted_auto,Francesco Crispi,political_and_administration,Eritrea;Ethiopia;Somalia,1887-1896,Prime minister and a principal political promoter of Italian colonial expansion in the Horn of Africa; his policy culminated in the war ending at Adwa.,https://www.treccani.it/enciclopedia/francesco-crispi/,,False,verified_manual,93771
590457,F965,006114,VIA FRANCESCO CRISPI,,VIA FRANCESCO CRISPI,Novi Ligure,Piemonte,006114,crispi_francesco,Francesco Crispi,Francesco Crispi,100.0,exact_canonical,francesco crispi,accepted_auto,Francesco Crispi,political_and_administration,Eritrea;Ethiopia;Somalia,1887-1896,Prime minister and a principal political promoter of Italian colonial expansion in the Horn of Africa; his policy culminated in the war ending at Adwa.,https://www.treccani.it/enciclopedia/francesco-crispi/,,False,verified_manual,93771
389932,G521,096042,VIA DUCA DEGLI ABRUZZI,,VIA DUCA DEGLI ABRUZZI,Pettinengo,Piemonte,096042,savoiaaosta_luigiamedeo,Luigi Amedeo di Savoia-Aosta,Duca degli Abruzzi,100.0,exact_alias,duca degli abruzzi,accepted_auto,Luigi Amedeo di Savoia-Aosta;Duca degli Abruzzi,economic_and_colonization,Somalia,1919-1933,"Prince, explorer and founder of the large agricultural settlement and company at Villaggio Duca degli Abruzzi in Italian Somalia.",https://www.treccani.it/enciclopedia/savoia-aosta-luigi-amedeo-giuseppe-maria-ferdinando-francesco-di-duca-degli-abruzzi_%28Dizionario-Biografico%29/,,False,verified_manual,93771
597690,G526,004163,PIAZZA PIETRO TOSELLI,,PIAZZA PIETRO TOSELLI,Peveragno,Piemonte,004163,toselli_pietro,Pietro Toselli,Pietro Toselli,100.0,exact_canonical,pietro toselli,accepted_auto,Pietro Toselli;Toselli;Maggiore Toselli,military,Eritrea;Ethiopia,1890s,Italian officer in the colonial campaigns in the Horn of Africa; killed at Amba Alagi in 1895.,https://www.tandfonline.com/doi/full/10.1080/1369801X.2023.2222710,,True,verified,93771
378108,G674,001191,VIA DUCA DEGLI ABRUZZI,,VIA DUCA DEGLI ABRUZZI,Pinerolo,Piemonte,001191,savoiaaosta_luigiamedeo,Luigi Amedeo di Savoia-Aosta,Duca degli Abruzzi,100.0,exact_alias,duca degli abruzzi,accepted_auto,Luigi Amedeo di Savoia-Aosta;Duca degli Abruzzi,economic_and_colonization,Somalia,1919-1933,"Prince, explorer and founder of the large agricultural settlement and company at Villaggio Duca degli Abruzzi in Italian Somalia.",https://www.treccani.it/enciclopedia/savoia-aosta-luigi-amedeo-giuseppe-maria-ferdinando-francesco-di-duca-degli-abruzzi_%28Dizionario-Biografico%29/,,False,verified_manual,93771
108375,G697,004169,VIA FRANCESCO CRISPI,,VIA FRANCESCO CRISPI,Piozzo,Piemonte,004169,crispi_francesco,Francesco Crispi,Francesco Crispi,100.0,exact_canonical,francesco crispi,accepted_auto,Francesco Crispi,political_and_administration,Eritrea;Ethiopia;Somalia,1887-1896,Prime minister and a principal political promoter of Italian colonial expansion in the Horn of Africa; his policy culminated in the war ending at Adwa.,https://www.treccani.it/enciclopedia/francesco-crispi/,,False,verified_manual,93771
358765,H395,004189,VIA DUCA DEGLI ABRUZZI,,VIA DUCA DEGLI ABRUZZI,Rocca de' Baldi,Piemonte,004189,savoiaaosta_luigiamedeo,Luigi Amedeo di Savoia-Aosta,Duca degli Abruzzi,100.0,exact_alias,duca degli abruzzi,accepted_auto,Luigi Amedeo di Savoia-Aosta;Duca degli Abruzzi,economic_and_colonization,Somalia,1919-1933,"Prince, explorer and founder of the large agricultural settlement and company at Villaggio Duca degli Abruzzi in Italian Somalia.",https://www.treccani.it/enciclopedia/savoia-aosta-luigi-amedeo-giuseppe-maria-ferdinando-francesco-di-duca-degli-abruzzi_%28Dizionario-Biografico%29/,,False,verified_manual,93771
196126,H716,004202,VICOLO BALBO,,VICOLO BALBO,Salmour,Piemonte,004202,balbo_italo,Italo Balbo,Balbo,100.0,exact_surname,balbo,needs_review,Italo Balbo;Balbo,political_and_administration,Libya,1934-1940,Governor-General of Italian Libya from 1934 to 1940.,https://www.treccani.it/enciclopedia/italo-balbo/,,True,verified,93771
487288,H873,001243,VIA VITTORIO BOTTEGO,,VIA VITTORIO BOTTEGO,San Gillio,Piemonte,001243,bottego_vittorio,Vittorio Bottego,Vittorio Bottego,100.0,exact_canonical,vittorio bottego,accepted_auto,Vittorio Bottego,exploration_geography,Somalia;Ethiopia;Eritrea,1887-1897,Army officer and explorer whose expeditions in the Horn of Africa were closely connected with Italian territorial ambitions in Somalia and Ethiopia.,https://www.treccani.it/enciclopedia/vittorio-bottego_%28Dizionario-Biografico%29/,,False,verified_manual,93771
328397,I337,002133,VIA VITTORIO BOTTEGO,,VIA VITTORIO BOTTEGO,Santhià,Piemonte,002133,bottego_vittorio,Vittorio Bottego,Vittorio Bottego,100.0,exact_canonical,vittorio bottego,accepted_auto,Vittorio Bottego,exploration_geography,Somalia;Ethiopia;Eritrea,1887-1897,Army officer and explorer whose expeditions in the Horn of Africa were closely connected with Italian territorial ambitions in Somalia and Ethiopia.,https://www.treccani.it/enciclopedia/vittorio-bottego_%28Dizionario-Biografico%29/,,False,verified_manual,93771
461654,I701,001264,VIA GALLIANO,,VIA GALLIANO,Settimo Rottaro,Piemonte,001264,galliano_giuseppe,Giuseppe Galliano,Galliano,100.0,exact_surname,galliano,needs_review,Giuseppe Galliano;Galliano,military,Eritrea;Ethiopia,1880s-1890s,Italian officer active in the colonial campaigns in Eritrea and Ethiopia.,https://www.lastampa.it/torino/2023/03/22/news/nomi_vie_piazze_colonialismo-12713667/,,True,verified,93771
314259,I703,001265,VIA FRANCESCO CRISPI,,VIA FRANCESCO CRISPI,Settimo Torinese,Piemonte,001265,crispi_francesco,Francesco Crispi,Francesco Crispi,100.0,exact_canonical,francesco crispi,accepted_auto,Francesco Crispi,political_and_administration,Eritrea;Ethiopia;Somalia,1887-1896,Prime minister and a principal political promoter of Italian colonial expansion in the Horn of Africa; his policy culminated in the war ending at Adwa.,https://www.treccani.it/enciclopedia/francesco-crispi/,,False,verified_manual,93771
631074,I822,004222,VICOLO GALLIANO,,VICOLO GALLIANO,Sommariva del Bosco,Piemonte,004222,galliano_giuseppe,Giuseppe Galliano,Galliano,100.0,exact_surname,galliano,needs_review,Giuseppe Galliano;Galliano,military,Eritrea;Ethiopia,1880s-1890s,Italian officer active in the colonial campaigns in Eritrea and Ethiopia.,https://www.lastampa.it/torino/2023/03/22/news/nomi_vie_piazze_colonialismo-12713667/,,True,verified,93771
631156,I822,004222,VICOLO TOSELLI,,VICOLO TOSELLI,Sommariva del Bosco,Piemonte,004222,toselli_pietro,Pietro Toselli,Toselli,100.0,exact_surname,toselli,needs_review,Pietro Toselli;Toselli;Maggiore Toselli,military,Eritrea;Ethiopia,1890s,Italian officer in the colonial campaigns in the Horn of Africa; killed at Amba Alagi in 1895.,https://www.tandfonline.com/doi/full/10.1080/1369801X.2023.2222710,,True,verified,93771
692406,I970,001269,CORSO DUCA DEGLI ABRUZZI,,CORSO DUCA DEGLI ABRUZZI,Strambino,Piemonte,001269,savoiaaosta_luigiamedeo,Luigi Amedeo di Savoia-Aosta,Duca degli Abruzzi,100.0,exact_alias,duca degli abruzzi,accepted_auto,Luigi Amedeo di Savoia-Aosta;Duca degli Abruzzi,economic_and_colonization,Somalia,1919-1933,"Prince, explorer and founder of the large agricultural settlement and company at Villaggio Duca degli Abruzzi in Italian Somalia.",https://www.treccani.it/enciclopedia/savoia-aosta-luigi-amedeo-giuseppe-maria-ferdinando-francesco-di-duca-degli-abruzzi_%28Dizionario-Biografico%29/,,False,verified_manual,93771
315358,L219,001272,CORSO DUCA DEGLI ABRUZZI,,CORSO DUCA DEGLI ABRUZZI,Torino,Piemonte,001272,savoiaaosta_luigiamedeo,Luigi Amedeo di Savoia-Aosta,Duca degli Abruzzi,100.0,exact_alias,duca degli abruzzi,accepted_auto,Luigi Amedeo di Savoia-Aosta;Duca degli Abruzzi,economic_and_colonization,Somalia,1919-1933,"Prince, explorer and founder of the large agricultural settlement and company at Villaggio Duca degli Abruzzi in Italian Somalia.",https://www.treccani.it/enciclopedia/savoia-aosta-luigi-amedeo-giuseppe-maria-ferdinando-francesco-di-duca-degli-abruzzi_%28Dizionario-Biografico%29/,,False,verified_manual,93771
314613,L219,001272,PIAZZA GENERALE ANTONIO BALDISSERA,,PIAZZA GENERALE ANTONIO BALDISSERA,Torino,Piemonte,001272,baldissera_antonio,Antonio Baldissera,Antonio Baldissera,100.0,exact_canonical,generale antonio baldissera,accepted_auto,Antonio Baldissera;Baldissera,military_and_administration,Eritrea;Ethiopia,1880s-1890s,General associated with the occupation and military administration of Eritrea.,https://www.tandfonline.com/doi/full/10.1080/1369801X.2023.2222710,,True,verified,93771
307429,L356,003149,VIA BALBO,,VIA BALBO,Trecate,Piemonte,003149,balbo_italo,Italo Balbo,Balbo,100.0,exact_surname,balbo,needs_review,Italo Balbo;Balbo,political_and_administration,Libya,1934-1940,Governor-General of Italian Libya from 1934 to 1940.,https://www.treccani.it/enciclopedia/italo-balbo/,,True,verified,93771
386431,L445,001280,VIA DUCA DEGLI ABRUZZI,,VIA DUCA DEGLI ABRUZZI,Trofarello,Piemonte,001280,savoiaaosta_luigiamedeo,Luigi Amedeo di Savoia-Aosta,Duca degli Abruzzi,100.0,exact_alias,duca degli abruzzi,accepted_auto,Luigi Amedeo di Savoia-Aosta;Duca degli Abruzzi,economic_and_colonization,Somalia,1919-1933,"Prince, explorer and founder of the large agricultural settlement and company at Villaggio Duca degli Abruzzi in Italian Somalia.",https://www.treccani.it/enciclopedia/savoia-aosta-luigi-amedeo-giuseppe-maria-ferdinando-francesco-di-duca-degli-abruzzi_%28Dizionario-Biografico%29/,,False,verified_manual,93771
371189,L750,002158,CORSO DUCA DEGLI ABRUZZI,,CORSO DUCA DEGLI ABRUZZI,Vercelli,Piemonte,002158,savoiaaosta_luigiamedeo,Luigi Amedeo di Savoia-Aosta,Duca degli Abruzzi,100.0,exact_alias,duca degli abruzzi,accepted_auto,Luigi Amedeo di Savoia-Aosta;Duca degli Abruzzi,economic_and_colonization,Somalia,1919-1933,"Prince, explorer and founder of the large agricultural settlement and company at Villaggio Duca degli Abruzzi in Italian Somalia.",https://www.treccani.it/enciclopedia/savoia-aosta-luigi-amedeo-giuseppe-maria-ferdinando-francesco-di-duca-degli-abruzzi_%28Dizionario-Biografico%29/,,False,verified_manual,93771
371241,L750,002158,VIA FRANCESCO CRISPI,,VIA FRANCESCO CRISPI,Vercelli,Piemonte,002158,crispi_francesco,Francesco Crispi,Francesco Crispi,100.0,exact_canonical,francesco crispi,accepted_auto,Francesco Crispi,political_and_administration,Eritrea;Ethiopia;Somalia,1887-1896,Prime minister and a principal political promoter of Italian colonial expansion in the Horn of Africa; his policy culminated in the war ending at Adwa.,https://www.treccani.it/enciclopedia/francesco-crispi/,,False,verified_manual,93771
502648,L779,001293,VIA FRANCESCO CRISPI,,VIA FRANCESCO CRISPI,Verolengo,Piemonte,001293,crispi_francesco,Francesco Crispi,Francesco Crispi,100.0,exact_canonical,francesco crispi,accepted_auto,Francesco Crispi,political_and_administration,Eritrea;Ethiopia;Somalia,1887-1896,Prime minister and a principal political promoter of Italian colonial expansion in the Horn of Africa; his policy culminated in the war ending at Adwa.,https://www.treccani.it/enciclopedia/francesco-crispi/,,False,verified_manual,93771
692505,L841,004242,VIA GALLIANO,,VIA GALLIANO,Vicoforte,Piemonte,004242,galliano_giuseppe,Giuseppe Galliano,Galliano,100.0,exact_surname,galliano,needs_review,Giuseppe Galliano;Galliano,military,Eritrea;Ethiopia,1880s-1890s,Italian officer active in the colonial campaigns in Eritrea and Ethiopia.,https://www.lastampa.it/torino/2023/03/22/news/nomi_vie_piazze_colonialismo-12713667/,,True,verified,93771
285925,L948,001300,VIA GALLIANO,,VIA GALLIANO,Villafranca Piemonte,Piemonte,001300,galliano_giuseppe,Giuseppe Galliano,Galliano,100.0,exact_surname,galliano,needs_review,Giuseppe Galliano;Galliano,military,Eritrea;Ethiopia,1880s-1890s,Italian officer active in the colonial campaigns in Eritrea and Ethiopia.,https://www.lastampa.it/torino/2023/03/22/news/nomi_vie_piazze_colonialismo-12713667/,,True,verified,93771
205905,M062,003164,VIA DUCA DEGLI ABRUZZI,,VIA DUCA DEGLI ABRUZZI,Vinzaglio,Piemonte,003164,savoiaaosta_luigiamedeo,Luigi Amedeo di Savoia-Aosta,Duca degli Abruzzi,100.0,exact_alias,duca degli abruzzi,accepted_auto,Luigi Amedeo di Savoia-Aosta;Duca degli Abruzzi,economic_and_colonization,Somalia,1919-1933,"Prince, explorer and founder of the large agricultural settlement and company at Villaggio Duca degli Abruzzi in Italian Somalia.",https://www.treccani.it/enciclopedia/savoia-aosta-luigi-amedeo-giuseppe-maria-ferdinando-francesco-di-duca-degli-abruzzi_%28Dizionario-Biografico%29/,,False,verified_manual,93771
413974,M080,001312,VICOLO GALLIANO,,VICOLO GALLIANO,Vistrorio,Piemonte,001312,galliano_giuseppe,Giuseppe Galliano,Galliano,100.0,exact_surname,galliano,needs_review,Giuseppe Galliano;Galliano,military,Eritrea;Ethiopia,1880s-1890s,Italian officer active in the colonial campaigns in Eritrea and Ethiopia.,https://www.lastampa.it/torino/2023/03/22/news/nomi_vie_piazze_colonialismo-12713667/,,True,verified,93771
413993,M080,001312,VICOLO TOSELLI,,VICOLO TOSELLI,Vistrorio,Piemonte,001312,toselli_pietro,Pietro Toselli,Toselli,100.0,exact_surname,toselli,needs_review,Pietro Toselli;Toselli;Maggiore Toselli,military,Eritrea;Ethiopia,1890s,Italian officer in the colonial campaigns in the Horn of Africa; killed at Amba Alagi in 1895.,https://www.tandfonline.com/doi/full/10.1080/1369801X.2023.2222710,,True,verified,93771
1166602,A149,072003,VIA DUCA DEGLI ABRUZZI,,VIA DUCA DEGLI ABRUZZI,Alberobello,Puglia,072003,savoiaaosta_luigiamedeo,Luigi Amedeo di Savoia-Aosta,Duca degli Abruzzi,100.0,exact_alias,duca degli abruzzi,accepted_auto,Luigi Amedeo di Savoia-Aosta;Duca degli Abruzzi,economic_and_colonization,Somalia,1919-1933,"Prince, explorer and founder of the large agricultural settlement and company at Villaggio Duca degli Abruzzi in Italian Somalia.",https://www.treccani.it/enciclopedia/savoia-aosta-luigi-amedeo-giuseppe-maria-ferdinando-francesco-di-duca-degli-abruzzi_%28Dizionario-Biografico%29/,,False,verified_manual,89981
1202435,A150,071002,VIA FRANCESCO CRISPI,,VIA FRANCESCO CRISPI,Alberona,Puglia,071002,crispi_francesco,Francesco Crispi,Francesco Crispi,100.0,exact_canonical,francesco crispi,accepted_auto,Francesco Crispi,political_and_administration,Eritrea;Ethiopia;Somalia,1887-1896,Prime minister and a principal political promoter of Italian colonial expansion in the Horn of Africa; his policy culminated in the war ending at Adwa.,https://www.treccani.it/enciclopedia/francesco-crispi/,,False,verified_manual,89981
1062877,A184,075002,VIA FRACESCO CRISPI,,VIA FRACESCO CRISPI,Alessano,Puglia,075002,crispi_francesco,Francesco Crispi,Francesco Crispi,96.7741935483871,fuzzy_full_or_alias,fracesco crispi,needs_review,Francesco Crispi,political_and_administration,Eritrea;Ethiopia;Somalia,1887-1896,Prime minister and a principal political promoter of Italian colonial expansion in the Horn of Africa; his policy culminated in the war ending at Adwa.,https://www.treccani.it/enciclopedia/francesco-crispi/,,False,verified_manual,89981
1168861,A185,075003,VIA FRANCESCO CRISPI,,VIA FRANCESCO CRISPI,Alezio,Puglia,075003,crispi_francesco,Francesco Crispi,Francesco Crispi,100.0,exact_canonical,francesco crispi,accepted_auto,Francesco Crispi,political_and_administration,Eritrea;Ethiopia;Somalia,1887-1896,Prime minister and a principal political promoter of Italian colonial expansion in the Horn of Africa; his policy culminated in the war ending at Adwa.,https://www.treccani.it/enciclopedia/francesco-crispi/,,False,verified_manual,89981
1108633,A208,075004,VIA GENERALE GALLIANO,,VIA GENERALE GALLIANO,Alliste,Puglia,075004,galliano_giuseppe,Giuseppe Galliano,Galliano,100.0,exact_surname,generale galliano,needs_review,Giuseppe Galliano;Galliano,military,Eritrea;Ethiopia,1880s-1890s,Italian officer active in the colonial campaigns in Eritrea and Ethiopia.,https://www.lastampa.it/torino/2023/03/22/news/nomi_vie_piazze_colonialismo-12713667/,,True,verified,89981
1108759,A208,075004,VIA MAGGIORE PIETRO TOSELLI,,VIA MAGGIORE PIETRO TOSELLI,Alliste,Puglia,075004,toselli_pietro,Pietro Toselli,Pietro Toselli,100.0,exact_canonical,maggiore pietro toselli,accepted_auto,Pietro Toselli;Toselli;Maggiore Toselli,military,Eritrea;Ethiopia,1890s,Italian officer in the colonial campaigns in the Horn of Africa; killed at Amba Alagi in 1895.,https://www.tandfonline.com/doi/full/10.1080/1369801X.2023.2222710,,True,verified,89981
1348873,A208,075004,VIA PIETRO BADOGLIO,,VIA PIETRO BADOGLIO,Alliste,Puglia,075004,badoglio_pietro,Pietro Badoglio,Pietro Badoglio,100.0,exact_canonical,pietro badoglio,accepted_auto,Pietro Badoglio;Badoglio;Maresciallo Badoglio,military_and_administration,Libya;Ethiopia,1929-1936,Governor of Libya and later senior commander/high commissioner during the invasion of Ethiopia.,https://www.treccani.it/enciclopedia/pietro-badoglio/,,True,verified,89981
837266,A225,072004,VIA FRANCESCO CRISPI,,VIA FRANCESCO CRISPI,Altamura,Puglia,072004,crispi_francesco,Francesco Crispi,Francesco Crispi,100.0,exact_canonical,francesco crispi,accepted_auto,Francesco Crispi,political_and_administration,Eritrea;Ethiopia;Somalia,1887-1896,Prime minister and a principal political promoter of Italian colonial expansion in the Horn of Africa; his policy culminated in the war ending at Adwa.,https://www.treccani.it/enciclopedia/francesco-crispi/,,False,verified_manual,89981
837316,A225,072004,VIA GENERALE GIUSEPPE GALLIANO,,VIA GENERALE GIUSEPPE GALLIANO,Altamura,Puglia,072004,galliano_giuseppe,Giuseppe Galliano,Giuseppe Galliano,100.0,exact_canonical,generale giuseppe galliano,accepted_auto,Giuseppe Galliano;Galliano,military,Eritrea;Ethiopia,1880s-1890s,Italian officer active in the colonial campaigns in Eritrea and Ethiopia.,https://www.lastampa.it/torino/2023/03/22/news/nomi_vie_piazze_colonialismo-12713667/,,True,verified,89981
1005327,A281,075005,VIA DUCA DEGLI ABRUZZI,,VIA DUCA DEGLI ABRUZZI,Andrano,Puglia,075005,savoiaaosta_luigiamedeo,Luigi Amedeo di Savoia-Aosta,Duca degli Abruzzi,100.0,exact_alias,duca degli abruzzi,accepted_auto,Luigi Amedeo di Savoia-Aosta;Duca degli Abruzzi,economic_and_colonization,Somalia,1919-1933,"Prince, explorer and founder of the large agricultural settlement and company at Villaggio Duca degli Abruzzi in Italian Somalia.",https://www.treccani.it/enciclopedia/savoia-aosta-luigi-amedeo-giuseppe-maria-ferdinando-francesco-di-duca-degli-abruzzi_%28Dizionario-Biografico%29/,,False,verified_manual,89981
1005334,A281,075005,VIA FRANCESCO CRISPI,,VIA FRANCESCO CRISPI,Andrano,Puglia,075005,crispi_francesco,Francesco Crispi,Francesco Crispi,100.0,exact_canonical,francesco crispi,accepted_auto,Francesco Crispi,political_and_administration,Eritrea;Ethiopia;Somalia,1887-1896,Prime minister and a principal political promoter of Italian colonial expansion in the Horn of Africa; his policy culminated in the war ending at Adwa.,https://www.treccani.it/enciclopedia/francesco-crispi/,,False,verified_manual,89981
1005293,A281,075005,VIA VITTORIO BOTTEGO,,VIA VITTORIO BOTTEGO,Andrano,Puglia,075005,bottego_vittorio,Vittorio Bottego,Vittorio Bottego,100.0,exact_canonical,vittorio bottego,accepted_auto,Vittorio Bottego,exploration_geography,Somalia;Ethiopia;Eritrea,1887-1897,Army officer and explorer whose expeditions in the Horn of Africa were closely connected with Italian territorial ambitions in Somalia and Ethiopia.,https://www.treccani.it/enciclopedia/vittorio-bottego_%28Dizionario-Biografico%29/,,False,verified_manual,89981
847670,A285,110001,VIA ANTONIO BALDISSERA,,VIA ANTONIO BALDISSERA,Andria,Puglia,110001,baldissera_antonio,Antonio Baldissera,Antonio Baldissera,100.0,exact_canonical,antonio baldissera,accepted_auto,Antonio Baldissera;Baldissera,military_and_administration,Eritrea;Ethiopia,1880s-1890s,General associated with the occupation and military administration of Eritrea.,https://www.tandfonline.com/doi/full/10.1080/1369801X.2023.2222710,,True,verified,89981
847796,A285,110001,VIA CARLO CANEVA,,VIA CARLO CANEVA,Andria,Puglia,110001,caneva_carlo,Carlo Caneva,Carlo Caneva,100.0,exact_canonical,carlo caneva,accepted_auto,Carlo Caneva,military,Libya,1911-1912,Commander of the Italian expeditionary force during the invasion of Ottoman Libya in the Italo-Turkish War.,https://it.wikipedia.org/wiki/Carlo_Caneva,,False,verified_manual,89981
847934,A285,110001,VIA DUCA DEGLI ABRUZZI,,VIA DUCA DEGLI ABRUZZI,Andria,Puglia,110001,savoiaaosta_luigiamedeo,Luigi Amedeo di Savoia-Aosta,Duca degli Abruzzi,100.0,exact_alias,duca degli abruzzi,accepted_auto,Luigi Amedeo di Savoia-Aosta;Duca degli Abruzzi,economic_and_colonization,Somalia,1919-1933,"Prince, explorer and founder of the large agricultural settlement and company at Villaggio Duca degli Abruzzi in Italian Somalia.",https://www.treccani.it/enciclopedia/savoia-aosta-luigi-amedeo-giuseppe-maria-ferdinando-francesco-di-duca-degli-abruzzi_%28Dizionario-Biografico%29/,,False,verified_manual,89981
848094,A285,110001,VIA GIUSEPPE GALLIANO,,VIA GIUSEPPE GALLIANO,Andria,Puglia,110001,galliano_giuseppe,Giuseppe Galliano,Giuseppe Galliano,100.0,exact_canonical,giuseppe galliano,accepted_auto,Giuseppe Galliano;Galliano,military,Eritrea;Ethiopia,1880s-1890s,Italian officer active in the colonial campaigns in Eritrea and Ethiopia.,https://www.lastampa.it/torino/2023/03/22/news/nomi_vie_piazze_colonialismo-12713667/,,True,verified,89981
848103,A285,110001,VIA GIUSEPPE SAPETO,,VIA GIUSEPPE SAPETO,Andria,Puglia,110001,sapeto_giuseppe,Giuseppe Sapeto,Giuseppe Sapeto,100.0,exact_canonical,giuseppe sapeto,accepted_auto,Giuseppe Sapeto,exploration_geography,Eritrea,1869-1881,"Explorer, orientalist and government agent who negotiated the purchase of Assab for the Rubattino company, a foundational step in Italian colonial expansion in the Red Sea.",https://www.treccani.it/enciclopedia/giuseppe-sapeto_%28Dizionario-Biografico%29/,Q168017,False,verified_manual,89981
847668,A285,110001,VIA ORAZIO ANTINORI,,VIA ORAZIO ANTINORI,Andria,Puglia,110001,antinori_orazio,Orazio Antinori,Orazio Antinori,100.0,exact_canonical,orazio antinori,accepted_auto,Orazio Antinori,exploration_geography,Ethiopia;Eritrea,1870s-1882,Explorer and naturalist whose Ethiopian expeditions and diplomatic role helped establish early Italian political influence in Shoa.,https://www.treccani.it/enciclopedia/orazio-antinori_%28Enciclopedia-Italiana%29/,,False,verified_manual,89981
848394,A285,110001,VIA ORESTE BARATIERI,,VIA ORESTE BARATIERI,Andria,Puglia,110001,baratieri_oreste,Oreste Baratieri,Oreste Baratieri,100.0,exact_canonical,oreste baratieri,accepted_auto,Oreste Baratieri;Baratieri,military_and_administration,Eritrea;Ethiopia,1887-1896,Commander of Italian forces in East Africa and governor of Eritrea; led the 1895-1896 campaign ending at Adwa.,https://www.treccani.it/enciclopedia/oreste-baratieri/,,True,verified,89981
848089,A285,110001,VIA PADRE REGINALDO GIULIANI,,VIA PADRE REGINALDO GIULIANI,Andria,Puglia,110001,giuliani_reginaldo,Reginaldo Giuliani,Reginaldo Giuliani,100.0,exact_canonical,padre reginaldo giuliani,accepted_auto,Reginaldo Giuliani;Giuliani;Padre Reginaldo Giuliani,military_and_religious,Ethiopia,1935-1936,Dominican friar and volunteer military chaplain associated with the war against Ethiopia.,https://www.tandfonline.com/doi/full/10.1080/1369801X.2023.2222710,,False,verified,89981
848445,A285,110001,VIA PIETRO TOSELLI,,VIA PIETRO TOSELLI,Andria,Puglia,110001,toselli_pietro,Pietro Toselli,Pietro Toselli,100.0,exact_canonical,pietro toselli,accepted_auto,Pietro Toselli;Toselli;Maggiore Toselli,military,Eritrea;Ethiopia,1890s,Italian officer in the colonial campaigns in the Horn of Africa; killed at Amba Alagi in 1895.,https://www.tandfonline.com/doi/full/10.1080/1369801X.2023.2222710,,True,verified,89981
847763,A285,110001,VIA VITTORIO BOTTEGO,,VIA VITTORIO BOTTEGO,Andria,Puglia,110001,bottego_vittorio,Vittorio Bottego,Vittorio Bottego,100.0,exact_canonical,vittorio bottego,accepted_auto,Vittorio Bottego,exploration_geography,Somalia;Ethiopia;Eritrea,1887-1897,Army officer and explorer whose expeditions in the Horn of Africa were closely connected with Italian territorial ambitions in Somalia and Ethiopia.,https://www.treccani.it/enciclopedia/vittorio-bottego_%28Dizionario-Biografico%29/,,False,verified_manual,89981
848000,A285,110001,VIALE FRANCESCO CRISPI,,VIALE FRANCESCO CRISPI,Andria,Puglia,110001,crispi_francesco,Francesco Crispi,Francesco Crispi,100.0,exact_canonical,francesco crispi,accepted_auto,Francesco Crispi,political_and_administration,Eritrea;Ethiopia;Somalia,1887-1896,Prime minister and a principal political promoter of Italian colonial expansion in the Horn of Africa; his policy culminated in the war ending at Adwa.,https://www.treccani.it/enciclopedia/francesco-crispi/,,False,verified_manual,89981
981162,A350,075006,VIA GALLIANO,,VIA GALLIANO,Aradeo,Puglia,075006,galliano_giuseppe,Giuseppe Galliano,Galliano,100.0,exact_surname,galliano,needs_review,Giuseppe Galliano;Galliano,military,Eritrea;Ethiopia,1880s-1890s,Italian officer active in the colonial campaigns in Eritrea and Ethiopia.,https://www.lastampa.it/torino/2023/03/22/news/nomi_vie_piazze_colonialismo-12713667/,,True,verified,89981
735757,A514,073001,VIA FRANCESCO CRISPI,,VIA FRANCESCO CRISPI,Avetrana,Puglia,073001,crispi_francesco,Francesco Crispi,Francesco Crispi,100.0,exact_canonical,francesco crispi,accepted_auto,Francesco Crispi,political_and_administration,Eritrea;Ethiopia;Somalia,1887-1896,Prime minister and a principal political promoter of Italian colonial expansion in the Horn of Africa; his policy culminated in the war ending at Adwa.,https://www.treccani.it/enciclopedia/francesco-crispi/,,False,verified_manual,89981
1325817,A662,072006,LARGO FRANCESCO CRISPI,,LARGO FRANCESCO CRISPI,Bari,Puglia,072006,crispi_francesco,Francesco Crispi,Francesco Crispi,100.0,exact_canonical,francesco crispi,accepted_auto,Francesco Crispi,political_and_administration,Eritrea;Ethiopia;Somalia,1887-1896,Prime minister and a principal political promoter of Italian colonial expansion in the Horn of Africa; his policy culminated in the war ending at Adwa.,https://www.treccani.it/enciclopedia/francesco-crispi/,,False,verified_manual,89981
1338337,A662,072006,LUNGOMARE DUCA DEGLI ABRUZZI,,LUNGOMARE DUCA DEGLI ABRUZZI,Bari,Puglia,072006,savoiaaosta_luigiamedeo,Luigi Amedeo di Savoia-Aosta,Duca degli Abruzzi,100.0,exact_alias,duca degli abruzzi,accepted_auto,Luigi Amedeo di Savoia-Aosta;Duca degli Abruzzi,economic_and_colonization,Somalia,1919-1933,"Prince, explorer and founder of the large agricultural settlement and company at Villaggio Duca degli Abruzzi in Italian Somalia.",https://www.treccani.it/enciclopedia/savoia-aosta-luigi-amedeo-giuseppe-maria-ferdinando-francesco-di-duca-degli-abruzzi_%28Dizionario-Biografico%29/,,False,verified_manual,89981
1325814,A662,072006,VIA FRANCESCO CRISPI,,VIA FRANCESCO CRISPI,Bari,Puglia,072006,crispi_francesco,Francesco Crispi,Francesco Crispi,100.0,exact_canonical,francesco crispi,accepted_auto,Francesco Crispi,political_and_administration,Eritrea;Ethiopia;Somalia,1887-1896,Prime minister and a principal political promoter of Italian colonial expansion in the Horn of Africa; his policy culminated in the war ending at Adwa.,https://www.treccani.it/enciclopedia/francesco-crispi/,,False,verified_manual,89981
1326206,A662,072006,VIA ITALO BALBO,,VIA ITALO BALBO,Bari,Puglia,072006,balbo_italo,Italo Balbo,Italo Balbo,100.0,exact_canonical,italo balbo,accepted_auto,Italo Balbo;Balbo,political_and_administration,Libya,1934-1940,Governor-General of Italian Libya from 1934 to 1940.,https://www.treccani.it/enciclopedia/italo-balbo/,,True,verified,89981
1326340,A662,072006,VIA MAGGIORE TOSELLI,,VIA MAGGIORE TOSELLI,Bari,Puglia,072006,toselli_pietro,Pietro Toselli,Toselli,100.0,exact_surname,maggiore toselli,needs_review,Pietro Toselli;Toselli;Maggiore Toselli,military,Eritrea;Ethiopia,1890s,Italian officer in the colonial campaigns in the Horn of Africa; killed at Amba Alagi in 1895.,https://www.tandfonline.com/doi/full/10.1080/1369801X.2023.2222710,,True,verified,89981
1327038,A662,072006,VIA VITTORIO BOTTEGO,,VIA VITTORIO BOTTEGO,Bari,Puglia,072006,bottego_vittorio,Vittorio Bottego,Vittorio Bottego,100.0,exact_canonical,vittorio bottego,accepted_auto,Vittorio Bottego,exploration_geography,Somalia;Ethiopia;Eritrea,1887-1897,Army officer and explorer whose expeditions in the Horn of Africa were closely connected with Italian territorial ambitions in Somalia and Ethiopia.,https://www.treccani.it/enciclopedia/vittorio-bottego_%28Dizionario-Biografico%29/,,False,verified_manual,89981
1155588,A669,110002,VIA DUCA DEGLI ABRUZZI,,VIA DUCA DEGLI ABRUZZI,Barletta,Puglia,110002,savoiaaosta_luigiamedeo,Luigi Amedeo di Savoia-Aosta,Duca degli Abruzzi,100.0,exact_alias,duca degli abruzzi,accepted_auto,Luigi Amedeo di Savoia-Aosta;Duca degli Abruzzi,economic_and_colonization,Somalia,1919-1933,"Prince, explorer and founder of the large agricultural settlement and company at Villaggio Duca degli Abruzzi in Italian Somalia.",https://www.treccani.it/enciclopedia/savoia-aosta-luigi-amedeo-giuseppe-maria-ferdinando-francesco-di-duca-degli-abruzzi_%28Dizionario-Biografico%29/,,False,verified_manual,89981
1155517,A669,110002,VIA FRANCESCO CRISPI,,VIA FRANCESCO CRISPI,Barletta,Puglia,110002,crispi_francesco,Francesco Crispi,Francesco Crispi,100.0,exact_canonical,francesco crispi,accepted_auto,Francesco Crispi,political_and_administration,Eritrea;Ethiopia;Somalia,1887-1896,Prime minister and a principal political promoter of Italian colonial expansion in the Horn of Africa; his policy culminated in the war ending at Adwa.,https://www.treccani.it/enciclopedia/francesco-crispi/,,False,verified_manual,89981
1155661,A669,110002,VIA GIUSEPPE GALLIANO,,VIA GIUSEPPE GALLIANO,Barletta,Puglia,110002,galliano_giuseppe,Giuseppe Galliano,Giuseppe Galliano,100.0,exact_canonical,giuseppe galliano,accepted_auto,Giuseppe Galliano;Galliano,military,Eritrea;Ethiopia,1880s-1890s,Italian officer active in the colonial campaigns in Eritrea and Ethiopia.,https://www.lastampa.it/torino/2023/03/22/news/nomi_vie_piazze_colonialismo-12713667/,,True,verified,89981
1155810,A669,110002,VIA PIETRO TOSELLI,,VIA PIETRO TOSELLI,Barletta,Puglia,110002,toselli_pietro,Pietro Toselli,Pietro Toselli,100.0,exact_canonical,pietro toselli,accepted_auto,Pietro Toselli;Toselli;Maggiore Toselli,military,Eritrea;Ethiopia,1890s,Italian officer in the colonial campaigns in the Horn of Africa; killed at Amba Alagi in 1895.,https://www.tandfonline.com/doi/full/10.1080/1369801X.2023.2222710,,True,verified,89981
1296172,A893,072011,VIA DUCA DEGLI ABRUZZI,,VIA DUCA DEGLI ABRUZZI,Bitonto,Puglia,072011,savoiaaosta_luigiamedeo,Luigi Amedeo di Savoia-Aosta,Duca degli Abruzzi,100.0,exact_alias,duca degli abruzzi,accepted_auto,Luigi Amedeo di Savoia-Aosta;Duca degli Abruzzi,economic_and_colonization,Somalia,1919-1933,"Prince, explorer and founder of the large agricultural settlement and company at Villaggio Duca degli Abruzzi in Italian Somalia.",https://www.treccani.it/enciclopedia/savoia-aosta-luigi-amedeo-giuseppe-maria-ferdinando-francesco-di-duca-degli-abruzzi_%28Dizionario-Biografico%29/,,False,verified_manual,89981
1222965,A894,072012,VIA FRANCESCO CRISPI,,VIA FRANCESCO CRISPI,Bitritto,Puglia,072012,crispi_francesco,Francesco Crispi,Francesco Crispi,100.0,exact_canonical,francesco crispi,accepted_auto,Francesco Crispi,political_and_administration,Eritrea;Ethiopia;Somalia,1887-1896,Prime minister and a principal political promoter of Italian colonial expansion in the Horn of Africa; his policy culminated in the war ending at Adwa.,https://www.treccani.it/enciclopedia/francesco-crispi/,,False,verified_manual,89981
1075366,B086,075009,VIA PADRE REGINALDO GIULIANI,,VIA PADRE REGINALDO GIULIANI,Botrugno,Puglia,075009,giuliani_reginaldo,Reginaldo Giuliani,Reginaldo Giuliani,100.0,exact_canonical,padre reginaldo giuliani,accepted_auto,Reginaldo Giuliani;Giuliani;Padre Reginaldo Giuliani,military_and_religious,Ethiopia,1935-1936,Dominican friar and volunteer military chaplain associated with the war against Ethiopia.,https://www.tandfonline.com/doi/full/10.1080/1369801X.2023.2222710,,False,verified,89981
397820,B180,074001,PIAZZA FRANCESCO CRISPI,,PIAZZA FRANCESCO CRISPI,Brindisi,Puglia,074001,crispi_francesco,Francesco Crispi,Francesco Crispi,100.0,exact_canonical,francesco crispi,accepted_auto,Francesco Crispi,political_and_administration,Eritrea;Ethiopia;Somalia,1887-1896,Prime minister and a principal political promoter of Italian colonial expansion in the Horn of Africa; his policy culminated in the war ending at Adwa.,https://www.treccani.it/enciclopedia/francesco-crispi/,,False,verified_manual,89981
397469,B180,074001,VIA ANTONIO LOCATELLI,,VIA ANTONIO LOCATELLI,Brindisi,Puglia,074001,locatelli_antonio,Antonio Locatelli,Antonio Locatelli,100.0,exact_canonical,antonio locatelli,accepted_auto,Antonio Locatelli;Locatelli,military,Ethiopia,1935-1936,"Aviator and volunteer in the war against Ethiopia, later commemorated in Italian public space.",https://www.tandfonline.com/doi/full/10.1080/1369801X.2023.2222710,,False,verified,89981
397768,B180,074001,VIA DUCA DEGLI ABRUZZI,,VIA DUCA DEGLI ABRUZZI,Brindisi,Puglia,074001,savoiaaosta_luigiamedeo,Luigi Amedeo di Savoia-Aosta,Duca degli Abruzzi,100.0,exact_alias,duca degli abruzzi,accepted_auto,Luigi Amedeo di Savoia-Aosta;Duca degli Abruzzi,economic_and_colonization,Somalia,1919-1933,"Prince, explorer and founder of the large agricultural settlement and company at Villaggio Duca degli Abruzzi in Italian Somalia.",https://www.treccani.it/enciclopedia/savoia-aosta-luigi-amedeo-giuseppe-maria-ferdinando-francesco-di-duca-degli-abruzzi_%28Dizionario-Biografico%29/,,False,verified_manual,89981
397769,B180,074001,VIALE DUCA DEGLI ABRUZZI,,VIALE DUCA DEGLI ABRUZZI,Brindisi,Puglia,074001,savoiaaosta_luigiamedeo,Luigi Amedeo di Savoia-Aosta,Duca degli Abruzzi,100.0,exact_alias,duca degli abruzzi,accepted_auto,Luigi Amedeo di Savoia-Aosta;Duca degli Abruzzi,economic_and_colonization,Somalia,1919-1933,"Prince, explorer and founder of the large agricultural settlement and company at Villaggio Duca degli Abruzzi in Italian Somalia.",https://www.treccani.it/enciclopedia/savoia-aosta-luigi-amedeo-giuseppe-maria-ferdinando-francesco-di-duca-degli-abruzzi_%28Dizionario-Biografico%29/,,False,verified_manual,89981
1226647,B357,071008,VIA FRANCESCO CRISPI,,VIA FRANCESCO CRISPI,Cagnano Varano,Puglia,071008,crispi_francesco,Francesco Crispi,Francesco Crispi,100.0,exact_canonical,francesco crispi,accepted_auto,Francesco Crispi,political_and_administration,Eritrea;Ethiopia;Somalia,1887-1896,Prime minister and a principal political promoter of Italian colonial expansion in the Horn of Africa; his policy culminated in the war ending at Adwa.,https://www.treccani.it/enciclopedia/francesco-crispi/,,False,verified_manual,89981
1226696,B357,071008,VIA ITALO BALBO,,VIA ITALO BALBO,Cagnano Varano,Puglia,071008,balbo_italo,Italo Balbo,Italo Balbo,100.0,exact_canonical,italo balbo,accepted_auto,Italo Balbo;Balbo,political_and_administration,Libya,1934-1940,Governor-General of Italian Libya from 1934 to 1940.,https://www.treccani.it/enciclopedia/italo-balbo/,,True,verified,89981
598900,B619,110004,VIA DUCA DEGLI ABRUZZI,,VIA DUCA DEGLI ABRUZZI,Canosa di Puglia,Puglia,110004,savoiaaosta_luigiamedeo,Luigi Amedeo di Savoia-Aosta,Duca degli Abruzzi,100.0,exact_alias,duca degli abruzzi,accepted_auto,Luigi Amedeo di Savoia-Aosta;Duca degli Abruzzi,economic_and_colonization,Somalia,1919-1933,"Prince, explorer and founder of the large agricultural settlement and company at Villaggio Duca degli Abruzzi in Italian Somalia.",https://www.treccani.it/enciclopedia/savoia-aosta-luigi-amedeo-giuseppe-maria-ferdinando-francesco-di-duca-degli-abruzzi_%28Dizionario-Biografico%29/,,False,verified_manual,89981
598929,B619,110004,VIA FRANCESCO CRISPI,,VIA FRANCESCO CRISPI,Canosa di Puglia,Puglia,110004,crispi_francesco,Francesco Crispi,Francesco Crispi,100.0,exact_canonical,francesco crispi,accepted_auto,Francesco Crispi,political_and_administration,Eritrea;Ethiopia;Somalia,1887-1896,Prime minister and a principal political promoter of Italian colonial expansion in the Horn of Africa; his policy culminated in the war ending at Adwa.,https://www.treccani.it/enciclopedia/francesco-crispi/,,False,verified_manual,89981
598781,B619,110004,VIA GENERALE ANTONIO BALDISSERA,,VIA GENERALE ANTONIO BALDISSERA,Canosa di Puglia,Puglia,110004,baldissera_antonio,Antonio Baldissera,Antonio Baldissera,100.0,exact_canonical,generale antonio baldissera,accepted_auto,Antonio Baldissera;Baldissera,military_and_administration,Eritrea;Ethiopia,1880s-1890s,General associated with the occupation and military administration of Eritrea.,https://www.tandfonline.com/doi/full/10.1080/1369801X.2023.2222710,,True,verified,89981
598947,B619,110004,VIA GENERALE GIUSEPPE GALLIANO,,VIA GENERALE GIUSEPPE GALLIANO,Canosa di Puglia,Puglia,110004,galliano_giuseppe,Giuseppe Galliano,Giuseppe Galliano,100.0,exact_canonical,generale giuseppe galliano,accepted_auto,Giuseppe Galliano;Galliano,military,Eritrea;Ethiopia,1880s-1890s,Italian officer active in the colonial campaigns in Eritrea and Ethiopia.,https://www.lastampa.it/torino/2023/03/22/news/nomi_vie_piazze_colonialismo-12713667/,,True,verified,89981
599147,B619,110004,VIA PIETRO TOSELLI,,VIA PIETRO TOSELLI,Canosa di Puglia,Puglia,110004,toselli_pietro,Pietro Toselli,Pietro Toselli,100.0,exact_canonical,pietro toselli,accepted_auto,Pietro Toselli;Toselli;Maggiore Toselli,military,Eritrea;Ethiopia,1890s,Italian officer in the colonial campaigns in the Horn of Africa; killed at Amba Alagi in 1895.,https://www.tandfonline.com/doi/full/10.1080/1369801X.2023.2222710,,True,verified,89981
1144617,B792,075014,VIA FRANCESCO CRISPI,,VIA FRANCESCO CRISPI,Carmiano,Puglia,075014,crispi_francesco,Francesco Crispi,Francesco Crispi,100.0,exact_canonical,francesco crispi,accepted_auto,Francesco Crispi,political_and_administration,Eritrea;Ethiopia;Somalia,1887-1896,Prime minister and a principal political promoter of Italian colonial expansion in the Horn of Africa; his policy culminated in the war ending at Adwa.,https://www.treccani.it/enciclopedia/francesco-crispi/,,False,verified_manual,89981
1262769,B809,074002,VIA DUCA DEGLI ABRUZZI,,VIA DUCA DEGLI ABRUZZI,Carovigno,Puglia,074002,savoiaaosta_luigiamedeo,Luigi Amedeo di Savoia-Aosta,Duca degli Abruzzi,100.0,exact_alias,duca degli abruzzi,accepted_auto,Luigi Amedeo di Savoia-Aosta;Duca degli Abruzzi,economic_and_colonization,Somalia,1919-1933,"Prince, explorer and founder of the large agricultural settlement and company at Villaggio Duca degli Abruzzi in Italian Somalia.",https://www.treccani.it/enciclopedia/savoia-aosta-luigi-amedeo-giuseppe-maria-ferdinando-francesco-di-duca-degli-abruzzi_%28Dizionario-Biografico%29/,,False,verified_manual,89981
1262803,B809,074002,VIA FRANCESCO CRISPI,,VIA FRANCESCO CRISPI,Carovigno,Puglia,074002,crispi_francesco,Francesco Crispi,Francesco Crispi,100.0,exact_canonical,francesco crispi,accepted_auto,Francesco Crispi,political_and_administration,Eritrea;Ethiopia;Somalia,1887-1896,Prime minister and a principal political promoter of Italian colonial expansion in the Horn of Africa; his policy culminated in the war ending at Adwa.,https://www.treccani.it/enciclopedia/francesco-crispi/,,False,verified_manual,89981
883711,B904,071013,VIA GIUSEPPE GALLIANO,,VIA GIUSEPPE GALLIANO,Casalnuovo Monterotaro,Puglia,071013,galliano_giuseppe,Giuseppe Galliano,Giuseppe Galliano,100.0,exact_canonical,giuseppe galliano,accepted_auto,Giuseppe Galliano;Galliano,military,Eritrea;Ethiopia,1880s-1890s,Italian officer active in the colonial campaigns in Eritrea and Ethiopia.,https://www.lastampa.it/torino/2023/03/22/news/nomi_vie_piazze_colonialismo-12713667/,,True,verified,89981
1119820,B915,110010,VIA DUCA DEGLI ABRUZZI,,VIA DUCA DEGLI ABRUZZI,Trinitapoli,Puglia,110010,savoiaaosta_luigiamedeo,Luigi Amedeo di Savoia-Aosta,Duca degli Abruzzi,100.0,exact_alias,duca degli abruzzi,accepted_auto,Luigi Amedeo di Savoia-Aosta;Duca degli Abruzzi,economic_and_colonization,Somalia,1919-1933,"Prince, explorer and founder of the large agricultural settlement and company at Villaggio Duca degli Abruzzi in Italian Somalia.",https://www.treccani.it/enciclopedia/savoia-aosta-luigi-amedeo-giuseppe-maria-ferdinando-francesco-di-duca-degli-abruzzi_%28Dizionario-Biografico%29/,,False,verified_manual,89981
1119842,B915,110010,VIA FRANCESCO CRISPI,,VIA FRANCESCO CRISPI,Trinitapoli,Puglia,110010,crispi_francesco,Francesco Crispi,Francesco Crispi,100.0,exact_canonical,francesco crispi,accepted_auto,Francesco Crispi,political_and_administration,Eritrea;Ethiopia;Somalia,1887-1896,Prime minister and a principal political promoter of Italian colonial expansion in the Horn of Africa; his policy culminated in the war ending at Adwa.,https://www.treccani.it/enciclopedia/francesco-crispi/,,False,verified_manual,89981
1059867,B936,075016,VIA DUCA DEGLI ABRUZZI,,VIA DUCA DEGLI ABRUZZI,Casarano,Puglia,075016,savoiaaosta_luigiamedeo,Luigi Amedeo di Savoia-Aosta,Duca degli Abruzzi,100.0,exact_alias,duca degli abruzzi,accepted_auto,Luigi Amedeo di Savoia-Aosta;Duca degli Abruzzi,economic_and_colonization,Somalia,1919-1933,"Prince, explorer and founder of the large agricultural settlement and company at Villaggio Duca degli Abruzzi in Italian Somalia.",https://www.treccani.it/enciclopedia/savoia-aosta-luigi-amedeo-giuseppe-maria-ferdinando-francesco-di-duca-degli-abruzzi_%28Dizionario-Biografico%29/,,False,verified_manual,89981
1059886,B936,075016,VIA GIUSEPPE GALLIANO,,VIA GIUSEPPE GALLIANO,Casarano,Puglia,075016,galliano_giuseppe,Giuseppe Galliano,Giuseppe Galliano,100.0,exact_canonical,giuseppe galliano,accepted_auto,Giuseppe Galliano;Galliano,military,Eritrea;Ethiopia,1880s-1890s,Italian officer active in the colonial campaigns in Eritrea and Ethiopia.,https://www.lastampa.it/torino/2023/03/22/news/nomi_vie_piazze_colonialismo-12713667/,,True,verified,89981
1060105,B936,075016,VIA PIETRO TOSELLI,,VIA PIETRO TOSELLI,Casarano,Puglia,075016,toselli_pietro,Pietro Toselli,Pietro Toselli,100.0,exact_canonical,pietro toselli,accepted_auto,Pietro Toselli;Toselli;Maggiore Toselli,military,Eritrea;Ethiopia,1890s,Italian officer in the colonial campaigns in the Horn of Africa; killed at Amba Alagi in 1895.,https://www.tandfonline.com/doi/full/10.1080/1369801X.2023.2222710,,True,verified,89981
883937,B998,072016,VIA FRANCESCO CRISPI,,VIA FRANCESCO CRISPI,Cassano delle Murge,Puglia,072016,crispi_francesco,Francesco Crispi,Francesco Crispi,100.0,exact_canonical,francesco crispi,accepted_auto,Francesco Crispi,political_and_administration,Eritrea;Ethiopia;Somalia,1887-1896,Prime minister and a principal political promoter of Italian colonial expansion in the Horn of Africa; his policy culminated in the war ending at Adwa.,https://www.treccani.it/enciclopedia/francesco-crispi/,,False,verified_manual,89981
525314,C134,072017,VIA FRANCESCO CRISPI,,VIA FRANCESCO CRISPI,Castellana Grotte,Puglia,072017,crispi_francesco,Francesco Crispi,Francesco Crispi,100.0,exact_canonical,francesco crispi,accepted_auto,Francesco Crispi,political_and_administration,Eritrea;Ethiopia;Somalia,1887-1896,Prime minister and a principal political promoter of Italian colonial expansion in the Horn of Africa; his policy culminated in the war ending at Adwa.,https://www.treccani.it/enciclopedia/francesco-crispi/,,False,verified_manual,89981
999677,C336,075019,VIA COLONNELLO GIUSEPPE GALLIANO,,VIA COLONNELLO GIUSEPPE GALLIANO,Castrignano del Capo,Puglia,075019,galliano_giuseppe,Giuseppe Galliano,Giuseppe Galliano,100.0,exact_canonical,colonnello giuseppe galliano,accepted_auto,Giuseppe Galliano;Galliano,military,Eritrea;Ethiopia,1880s-1890s,Italian officer active in the colonial campaigns in Eritrea and Ethiopia.,https://www.lastampa.it/torino/2023/03/22/news/nomi_vie_piazze_colonialismo-12713667/,,True,verified,89981
999713,C336,075019,VIA FRANCESCO CRISPI,,VIA FRANCESCO CRISPI,Castrignano del Capo,Puglia,075019,crispi_francesco,Francesco Crispi,Francesco Crispi,100.0,exact_canonical,francesco crispi,accepted_auto,Francesco Crispi,political_and_administration,Eritrea;Ethiopia;Somalia,1887-1896,Prime minister and a principal political promoter of Italian colonial expansion in the Horn of Africa; his policy culminated in the war ending at Adwa.,https://www.treccani.it/enciclopedia/francesco-crispi/,,False,verified_manual,89981
1298303,C424,074003,VIA FRANCESCO CRISPI,,VIA FRANCESCO CRISPI,Ceglie Messapica,Puglia,074003,crispi_francesco,Francesco Crispi,Francesco Crispi,100.0,exact_canonical,francesco crispi,accepted_auto,Francesco Crispi,political_and_administration,Eritrea;Ethiopia;Somalia,1887-1896,Prime minister and a principal political promoter of Italian colonial expansion in the Horn of Africa; his policy culminated in the war ending at Adwa.,https://www.treccani.it/enciclopedia/francesco-crispi/,,False,verified_manual,89981
1298454,C424,074003,VIA MAGGIORE PIETRO TOSELLI,,VIA MAGGIORE PIETRO TOSELLI,Ceglie Messapica,Puglia,074003,toselli_pietro,Pietro Toselli,Pietro Toselli,100.0,exact_canonical,maggiore pietro toselli,accepted_auto,Pietro Toselli;Toselli;Maggiore Toselli,military,Eritrea;Ethiopia,1890s,Italian officer in the colonial campaigns in the Horn of Africa; killed at Amba Alagi in 1895.,https://www.tandfonline.com/doi/full/10.1080/1369801X.2023.2222710,,True,verified,89981
1200093,C448,074004,VIA FRANCESCO CRISPI,,VIA FRANCESCO CRISPI,Cellino San Marco,Puglia,074004,crispi_francesco,Francesco Crispi,Francesco Crispi,100.0,exact_canonical,francesco crispi,accepted_auto,Francesco Crispi,political_and_administration,Eritrea;Ethiopia;Somalia,1887-1896,Prime minister and a principal political promoter of Italian colonial expansion in the Horn of Africa; his policy culminated in the war ending at Adwa.,https://www.treccani.it/enciclopedia/francesco-crispi/,,False,verified_manual,89981
873507,C514,071020,VIA FRANCESCO CRISPI,,VIA FRANCESCO CRISPI,Cerignola,Puglia,071020,crispi_francesco,Francesco Crispi,Francesco Crispi,100.0,exact_canonical,francesco crispi,accepted_auto,Francesco Crispi,political_and_administration,Eritrea;Ethiopia;Somalia,1887-1896,Prime minister and a principal political promoter of Italian colonial expansion in the Horn of Africa; his policy culminated in the war ending at Adwa.,https://www.treccani.it/enciclopedia/francesco-crispi/,,False,verified_manual,89981
873544,C514,071020,VIA GIUSEPPE GALLIANO,,VIA GIUSEPPE GALLIANO,Cerignola,Puglia,071020,galliano_giuseppe,Giuseppe Galliano,Giuseppe Galliano,100.0,exact_canonical,giuseppe galliano,accepted_auto,Giuseppe Galliano;Galliano,military,Eritrea;Ethiopia,1880s-1890s,Italian officer active in the colonial campaigns in Eritrea and Ethiopia.,https://www.lastampa.it/torino/2023/03/22/news/nomi_vie_piazze_colonialismo-12713667/,,True,verified,89981
873757,C514,071020,VIA PIETRO TOSELLI,,VIA PIETRO TOSELLI,Cerignola,Puglia,071020,toselli_pietro,Pietro Toselli,Pietro Toselli,100.0,exact_canonical,pietro toselli,accepted_auto,Pietro Toselli;Toselli;Maggiore Toselli,military,Eritrea;Ethiopia,1890s,Italian officer in the colonial campaigns in the Horn of Africa; killed at Amba Alagi in 1895.,https://www.tandfonline.com/doi/full/10.1080/1369801X.2023.2222710,,True,verified,89981
1065170,C741,074005,VIA DUCA DEGLI ABRUZZI,,VIA DUCA DEGLI ABRUZZI,Cisternino,Puglia,074005,savoiaaosta_luigiamedeo,Luigi Amedeo di Savoia-Aosta,Duca degli Abruzzi,100.0,exact_alias,duca degli abruzzi,accepted_auto,Luigi Amedeo di Savoia-Aosta;Duca degli Abruzzi,economic_and_colonization,Somalia,1919-1933,"Prince, explorer and founder of the large agricultural settlement and company at Villaggio Duca degli Abruzzi in Italian Somalia.",https://www.treccani.it/enciclopedia/savoia-aosta-luigi-amedeo-giuseppe-maria-ferdinando-francesco-di-duca-degli-abruzzi_%28Dizionario-Biografico%29/,,False,verified_manual,89981
971555,C865,075021,VIA DUCA DEGLI ABRUZZI,,VIA DUCA DEGLI ABRUZZI,Collepasso,Puglia,075021,savoiaaosta_luigiamedeo,Luigi Amedeo di Savoia-Aosta,Duca degli Abruzzi,100.0,exact_alias,duca degli abruzzi,accepted_auto,Luigi Amedeo di Savoia-Aosta;Duca degli Abruzzi,economic_and_colonization,Somalia,1919-1933,"Prince, explorer and founder of the large agricultural settlement and company at Villaggio Duca degli Abruzzi in Italian Somalia.",https://www.treccani.it/enciclopedia/savoia-aosta-luigi-amedeo-giuseppe-maria-ferdinando-francesco-di-duca-degli-abruzzi_%28Dizionario-Biografico%29/,,False,verified_manual,89981
971562,C865,075021,VIA FRANCESCO CRISPI,,VIA FRANCESCO CRISPI,Collepasso,Puglia,075021,crispi_francesco,Francesco Crispi,Francesco Crispi,100.0,exact_canonical,francesco crispi,accepted_auto,Francesco Crispi,political_and_administration,Eritrea;Ethiopia;Somalia,1887-1896,Prime minister and a principal political promoter of Italian colonial expansion in the Horn of Africa; his policy culminated in the war ending at Adwa.,https://www.treccani.it/enciclopedia/francesco-crispi/,,False,verified_manual,89981
971568,C865,075021,VIA GALLIANO,,VIA GALLIANO,Collepasso,Puglia,075021,galliano_giuseppe,Giuseppe Galliano,Galliano,100.0,exact_surname,galliano,needs_review,Giuseppe Galliano;Galliano,military,Eritrea;Ethiopia,1880s-1890s,Italian officer active in the colonial campaigns in Eritrea and Ethiopia.,https://www.lastampa.it/torino/2023/03/22/news/nomi_vie_piazze_colonialismo-12713667/,,True,verified,89981
971651,C865,075021,VIA MAGGIORE PIETRO TOSELLI,,VIA MAGGIORE PIETRO TOSELLI,Collepasso,Puglia,075021,toselli_pietro,Pietro Toselli,Pietro Toselli,100.0,exact_canonical,maggiore pietro toselli,accepted_auto,Pietro Toselli;Toselli;Maggiore Toselli,military,Eritrea;Ethiopia,1890s,Italian officer in the colonial campaigns in the Horn of Africa; killed at Amba Alagi in 1895.,https://www.tandfonline.com/doi/full/10.1080/1369801X.2023.2222710,,True,verified,89981
971515,C865,075021,VIA MARESCIALLO PIETRO BADOGLIO,,VIA MARESCIALLO PIETRO BADOGLIO,Collepasso,Puglia,075021,badoglio_pietro,Pietro Badoglio,Pietro Badoglio,100.0,exact_canonical,maresciallo pietro badoglio,accepted_auto,Pietro Badoglio;Badoglio;Maresciallo Badoglio,military_and_administration,Libya;Ethiopia,1929-1936,Governor of Libya and later senior commander/high commissioner during the invasion of Ethiopia.,https://www.treccani.it/enciclopedia/pietro-badoglio/,,True,verified,89981
971620,C865,075021,VIA PADRE REGINALDO GIULIANI,,VIA PADRE REGINALDO GIULIANI,Collepasso,Puglia,075021,giuliani_reginaldo,Reginaldo Giuliani,Reginaldo Giuliani,100.0,exact_canonical,padre reginaldo giuliani,accepted_auto,Reginaldo Giuliani;Giuliani;Padre Reginaldo Giuliani,military_and_religious,Ethiopia,1935-1936,Dominican friar and volunteer military chaplain associated with the war against Ethiopia.,https://www.tandfonline.com/doi/full/10.1080/1369801X.2023.2222710,,False,verified,89981
1256861,C975,072019,VIA FRANCESCO CRISPI,,VIA FRANCESCO CRISPI,Conversano,Puglia,072019,crispi_francesco,Francesco Crispi,Francesco Crispi,100.0,exact_canonical,francesco crispi,accepted_auto,Francesco Crispi,political_and_administration,Eritrea;Ethiopia;Somalia,1887-1896,Prime minister and a principal political promoter of Italian colonial expansion in the Horn of Africa; his policy culminated in the war ending at Adwa.,https://www.treccani.it/enciclopedia/francesco-crispi/,,False,verified_manual,89981
1017130,C978,075022,VIA FRANCESCO CRISPI,,VIA FRANCESCO CRISPI,Copertino,Puglia,075022,crispi_francesco,Francesco Crispi,Francesco Crispi,100.0,exact_canonical,francesco crispi,accepted_auto,Francesco Crispi,political_and_administration,Eritrea;Ethiopia;Somalia,1887-1896,Prime minister and a principal political promoter of Italian colonial expansion in the Horn of Africa; his policy culminated in the war ending at Adwa.,https://www.treccani.it/enciclopedia/francesco-crispi/,,False,verified_manual,89981
1017199,C978,075022,VIA MAGGIORE GIUSEPPE GALLIANO,,VIA MAGGIORE GIUSEPPE GALLIANO,Copertino,Puglia,075022,galliano_giuseppe,Giuseppe Galliano,Giuseppe Galliano,100.0,exact_canonical,maggiore giuseppe galliano,accepted_auto,Giuseppe Galliano;Galliano,military,Eritrea;Ethiopia,1880s-1890s,Italian officer active in the colonial campaigns in Eritrea and Ethiopia.,https://www.lastampa.it/torino/2023/03/22/news/nomi_vie_piazze_colonialismo-12713667/,,True,verified,89981
1017200,C978,075022,VIA MAGGIORE PIETRO TOSELLI,,VIA MAGGIORE PIETRO TOSELLI,Copertino,Puglia,075022,toselli_pietro,Pietro Toselli,Pietro Toselli,100.0,exact_canonical,maggiore pietro toselli,accepted_auto,Pietro Toselli;Toselli;Maggiore Toselli,military,Eritrea;Ethiopia,1890s,Italian officer in the colonial campaigns in the Horn of Africa; killed at Amba Alagi in 1895.,https://www.tandfonline.com/doi/full/10.1080/1369801X.2023.2222710,,True,verified,89981
889978,C983,072020,VIA FRANCESCO CRISPI,,VIA FRANCESCO CRISPI,Corato,Puglia,072020,crispi_francesco,Francesco Crispi,Francesco Crispi,100.0,exact_canonical,francesco crispi,accepted_auto,Francesco Crispi,political_and_administration,Eritrea;Ethiopia;Somalia,1887-1896,Prime minister and a principal political promoter of Italian colonial expansion in the Horn of Africa; his policy culminated in the war ending at Adwa.,https://www.treccani.it/enciclopedia/francesco-crispi/,,False,verified_manual,89981
890008,C983,072020,VIA GENERALE GIOVANNI AMEGLIO,,VIA GENERALE GIOVANNI AMEGLIO,Corato,Puglia,072020,ameglio_giovanni,Giovanni Ameglio,Giovanni Ameglio,100.0,exact_canonical,generale giovanni ameglio,accepted_auto,Giovanni Ameglio,military_and_administration,Eritrea;Libya,1890s-1918,Officer in the first Italo-Ethiopian conflict and a leading commander in the conquest of Libya; later governor of Cyrenaica and Tripolitania.,https://www.treccani.it/enciclopedia/giovanni-ameglio_%28Dizionario-Biografico%29/,,False,verified_manual,89981
890001,C983,072020,VIA GIUSEPPE GALLIANO,,VIA GIUSEPPE GALLIANO,Corato,Puglia,072020,galliano_giuseppe,Giuseppe Galliano,Giuseppe Galliano,100.0,exact_canonical,giuseppe galliano,accepted_auto,Giuseppe Galliano;Galliano,military,Eritrea;Ethiopia,1880s-1890s,Italian officer active in the colonial campaigns in Eritrea and Ethiopia.,https://www.lastampa.it/torino/2023/03/22/news/nomi_vie_piazze_colonialismo-12713667/,,True,verified,89981
890309,C983,072020,VIA PIETRO TOSELLI,,VIA PIETRO TOSELLI,Corato,Puglia,072020,toselli_pietro,Pietro Toselli,Pietro Toselli,100.0,exact_canonical,pietro toselli,accepted_auto,Pietro Toselli;Toselli;Maggiore Toselli,military,Eritrea;Ethiopia,1890s,Italian officer in the colonial campaigns in the Horn of Africa; killed at Amba Alagi in 1895.,https://www.tandfonline.com/doi/full/10.1080/1369801X.2023.2222710,,True,verified,89981
890512,C983,072020,VIA VITTORIO BOTTEGO,,VIA VITTORIO BOTTEGO,Corato,Puglia,072020,bottego_vittorio,Vittorio Bottego,Vittorio Bottego,100.0,exact_canonical,vittorio bottego,accepted_auto,Vittorio Bottego,exploration_geography,Somalia;Ethiopia;Eritrea,1887-1897,Army officer and explorer whose expeditions in the Horn of Africa were closely connected with Italian territorial ambitions in Somalia and Ethiopia.,https://www.treccani.it/enciclopedia/vittorio-bottego_%28Dizionario-Biografico%29/,,False,verified_manual,89981
1051015,D006,075023,VIA FRANCESCO CRISPI,,VIA FRANCESCO CRISPI,Corigliano d'Otranto,Puglia,075023,crispi_francesco,Francesco Crispi,Francesco Crispi,100.0,exact_canonical,francesco crispi,accepted_auto,Francesco Crispi,political_and_administration,Eritrea;Ethiopia;Somalia,1887-1896,Prime minister and a principal political promoter of Italian colonial expansion in the Horn of Africa; his policy culminated in the war ending at Adwa.,https://www.treccani.it/enciclopedia/francesco-crispi/,,False,verified_manual,89981
1045835,D044,075024,VIA DUCA DEGLI ABRUZZI,,VIA DUCA DEGLI ABRUZZI,Corsano,Puglia,075024,savoiaaosta_luigiamedeo,Luigi Amedeo di Savoia-Aosta,Duca degli Abruzzi,100.0,exact_alias,duca degli abruzzi,accepted_auto,Luigi Amedeo di Savoia-Aosta;Duca degli Abruzzi,economic_and_colonization,Somalia,1919-1933,"Prince, explorer and founder of the large agricultural settlement and company at Villaggio Duca degli Abruzzi in Italian Somalia.",https://www.treccani.it/enciclopedia/savoia-aosta-luigi-amedeo-giuseppe-maria-ferdinando-francesco-di-duca-degli-abruzzi_%28Dizionario-Biografico%29/,,False,verified_manual,89981
638676,D171,073004,VIA DUCA DEGLI ABRUZZI,,VIA DUCA DEGLI ABRUZZI,Crispiano,Puglia,073004,savoiaaosta_luigiamedeo,Luigi Amedeo di Savoia-Aosta,Duca degli Abruzzi,100.0,exact_alias,duca degli abruzzi,accepted_auto,Luigi Amedeo di Savoia-Aosta;Duca degli Abruzzi,economic_and_colonization,Somalia,1919-1933,"Prince, explorer and founder of the large agricultural settlement and company at Villaggio Duca degli Abruzzi in Italian Somalia.",https://www.treccani.it/enciclopedia/savoia-aosta-luigi-amedeo-giuseppe-maria-ferdinando-francesco-di-duca-degli-abruzzi_%28Dizionario-Biografico%29/,,False,verified_manual,89981
638697,D171,073004,VIA GALLIANO,,VIA GALLIANO,Crispiano,Puglia,073004,galliano_giuseppe,Giuseppe Galliano,Galliano,100.0,exact_surname,galliano,needs_review,Giuseppe Galliano;Galliano,military,Eritrea;Ethiopia,1880s-1890s,Italian officer active in the colonial campaigns in Eritrea and Ethiopia.,https://www.lastampa.it/torino/2023/03/22/news/nomi_vie_piazze_colonialismo-12713667/,,True,verified,89981
638844,D171,073004,VIA TOSELLI,,VIA TOSELLI,Crispiano,Puglia,073004,toselli_pietro,Pietro Toselli,Toselli,100.0,exact_surname,toselli,needs_review,Pietro Toselli;Toselli;Maggiore Toselli,military,Eritrea;Ethiopia,1890s,Italian officer in the colonial campaigns in the Horn of Africa; killed at Amba Alagi in 1895.,https://www.tandfonline.com/doi/full/10.1080/1369801X.2023.2222710,,True,verified,89981
1030482,D223,075025,VIA FRANCESCO CRISPI,,VIA FRANCESCO CRISPI,Cursi,Puglia,075025,crispi_francesco,Francesco Crispi,Francesco Crispi,100.0,exact_canonical,francesco crispi,accepted_auto,Francesco Crispi,political_and_administration,Eritrea;Ethiopia;Somalia,1887-1896,Prime minister and a principal political promoter of Italian colonial expansion in the Horn of Africa; his policy culminated in the war ending at Adwa.,https://www.treccani.it/enciclopedia/francesco-crispi/,,False,verified_manual,89981
1030651,D237,075026,VIA DUCA DEGLI ABRUZZI,,VIA DUCA DEGLI ABRUZZI,Cutrofiano,Puglia,075026,savoiaaosta_luigiamedeo,Luigi Amedeo di Savoia-Aosta,Duca degli Abruzzi,100.0,exact_alias,duca degli abruzzi,accepted_auto,Luigi Amedeo di Savoia-Aosta;Duca degli Abruzzi,economic_and_colonization,Somalia,1919-1933,"Prince, explorer and founder of the large agricultural settlement and company at Villaggio Duca degli Abruzzi in Italian Somalia.",https://www.treccani.it/enciclopedia/savoia-aosta-luigi-amedeo-giuseppe-maria-ferdinando-francesco-di-duca-degli-abruzzi_%28Dizionario-Biografico%29/,,False,verified_manual,89981
1030665,D237,075026,VIA FRANCESCO CRISPI,,VIA FRANCESCO CRISPI,Cutrofiano,Puglia,075026,crispi_francesco,Francesco Crispi,Francesco Crispi,100.0,exact_canonical,francesco crispi,accepted_auto,Francesco Crispi,political_and_administration,Eritrea;Ethiopia;Somalia,1887-1896,Prime minister and a principal political promoter of Italian colonial expansion in the Horn of Africa; his policy culminated in the war ending at Adwa.,https://www.treccani.it/enciclopedia/francesco-crispi/,,False,verified_manual,89981
1024650,D305,075027,VIA FRANCESCO CRISPI,,VIA FRANCESCO CRISPI,Diso,Puglia,075027,crispi_francesco,Francesco Crispi,Francesco Crispi,100.0,exact_canonical,francesco crispi,accepted_auto,Francesco Crispi,political_and_administration,Eritrea;Ethiopia;Somalia,1887-1896,Prime minister and a principal political promoter of Italian colonial expansion in the Horn of Africa; his policy culminated in the war ending at Adwa.,https://www.treccani.it/enciclopedia/francesco-crispi/,,False,verified_manual,89981
1024728,D305,075027,VIA TOSELLI,,VIA TOSELLI,Diso,Puglia,075027,toselli_pietro,Pietro Toselli,Toselli,100.0,exact_surname,toselli,needs_review,Pietro Toselli;Toselli;Maggiore Toselli,military,Eritrea;Ethiopia,1890s,Italian officer in the colonial campaigns in the Horn of Africa; killed at Amba Alagi in 1895.,https://www.tandfonline.com/doi/full/10.1080/1369801X.2023.2222710,,True,verified,89981
1056516,D422,074006,VIA DUCA DEGLI ABRUZZI,,VIA DUCA DEGLI ABRUZZI,Erchie,Puglia,074006,savoiaaosta_luigiamedeo,Luigi Amedeo di Savoia-Aosta,Duca degli Abruzzi,100.0,exact_alias,duca degli abruzzi,accepted_auto,Luigi Amedeo di Savoia-Aosta;Duca degli Abruzzi,economic_and_colonization,Somalia,1919-1933,"Prince, explorer and founder of the large agricultural settlement and company at Villaggio Duca degli Abruzzi in Italian Somalia.",https://www.treccani.it/enciclopedia/savoia-aosta-luigi-amedeo-giuseppe-maria-ferdinando-francesco-di-duca-degli-abruzzi_%28Dizionario-Biografico%29/,,False,verified_manual,89981
1056520,D422,074006,VIA FRANCESCO CRISPI,,VIA FRANCESCO CRISPI,Erchie,Puglia,074006,crispi_francesco,Francesco Crispi,Francesco Crispi,100.0,exact_canonical,francesco crispi,accepted_auto,Francesco Crispi,political_and_administration,Eritrea;Ethiopia;Somalia,1887-1896,Prime minister and a principal political promoter of Italian colonial expansion in the Horn of Africa; his policy culminated in the war ending at Adwa.,https://www.treccani.it/enciclopedia/francesco-crispi/,,False,verified_manual,89981
615865,D459,071023,LARGO GALLIANO,,LARGO GALLIANO,Faeto,Puglia,071023,galliano_giuseppe,Giuseppe Galliano,Galliano,100.0,exact_surname,galliano,needs_review,Giuseppe Galliano;Galliano,military,Eritrea;Ethiopia,1880s-1890s,Italian officer active in the colonial campaigns in Eritrea and Ethiopia.,https://www.lastampa.it/torino/2023/03/22/news/nomi_vie_piazze_colonialismo-12713667/,,True,verified,89981
615767,D459,071023,VIA DUCA DEGLI ABRUZZI,,VIA DUCA DEGLI ABRUZZI,Faeto,Puglia,071023,savoiaaosta_luigiamedeo,Luigi Amedeo di Savoia-Aosta,Duca degli Abruzzi,100.0,exact_alias,duca degli abruzzi,accepted_auto,Luigi Amedeo di Savoia-Aosta;Duca degli Abruzzi,economic_and_colonization,Somalia,1919-1933,"Prince, explorer and founder of the large agricultural settlement and company at Villaggio Duca degli Abruzzi in Italian Somalia.",https://www.treccani.it/enciclopedia/savoia-aosta-luigi-amedeo-giuseppe-maria-ferdinando-francesco-di-duca-degli-abruzzi_%28Dizionario-Biografico%29/,,False,verified_manual,89981
615780,D459,071023,VIA GALLIANO,,VIA GALLIANO,Faeto,Puglia,071023,galliano_giuseppe,Giuseppe Galliano,Galliano,100.0,exact_surname,galliano,needs_review,Giuseppe Galliano;Galliano,military,Eritrea;Ethiopia,1880s-1890s,Italian officer active in the colonial campaigns in Eritrea and Ethiopia.,https://www.lastampa.it/torino/2023/03/22/news/nomi_vie_piazze_colonialismo-12713667/,,True,verified,89981
615820,D459,071023,VIA PIETRO TOSELLI,,VIA PIETRO TOSELLI,Faeto,Puglia,071023,toselli_pietro,Pietro Toselli,Pietro Toselli,100.0,exact_canonical,pietro toselli,accepted_auto,Pietro Toselli;Toselli;Maggiore Toselli,military,Eritrea;Ethiopia,1890s,Italian officer in the colonial campaigns in the Horn of Africa; killed at Amba Alagi in 1895.,https://www.tandfonline.com/doi/full/10.1080/1369801X.2023.2222710,,True,verified,89981
1282458,D508,074007,VIA FRANCESCO CRISPI,,VIA FRANCESCO CRISPI,Fasano,Puglia,074007,crispi_francesco,Francesco Crispi,Francesco Crispi,100.0,exact_canonical,francesco crispi,accepted_auto,Francesco Crispi,political_and_administration,Eritrea;Ethiopia;Somalia,1887-1896,Prime minister and a principal political promoter of Italian colonial expansion in the Horn of Africa; his policy culminated in the war ending at Adwa.,https://www.treccani.it/enciclopedia/francesco-crispi/,,False,verified_manual,89981
454536,D643,071024,VIA FRANCESCO CRISPI,,VIA FRANCESCO CRISPI,Foggia,Puglia,071024,crispi_francesco,Francesco Crispi,Francesco Crispi,100.0,exact_canonical,francesco crispi,accepted_auto,Francesco Crispi,political_and_administration,Eritrea;Ethiopia;Somalia,1887-1896,Prime minister and a principal political promoter of Italian colonial expansion in the Horn of Africa; his policy culminated in the war ending at Adwa.,https://www.treccani.it/enciclopedia/francesco-crispi/,,False,verified_manual,89981
518982,D761,074008,VIA FRANCESCO CRISPI,,VIA FRANCESCO CRISPI,Francavilla Fontana,Puglia,074008,crispi_francesco,Francesco Crispi,Francesco Crispi,100.0,exact_canonical,francesco crispi,accepted_auto,Francesco Crispi,political_and_administration,Eritrea;Ethiopia;Somalia,1887-1896,Prime minister and a principal political promoter of Italian colonial expansion in the Horn of Africa; his policy culminated in the war ending at Adwa.,https://www.treccani.it/enciclopedia/francesco-crispi/,,False,verified_manual,89981
971943,D851,075028,VIA FRANCESCO CRISPI,,VIA FRANCESCO CRISPI,Gagliano del Capo,Puglia,075028,crispi_francesco,Francesco Crispi,Francesco Crispi,100.0,exact_canonical,francesco crispi,accepted_auto,Francesco Crispi,political_and_administration,Eritrea;Ethiopia;Somalia,1887-1896,Prime minister and a principal political promoter of Italian colonial expansion in the Horn of Africa; his policy culminated in the war ending at Adwa.,https://www.treccani.it/enciclopedia/francesco-crispi/,,False,verified_manual,89981
1003997,D862,075029,VIA FRANCESCO CRISPI,,VIA FRANCESCO CRISPI,Galatina,Puglia,075029,crispi_francesco,Francesco Crispi,Francesco Crispi,100.0,exact_canonical,francesco crispi,accepted_auto,Francesco Crispi,political_and_administration,Eritrea;Ethiopia;Somalia,1887-1896,Prime minister and a principal political promoter of Italian colonial expansion in the Horn of Africa; his policy culminated in the war ending at Adwa.,https://www.treccani.it/enciclopedia/francesco-crispi/,,False,verified_manual,89981
1000397,D863,075030,VIA FRANCESCO CRISPI,,VIA FRANCESCO CRISPI,Galatone,Puglia,075030,crispi_francesco,Francesco Crispi,Francesco Crispi,100.0,exact_canonical,francesco crispi,accepted_auto,Francesco Crispi,political_and_administration,Eritrea;Ethiopia;Somalia,1887-1896,Prime minister and a principal political promoter of Italian colonial expansion in the Horn of Africa; his policy culminated in the war ending at Adwa.,https://www.treccani.it/enciclopedia/francesco-crispi/,,False,verified_manual,89981
1000405,D863,075030,VIA GALLIANO,,VIA GALLIANO,Galatone,Puglia,075030,galliano_giuseppe,Giuseppe Galliano,Galliano,100.0,exact_surname,galliano,needs_review,Giuseppe Galliano;Galliano,military,Eritrea;Ethiopia,1880s-1890s,Italian officer active in the colonial campaigns in Eritrea and Ethiopia.,https://www.lastampa.it/torino/2023/03/22/news/nomi_vie_piazze_colonialismo-12713667/,,True,verified,89981
1000588,D863,075030,VIA TOSELLI,,VIA TOSELLI,Galatone,Puglia,075030,toselli_pietro,Pietro Toselli,Toselli,100.0,exact_surname,toselli,needs_review,Pietro Toselli;Toselli;Maggiore Toselli,military,Eritrea;Ethiopia,1890s,Italian officer in the colonial campaigns in the Horn of Africa; killed at Amba Alagi in 1895.,https://www.tandfonline.com/doi/full/10.1080/1369801X.2023.2222710,,True,verified,89981
259023,E036,073007,VIA FRANCESCO CRISPI,,VIA FRANCESCO CRISPI,Ginosa,Puglia,073007,crispi_francesco,Francesco Crispi,Francesco Crispi,100.0,exact_canonical,francesco crispi,accepted_auto,Francesco Crispi,political_and_administration,Eritrea;Ethiopia;Somalia,1887-1896,Prime minister and a principal political promoter of Italian colonial expansion in the Horn of Africa; his policy culminated in the war ending at Adwa.,https://www.treccani.it/enciclopedia/francesco-crispi/,,False,verified_manual,89981
1165876,E038,072021,VIA DUCA DEGLI ABRUZZI,,VIA DUCA DEGLI ABRUZZI,Gioia del Colle,Puglia,072021,savoiaaosta_luigiamedeo,Luigi Amedeo di Savoia-Aosta,Duca degli Abruzzi,100.0,exact_alias,duca degli abruzzi,accepted_auto,Luigi Amedeo di Savoia-Aosta;Duca degli Abruzzi,economic_and_colonization,Somalia,1919-1933,"Prince, explorer and founder of the large agricultural settlement and company at Villaggio Duca degli Abruzzi in Italian Somalia.",https://www.treccani.it/enciclopedia/savoia-aosta-luigi-amedeo-giuseppe-maria-ferdinando-francesco-di-duca-degli-abruzzi_%28Dizionario-Biografico%29/,,False,verified_manual,89981
1184413,E047,072022,VIA FRANCESCO CRISPI,,VIA FRANCESCO CRISPI,Giovinazzo,Puglia,072022,crispi_francesco,Francesco Crispi,Francesco Crispi,100.0,exact_canonical,francesco crispi,accepted_auto,Francesco Crispi,political_and_administration,Eritrea;Ethiopia;Somalia,1887-1896,Prime minister and a principal political promoter of Italian colonial expansion in the Horn of Africa; his policy culminated in the war ending at Adwa.,https://www.treccani.it/enciclopedia/francesco-crispi/,,False,verified_manual,89981
1184603,E047,072022,VIA PIETRO TOSELLI,,VIA PIETRO TOSELLI,Giovinazzo,Puglia,072022,toselli_pietro,Pietro Toselli,Pietro Toselli,100.0,exact_canonical,pietro toselli,accepted_auto,Pietro Toselli;Toselli;Maggiore Toselli,military,Eritrea;Ethiopia,1890s,Italian officer in the colonial campaigns in the Horn of Africa; killed at Amba Alagi in 1895.,https://www.tandfonline.com/doi/full/10.1080/1369801X.2023.2222710,,True,verified,89981
999555,E061,075033,VIA DUCA DEGLI ABRUZZI,,VIA DUCA DEGLI ABRUZZI,Giurdignano,Puglia,075033,savoiaaosta_luigiamedeo,Luigi Amedeo di Savoia-Aosta,Duca degli Abruzzi,100.0,exact_alias,duca degli abruzzi,accepted_auto,Luigi Amedeo di Savoia-Aosta;Duca degli Abruzzi,economic_and_colonization,Somalia,1919-1933,"Prince, explorer and founder of the large agricultural settlement and company at Villaggio Duca degli Abruzzi in Italian Somalia.",https://www.treccani.it/enciclopedia/savoia-aosta-luigi-amedeo-giuseppe-maria-ferdinando-francesco-di-duca-degli-abruzzi_%28Dizionario-Biografico%29/,,False,verified_manual,89981
999561,E061,075033,VIA GALLIANO,,VIA GALLIANO,Giurdignano,Puglia,075033,galliano_giuseppe,Giuseppe Galliano,Galliano,100.0,exact_surname,galliano,needs_review,Giuseppe Galliano;Galliano,military,Eritrea;Ethiopia,1880s-1890s,Italian officer active in the colonial campaigns in Eritrea and Ethiopia.,https://www.lastampa.it/torino/2023/03/22/news/nomi_vie_piazze_colonialismo-12713667/,,True,verified,89981
855656,E155,072023,VIA FRANCESCO CRISPI,,VIA FRANCESCO CRISPI,Gravina in Puglia,Puglia,072023,crispi_francesco,Francesco Crispi,Francesco Crispi,100.0,exact_canonical,francesco crispi,accepted_auto,Francesco Crispi,political_and_administration,Eritrea;Ethiopia;Somalia,1887-1896,Prime minister and a principal political promoter of Italian colonial expansion in the Horn of Africa; his policy culminated in the war ending at Adwa.,https://www.treccani.it/enciclopedia/francesco-crispi/,,False,verified_manual,89981
623914,E205,073008,VIA DUCA DEGLI ABRUZZI,,VIA DUCA DEGLI ABRUZZI,Grottaglie,Puglia,073008,savoiaaosta_luigiamedeo,Luigi Amedeo di Savoia-Aosta,Duca degli Abruzzi,100.0,exact_alias,duca degli abruzzi,accepted_auto,Luigi Amedeo di Savoia-Aosta;Duca degli Abruzzi,economic_and_colonization,Somalia,1919-1933,"Prince, explorer and founder of the large agricultural settlement and company at Villaggio Duca degli Abruzzi in Italian Somalia.",https://www.treccani.it/enciclopedia/savoia-aosta-luigi-amedeo-giuseppe-maria-ferdinando-francesco-di-duca-degli-abruzzi_%28Dizionario-Biografico%29/,,False,verified_manual,89981
623946,E205,073008,VIA FRANCESCO CRISPI,,VIA FRANCESCO CRISPI,Grottaglie,Puglia,073008,crispi_francesco,Francesco Crispi,Francesco Crispi,100.0,exact_canonical,francesco crispi,accepted_auto,Francesco Crispi,political_and_administration,Eritrea;Ethiopia;Somalia,1887-1896,Prime minister and a principal political promoter of Italian colonial expansion in the Horn of Africa; his policy culminated in the war ending at Adwa.,https://www.treccani.it/enciclopedia/francesco-crispi/,,False,verified_manual,89981
982443,E227,075034,VIA DUCA DEGLI ABRUZZI,,VIA DUCA DEGLI ABRUZZI,Guagnano,Puglia,075034,savoiaaosta_luigiamedeo,Luigi Amedeo di Savoia-Aosta,Duca degli Abruzzi,100.0,exact_alias,duca degli abruzzi,accepted_auto,Luigi Amedeo di Savoia-Aosta;Duca degli Abruzzi,economic_and_colonization,Somalia,1919-1933,"Prince, explorer and founder of the large agricultural settlement and company at Villaggio Duca degli Abruzzi in Italian Somalia.",https://www.treccani.it/enciclopedia/savoia-aosta-luigi-amedeo-giuseppe-maria-ferdinando-francesco-di-duca-degli-abruzzi_%28Dizionario-Biografico%29/,,False,verified_manual,89981
982459,E227,075034,VIA GIUSEPPE GALLIANO,,VIA GIUSEPPE GALLIANO,Guagnano,Puglia,075034,galliano_giuseppe,Giuseppe Galliano,Giuseppe Galliano,100.0,exact_canonical,giuseppe galliano,accepted_auto,Giuseppe Galliano;Galliano,military,Eritrea;Ethiopia,1880s-1890s,Italian officer active in the colonial campaigns in Eritrea and Ethiopia.,https://www.lastampa.it/torino/2023/03/22/news/nomi_vie_piazze_colonialismo-12713667/,,True,verified,89981
982587,E227,075034,VIA PIETRO TOSELLI,,VIA PIETRO TOSELLI,Guagnano,Puglia,075034,toselli_pietro,Pietro Toselli,Pietro Toselli,100.0,exact_canonical,pietro toselli,accepted_auto,Pietro Toselli;Toselli;Maggiore Toselli,military,Eritrea;Ethiopia,1890s,Italian officer in the colonial campaigns in the Horn of Africa; killed at Amba Alagi in 1895.,https://www.tandfonline.com/doi/full/10.1080/1369801X.2023.2222710,,True,verified,89981
322817,E469,073009,VIA DUCA DEGLI ABRUZZI,,VIA DUCA DEGLI ABRUZZI,Laterza,Puglia,073009,savoiaaosta_luigiamedeo,Luigi Amedeo di Savoia-Aosta,Duca degli Abruzzi,100.0,exact_alias,duca degli abruzzi,accepted_auto,Luigi Amedeo di Savoia-Aosta;Duca degli Abruzzi,economic_and_colonization,Somalia,1919-1933,"Prince, explorer and founder of the large agricultural settlement and company at Villaggio Duca degli Abruzzi in Italian Somalia.",https://www.treccani.it/enciclopedia/savoia-aosta-luigi-amedeo-giuseppe-maria-ferdinando-francesco-di-duca-degli-abruzzi_%28Dizionario-Biografico%29/,,False,verified_manual,89981
322873,E469,073009,VIA ITALO BALBO,,VIA ITALO BALBO,Laterza,Puglia,073009,balbo_italo,Italo Balbo,Italo Balbo,100.0,exact_canonical,italo balbo,accepted_auto,Italo Balbo;Balbo,political_and_administration,Libya,1934-1940,Governor-General of Italian Libya from 1934 to 1940.,https://www.treccani.it/enciclopedia/italo-balbo/,,True,verified,89981
1169573,E506,075035,VIA DUCA DEGLI ABRUZZI,,VIA DUCA DEGLI ABRUZZI,Lecce,Puglia,075035,savoiaaosta_luigiamedeo,Luigi Amedeo di Savoia-Aosta,Duca degli Abruzzi,100.0,exact_alias,duca degli abruzzi,accepted_auto,Luigi Amedeo di Savoia-Aosta;Duca degli Abruzzi,economic_and_colonization,Somalia,1919-1933,"Prince, explorer and founder of the large agricultural settlement and company at Villaggio Duca degli Abruzzi in Italian Somalia.",https://www.treccani.it/enciclopedia/savoia-aosta-luigi-amedeo-giuseppe-maria-ferdinando-francesco-di-duca-degli-abruzzi_%28Dizionario-Biografico%29/,,False,verified_manual,89981
1169659,E506,075035,VIA FRANCESCO CRISPI,,VIA FRANCESCO CRISPI,Lecce,Puglia,075035,crispi_francesco,Francesco Crispi,Francesco Crispi,100.0,exact_canonical,francesco crispi,accepted_auto,Francesco Crispi,political_and_administration,Eritrea;Ethiopia;Somalia,1887-1896,Prime minister and a principal political promoter of Italian colonial expansion in the Horn of Africa; his policy culminated in the war ending at Adwa.,https://www.treccani.it/enciclopedia/francesco-crispi/,,False,verified_manual,89981
1169813,E506,075035,VIA GIUSEPPE SAPETO,,VIA GIUSEPPE SAPETO,Lecce,Puglia,075035,sapeto_giuseppe,Giuseppe Sapeto,Giuseppe Sapeto,100.0,exact_canonical,giuseppe sapeto,accepted_auto,Giuseppe Sapeto,exploration_geography,Eritrea,1869-1881,"Explorer, orientalist and government agent who negotiated the purchase of Assab for the Rubattino company, a foundational step in Italian colonial expansion in the Red Sea.",https://www.treccani.it/enciclopedia/giuseppe-sapeto_%28Dizionario-Biografico%29/,Q168017,False,verified_manual,89981
1169705,E506,075035,VIA MAGGIORE GALLIANO,,VIA MAGGIORE GALLIANO,Lecce,Puglia,075035,galliano_giuseppe,Giuseppe Galliano,Galliano,100.0,exact_surname,maggiore galliano,needs_review,Giuseppe Galliano;Galliano,military,Eritrea;Ethiopia,1880s-1890s,Italian officer active in the colonial campaigns in Eritrea and Ethiopia.,https://www.lastampa.it/torino/2023/03/22/news/nomi_vie_piazze_colonialismo-12713667/,,True,verified,89981
1169931,E506,075035,VIA MAGGIORE TOSELLI,,VIA MAGGIORE TOSELLI,Lecce,Puglia,075035,toselli_pietro,Pietro Toselli,Toselli,100.0,exact_surname,maggiore toselli,needs_review,Pietro Toselli;Toselli;Maggiore Toselli,military,Eritrea;Ethiopia,1890s,Italian officer in the colonial campaigns in the Horn of Africa; killed at Amba Alagi in 1895.,https://www.tandfonline.com/doi/full/10.1080/1369801X.2023.2222710,,True,verified,89981
1170036,E506,075035,VIA ORAZIO ANTINORI,,VIA ORAZIO ANTINORI,Lecce,Puglia,075035,antinori_orazio,Orazio Antinori,Orazio Antinori,100.0,exact_canonical,orazio antinori,accepted_auto,Orazio Antinori,exploration_geography,Ethiopia;Eritrea,1870s-1882,Explorer and naturalist whose Ethiopian expeditions and diplomatic role helped establish early Italian political influence in Shoa.,https://www.treccani.it/enciclopedia/orazio-antinori_%28Enciclopedia-Italiana%29/,,False,verified_manual,89981
1170358,E506,075035,VIA VITTORIO BOTTEGO,,VIA VITTORIO BOTTEGO,Lecce,Puglia,075035,bottego_vittorio,Vittorio Bottego,Vittorio Bottego,100.0,exact_canonical,vittorio bottego,accepted_auto,Vittorio Bottego,exploration_geography,Somalia;Ethiopia;Eritrea,1887-1897,Army officer and explorer whose expeditions in the Horn of Africa were closely connected with Italian territorial ambitions in Somalia and Ethiopia.,https://www.treccani.it/enciclopedia/vittorio-bottego_%28Dizionario-Biografico%29/,,False,verified_manual,89981
417718,E537,073010,VIA FRANCESCO CRISPI,,VIA FRANCESCO CRISPI,Leporano,Puglia,073010,crispi_francesco,Francesco Crispi,Francesco Crispi,100.0,exact_canonical,francesco crispi,accepted_auto,Francesco Crispi,political_and_administration,Eritrea;Ethiopia;Somalia,1887-1896,Prime minister and a principal political promoter of Italian colonial expansion in the Horn of Africa; his policy culminated in the war ending at Adwa.,https://www.treccani.it/enciclopedia/francesco-crispi/,,False,verified_manual,89981
527072,E549,071027,VIA DUCA DEGLI ABRUZZI,,VIA DUCA DEGLI ABRUZZI,Lesina,Puglia,071027,savoiaaosta_luigiamedeo,Luigi Amedeo di Savoia-Aosta,Duca degli Abruzzi,100.0,exact_alias,duca degli abruzzi,accepted_auto,Luigi Amedeo di Savoia-Aosta;Duca degli Abruzzi,economic_and_colonization,Somalia,1919-1933,"Prince, explorer and founder of the large agricultural settlement and company at Villaggio Duca degli Abruzzi in Italian Somalia.",https://www.treccani.it/enciclopedia/savoia-aosta-luigi-amedeo-giuseppe-maria-ferdinando-francesco-di-duca-degli-abruzzi_%28Dizionario-Biografico%29/,,False,verified_manual,89981
1002049,E563,075037,VIA FRANCESCO CRISPI,,VIA FRANCESCO CRISPI,Leverano,Puglia,075037,crispi_francesco,Francesco Crispi,Francesco Crispi,100.0,exact_canonical,francesco crispi,accepted_auto,Francesco Crispi,political_and_administration,Eritrea;Ethiopia;Somalia,1887-1896,Prime minister and a principal political promoter of Italian colonial expansion in the Horn of Africa; his policy culminated in the war ending at Adwa.,https://www.treccani.it/enciclopedia/francesco-crispi/,,False,verified_manual,89981
1043916,E629,075038,VIA PIETRO TOSELLI,,VIA PIETRO TOSELLI,Lizzanello,Puglia,075038,toselli_pietro,Pietro Toselli,Pietro Toselli,100.0,exact_canonical,pietro toselli,accepted_auto,Pietro Toselli;Toselli;Maggiore Toselli,military,Eritrea;Ethiopia,1890s,Italian officer in the colonial campaigns in the Horn of Africa; killed at Amba Alagi in 1895.,https://www.tandfonline.com/doi/full/10.1080/1369801X.2023.2222710,,True,verified,89981
583679,E630,073011,VIA FRANCESCO CRISPI,,VIA FRANCESCO CRISPI,Lizzano,Puglia,073011,crispi_francesco,Francesco Crispi,Francesco Crispi,100.0,exact_canonical,francesco crispi,accepted_auto,Francesco Crispi,political_and_administration,Eritrea;Ethiopia;Somalia,1887-1896,Prime minister and a principal political promoter of Italian colonial expansion in the Horn of Africa; his policy culminated in the war ending at Adwa.,https://www.treccani.it/enciclopedia/francesco-crispi/,,False,verified_manual,89981
1150532,E645,072025,VIA ITALO BALBO,,VIA ITALO BALBO,Locorotondo,Puglia,072025,balbo_italo,Italo Balbo,Italo Balbo,100.0,exact_canonical,italo balbo,accepted_auto,Italo Balbo;Balbo,political_and_administration,Libya,1934-1940,Governor-General of Italian Libya from 1934 to 1940.,https://www.treccani.it/enciclopedia/italo-balbo/,,True,verified,89981
797672,E716,071028,VIA FRANCESCO CRISPI,,VIA FRANCESCO CRISPI,Lucera,Puglia,071028,crispi_francesco,Francesco Crispi,Francesco Crispi,100.0,exact_canonical,francesco crispi,accepted_auto,Francesco Crispi,political_and_administration,Eritrea;Ethiopia;Somalia,1887-1896,Prime minister and a principal political promoter of Italian colonial expansion in the Horn of Africa; his policy culminated in the war ending at Adwa.,https://www.treccani.it/enciclopedia/francesco-crispi/,,False,verified_manual,89981
702307,E882,073012,VIA FRANCESCO CRISPI,,VIA FRANCESCO CRISPI,Manduria,Puglia,073012,crispi_francesco,Francesco Crispi,Francesco Crispi,100.0,exact_canonical,francesco crispi,accepted_auto,Francesco Crispi,political_and_administration,Eritrea;Ethiopia;Somalia,1887-1896,Prime minister and a principal political promoter of Italian colonial expansion in the Horn of Africa; his policy culminated in the war ending at Adwa.,https://www.treccani.it/enciclopedia/francesco-crispi/,,False,verified_manual,89981
702352,E882,073012,VIA GIUSEPPE GALLIANO,,VIA GIUSEPPE GALLIANO,Manduria,Puglia,073012,galliano_giuseppe,Giuseppe Galliano,Giuseppe Galliano,100.0,exact_canonical,giuseppe galliano,accepted_auto,Giuseppe Galliano;Galliano,military,Eritrea;Ethiopia,1880s-1890s,Italian officer active in the colonial campaigns in Eritrea and Ethiopia.,https://www.lastampa.it/torino/2023/03/22/news/nomi_vie_piazze_colonialismo-12713667/,,True,verified,89981
702574,E882,073012,VIA PIETRO TOSELLI,,VIA PIETRO TOSELLI,Manduria,Puglia,073012,toselli_pietro,Pietro Toselli,Pietro Toselli,100.0,exact_canonical,pietro toselli,accepted_auto,Pietro Toselli;Toselli;Maggiore Toselli,military,Eritrea;Ethiopia,1890s,Italian officer in the colonial campaigns in the Horn of Africa; killed at Amba Alagi in 1895.,https://www.tandfonline.com/doi/full/10.1080/1369801X.2023.2222710,,True,verified,89981
1125186,E946,110005,VIA MAGGIORE GIUSEPPE GALLIANO,,VIA MAGGIORE GIUSEPPE GALLIANO,Margherita di Savoia,Puglia,110005,galliano_giuseppe,Giuseppe Galliano,Giuseppe Galliano,100.0,exact_canonical,maggiore giuseppe galliano,accepted_auto,Giuseppe Galliano;Galliano,military,Eritrea;Ethiopia,1880s-1890s,Italian officer active in the colonial campaigns in Eritrea and Ethiopia.,https://www.lastampa.it/torino/2023/03/22/news/nomi_vie_piazze_colonialismo-12713667/,,True,verified,89981
1125146,E946,110005,VIALE DUCA DEGLI ABRUZZI,,VIALE DUCA DEGLI ABRUZZI,Margherita di Savoia,Puglia,110005,savoiaaosta_luigiamedeo,Luigi Amedeo di Savoia-Aosta,Duca degli Abruzzi,100.0,exact_alias,duca degli abruzzi,accepted_auto,Luigi Amedeo di Savoia-Aosta;Duca degli Abruzzi,economic_and_colonization,Somalia,1919-1933,"Prince, explorer and founder of the large agricultural settlement and company at Villaggio Duca degli Abruzzi in Italian Somalia.",https://www.treccani.it/enciclopedia/savoia-aosta-luigi-amedeo-giuseppe-maria-ferdinando-francesco-di-duca-degli-abruzzi_%28Dizionario-Biografico%29/,,False,verified_manual,89981
700565,E986,073013,PIAZZA FRANCESCO CRISPI,,PIAZZA FRANCESCO CRISPI,Martina Franca,Puglia,073013,crispi_francesco,Francesco Crispi,Francesco Crispi,100.0,exact_canonical,francesco crispi,accepted_auto,Francesco Crispi,political_and_administration,Eritrea;Ethiopia;Somalia,1887-1896,Prime minister and a principal political promoter of Italian colonial expansion in the Horn of Africa; his policy culminated in the war ending at Adwa.,https://www.treccani.it/enciclopedia/francesco-crispi/,,False,verified_manual,89981
703432,E995,073014,VIA DUCA DEGLI ABRUZZI,,VIA DUCA DEGLI ABRUZZI,Maruggio,Puglia,073014,savoiaaosta_luigiamedeo,Luigi Amedeo di Savoia-Aosta,Duca degli Abruzzi,100.0,exact_alias,duca degli abruzzi,accepted_auto,Luigi Amedeo di Savoia-Aosta;Duca degli Abruzzi,economic_and_colonization,Somalia,1919-1933,"Prince, explorer and founder of the large agricultural settlement and company at Villaggio Duca degli Abruzzi in Italian Somalia.",https://www.treccani.it/enciclopedia/savoia-aosta-luigi-amedeo-giuseppe-maria-ferdinando-francesco-di-duca-degli-abruzzi_%28Dizionario-Biografico%29/,,False,verified_manual,89981
703491,E995,073014,VIA ITALO BALBO,,VIA ITALO BALBO,Maruggio,Puglia,073014,balbo_italo,Italo Balbo,Italo Balbo,100.0,exact_canonical,italo balbo,accepted_auto,Italo Balbo;Balbo,political_and_administration,Libya,1934-1940,Governor-General of Italian Libya from 1934 to 1940.,https://www.treccani.it/enciclopedia/italo-balbo/,,True,verified,89981
703518,E995,073014,VIA MAGGIORE GALLIANO,,VIA MAGGIORE GALLIANO,Maruggio,Puglia,073014,galliano_giuseppe,Giuseppe Galliano,Galliano,100.0,exact_surname,maggiore galliano,needs_review,Giuseppe Galliano;Galliano,military,Eritrea;Ethiopia,1880s-1890s,Italian officer active in the colonial campaigns in Eritrea and Ethiopia.,https://www.lastampa.it/torino/2023/03/22/news/nomi_vie_piazze_colonialismo-12713667/,,True,verified,89981
703519,E995,073014,VIA MAGGIORE TOSELLI,,VIA MAGGIORE TOSELLI,Maruggio,Puglia,073014,toselli_pietro,Pietro Toselli,Toselli,100.0,exact_surname,maggiore toselli,needs_review,Pietro Toselli;Toselli;Maggiore Toselli,military,Eritrea;Ethiopia,1890s,Italian officer in the colonial campaigns in the Horn of Africa; killed at Amba Alagi in 1895.,https://www.tandfonline.com/doi/full/10.1080/1369801X.2023.2222710,,True,verified,89981
1041977,F054,075042,VIA FRANCESCO CRISPI,,VIA FRANCESCO CRISPI,Matino,Puglia,075042,crispi_francesco,Francesco Crispi,Francesco Crispi,100.0,exact_canonical,francesco crispi,accepted_auto,Francesco Crispi,political_and_administration,Eritrea;Ethiopia;Somalia,1887-1896,Prime minister and a principal political promoter of Italian colonial expansion in the Horn of Africa; his policy culminated in the war ending at Adwa.,https://www.treccani.it/enciclopedia/francesco-crispi/,,False,verified_manual,89981
1042196,F054,075042,VIA PIETRO TOSELLI,,VIA PIETRO TOSELLI,Matino,Puglia,075042,toselli_pietro,Pietro Toselli,Pietro Toselli,100.0,exact_canonical,pietro toselli,accepted_auto,Pietro Toselli;Toselli;Maggiore Toselli,military,Eritrea;Ethiopia,1890s,Italian officer in the colonial campaigns in the Horn of Africa; killed at Amba Alagi in 1895.,https://www.tandfonline.com/doi/full/10.1080/1369801X.2023.2222710,,True,verified,89981
1123470,F101,075043,VIA DUCA DEGLI ABRUZZI,,VIA DUCA DEGLI ABRUZZI,Melendugno,Puglia,075043,savoiaaosta_luigiamedeo,Luigi Amedeo di Savoia-Aosta,Duca degli Abruzzi,100.0,exact_alias,duca degli abruzzi,accepted_auto,Luigi Amedeo di Savoia-Aosta;Duca degli Abruzzi,economic_and_colonization,Somalia,1919-1933,"Prince, explorer and founder of the large agricultural settlement and company at Villaggio Duca degli Abruzzi in Italian Somalia.",https://www.treccani.it/enciclopedia/savoia-aosta-luigi-amedeo-giuseppe-maria-ferdinando-francesco-di-duca-degli-abruzzi_%28Dizionario-Biografico%29/,,False,verified_manual,89981
1123485,F101,075043,VIA FRANCESCO CRISPI,,VIA FRANCESCO CRISPI,Melendugno,Puglia,075043,crispi_francesco,Francesco Crispi,Francesco Crispi,100.0,exact_canonical,francesco crispi,accepted_auto,Francesco Crispi,political_and_administration,Eritrea;Ethiopia;Somalia,1887-1896,Prime minister and a principal political promoter of Italian colonial expansion in the Horn of Africa; his policy culminated in the war ending at Adwa.,https://www.treccani.it/enciclopedia/francesco-crispi/,,False,verified_manual,89981
1203721,F109,075044,VIA FRANCESCO CRISPI,,VIA FRANCESCO CRISPI,Melissano,Puglia,075044,crispi_francesco,Francesco Crispi,Francesco Crispi,100.0,exact_canonical,francesco crispi,accepted_auto,Francesco Crispi,political_and_administration,Eritrea;Ethiopia;Somalia,1887-1896,Prime minister and a principal political promoter of Italian colonial expansion in the Horn of Africa; his policy culminated in the war ending at Adwa.,https://www.treccani.it/enciclopedia/francesco-crispi/,,False,verified_manual,89981
1110035,F117,075045,VIA FRANCESCO CRISPI,,VIA FRANCESCO CRISPI,Melpignano,Puglia,075045,crispi_francesco,Francesco Crispi,Francesco Crispi,100.0,exact_canonical,francesco crispi,accepted_auto,Francesco Crispi,political_and_administration,Eritrea;Ethiopia;Somalia,1887-1896,Prime minister and a principal political promoter of Italian colonial expansion in the Horn of Africa; his policy culminated in the war ending at Adwa.,https://www.treccani.it/enciclopedia/francesco-crispi/,,False,verified_manual,89981
895908,F152,074010,VIA FRANCESCO CRISPI,,VIA FRANCESCO CRISPI,Mesagne,Puglia,074010,crispi_francesco,Francesco Crispi,Francesco Crispi,100.0,exact_canonical,francesco crispi,accepted_auto,Francesco Crispi,political_and_administration,Eritrea;Ethiopia;Somalia,1887-1896,Prime minister and a principal political promoter of Italian colonial expansion in the Horn of Africa; his policy culminated in the war ending at Adwa.,https://www.treccani.it/enciclopedia/francesco-crispi/,,False,verified_manual,89981
981392,F221,075047,VIA DUCA DEGLI ABRUZZI,,VIA DUCA DEGLI ABRUZZI,Minervino di Lecce,Puglia,075047,savoiaaosta_luigiamedeo,Luigi Amedeo di Savoia-Aosta,Duca degli Abruzzi,100.0,exact_alias,duca degli abruzzi,accepted_auto,Luigi Amedeo di Savoia-Aosta;Duca degli Abruzzi,economic_and_colonization,Somalia,1919-1933,"Prince, explorer and founder of the large agricultural settlement and company at Villaggio Duca degli Abruzzi in Italian Somalia.",https://www.treccani.it/enciclopedia/savoia-aosta-luigi-amedeo-giuseppe-maria-ferdinando-francesco-di-duca-degli-abruzzi_%28Dizionario-Biografico%29/,,False,verified_manual,89981
981490,F221,075047,VIA TOSELLI,,VIA TOSELLI,Minervino di Lecce,Puglia,075047,toselli_pietro,Pietro Toselli,Toselli,100.0,exact_surname,toselli,needs_review,Pietro Toselli;Toselli;Maggiore Toselli,military,Eritrea;Ethiopia,1890s,Italian officer in the colonial campaigns in the Horn of Africa; killed at Amba Alagi in 1895.,https://www.tandfonline.com/doi/full/10.1080/1369801X.2023.2222710,,True,verified,89981
1257849,F262,072027,VIA MAGGIORE PIETRO TOSELLI,,VIA MAGGIORE PIETRO TOSELLI,Modugno,Puglia,072027,toselli_pietro,Pietro Toselli,Pietro Toselli,100.0,exact_canonical,maggiore pietro toselli,accepted_auto,Pietro Toselli;Toselli;Maggiore Toselli,military,Eritrea;Ethiopia,1890s,Italian officer in the colonial campaigns in the Horn of Africa; killed at Amba Alagi in 1895.,https://www.tandfonline.com/doi/full/10.1080/1369801X.2023.2222710,,True,verified,89981
1257765,F262,072027,VIA PRINCIPE AMEDEO DI SAVOIA-AOSTA,,VIA PRINCIPE AMEDEO DI SAVOIA-AOSTA,Modugno,Puglia,072027,savoiaaosta_amedeo,Amedeo di Savoia-Aosta,Amedeo di Savoia-Aosta,100.0,exact_canonical,principe amedeo di savoia aosta,accepted_auto,Amedeo di Savoia-Aosta,military_and_administration,Ethiopia;Eritrea;Somalia;Libya,1928-1941,Colonial military officer in Libya and viceroy/governor-general of Italian East Africa from 1937 until the collapse of the colony.,https://www.treccani.it/enciclopedia/savoia-aosta-amedeo-di-duca-d-aosta_%28Dizionario-Biografico%29/,,False,verified_manual,89981
857176,F280,072028,VIA DUCA DEGLI ABRUZZI,,VIA DUCA DEGLI ABRUZZI,Mola di Bari,Puglia,072028,savoiaaosta_luigiamedeo,Luigi Amedeo di Savoia-Aosta,Duca degli Abruzzi,100.0,exact_alias,duca degli abruzzi,accepted_auto,Luigi Amedeo di Savoia-Aosta;Duca degli Abruzzi,economic_and_colonization,Somalia,1919-1933,"Prince, explorer and founder of the large agricultural settlement and company at Villaggio Duca degli Abruzzi in Italian Somalia.",https://www.treccani.it/enciclopedia/savoia-aosta-luigi-amedeo-giuseppe-maria-ferdinando-francesco-di-duca-degli-abruzzi_%28Dizionario-Biografico%29/,,False,verified_manual,89981
857195,F280,072028,VIA FRANCESCO CRISPI,,VIA FRANCESCO CRISPI,Mola di Bari,Puglia,072028,crispi_francesco,Francesco Crispi,Francesco Crispi,100.0,exact_canonical,francesco crispi,accepted_auto,Francesco Crispi,political_and_administration,Eritrea;Ethiopia;Somalia,1887-1896,Prime minister and a principal political promoter of Italian colonial expansion in the Horn of Africa; his policy culminated in the war ending at Adwa.,https://www.treccani.it/enciclopedia/francesco-crispi/,,False,verified_manual,89981
259761,F563,073017,VIA GALLIANO,,VIA GALLIANO,Montemesola,Puglia,073017,galliano_giuseppe,Giuseppe Galliano,Galliano,100.0,exact_surname,galliano,needs_review,Giuseppe Galliano;Galliano,military,Eritrea;Ethiopia,1880s-1890s,Italian officer active in the colonial campaigns in Eritrea and Ethiopia.,https://www.lastampa.it/torino/2023/03/22/news/nomi_vie_piazze_colonialismo-12713667/,,True,verified,89981
259798,F563,073017,VIA TOSELLI,,VIA TOSELLI,Montemesola,Puglia,073017,toselli_pietro,Pietro Toselli,Toselli,100.0,exact_surname,toselli,needs_review,Pietro Toselli;Toselli;Maggiore Toselli,military,Eritrea;Ethiopia,1890s,Italian officer in the colonial campaigns in the Horn of Africa; killed at Amba Alagi in 1895.,https://www.tandfonline.com/doi/full/10.1080/1369801X.2023.2222710,,True,verified,89981
1128929,F631,071033,VIA FRANCESCO CRISPI,,VIA FRANCESCO CRISPI,Monte Sant'Angelo,Puglia,071033,crispi_francesco,Francesco Crispi,Francesco Crispi,100.0,exact_canonical,francesco crispi,accepted_auto,Francesco Crispi,political_and_administration,Eritrea;Ethiopia;Somalia,1887-1896,Prime minister and a principal political promoter of Italian colonial expansion in the Horn of Africa; his policy culminated in the war ending at Adwa.,https://www.treccani.it/enciclopedia/francesco-crispi/,,False,verified_manual,89981
1128991,F631,071033,VIA MAGGIORE PIETRO TOSELLI,,VIA MAGGIORE PIETRO TOSELLI,Monte Sant'Angelo,Puglia,071033,toselli_pietro,Pietro Toselli,Pietro Toselli,100.0,exact_canonical,maggiore pietro toselli,accepted_auto,Pietro Toselli;Toselli;Maggiore Toselli,military,Eritrea;Ethiopia,1890s,Italian officer in the colonial campaigns in the Horn of Africa; killed at Amba Alagi in 1895.,https://www.tandfonline.com/doi/full/10.1080/1369801X.2023.2222710,,True,verified,89981
669593,F784,073019,VIA FRANCESCO CRISPI,,VIA FRANCESCO CRISPI,Mottola,Puglia,073019,crispi_francesco,Francesco Crispi,Francesco Crispi,100.0,exact_canonical,francesco crispi,accepted_auto,Francesco Crispi,political_and_administration,Eritrea;Ethiopia;Somalia,1887-1896,Prime minister and a principal political promoter of Italian colonial expansion in the Horn of Africa; his policy culminated in the war ending at Adwa.,https://www.treccani.it/enciclopedia/francesco-crispi/,,False,verified_manual,89981
1001631,F816,075051,VIA GALLIANO,,VIA GALLIANO,Muro Leccese,Puglia,075051,galliano_giuseppe,Giuseppe Galliano,Galliano,100.0,exact_surname,galliano,needs_review,Giuseppe Galliano;Galliano,military,Eritrea;Ethiopia,1880s-1890s,Italian officer active in the colonial campaigns in Eritrea and Ethiopia.,https://www.lastampa.it/torino/2023/03/22/news/nomi_vie_piazze_colonialismo-12713667/,,True,verified,89981
1001665,F816,075051,VIA PIETRO TOSELLI,,VIA PIETRO TOSELLI,Muro Leccese,Puglia,075051,toselli_pietro,Pietro Toselli,Pietro Toselli,100.0,exact_canonical,pietro toselli,accepted_auto,Pietro Toselli;Toselli;Maggiore Toselli,military,Eritrea;Ethiopia,1890s,Italian officer in the colonial campaigns in the Horn of Africa; killed at Amba Alagi in 1895.,https://www.tandfonline.com/doi/full/10.1080/1369801X.2023.2222710,,True,verified,89981
1306453,F842,075052,CORSO GIUSEPPE GALLIANO,,CORSO GIUSEPPE GALLIANO,Nardò,Puglia,075052,galliano_giuseppe,Giuseppe Galliano,Giuseppe Galliano,100.0,exact_canonical,giuseppe galliano,accepted_auto,Giuseppe Galliano;Galliano,military,Eritrea;Ethiopia,1880s-1890s,Italian officer active in the colonial campaigns in Eritrea and Ethiopia.,https://www.lastampa.it/torino/2023/03/22/news/nomi_vie_piazze_colonialismo-12713667/,,True,verified,89981
1306351,F842,075052,VIA DUCA DEGLI ABRUZZI,,VIA DUCA DEGLI ABRUZZI,Nardò,Puglia,075052,savoiaaosta_luigiamedeo,Luigi Amedeo di Savoia-Aosta,Duca degli Abruzzi,100.0,exact_alias,duca degli abruzzi,accepted_auto,Luigi Amedeo di Savoia-Aosta;Duca degli Abruzzi,economic_and_colonization,Somalia,1919-1933,"Prince, explorer and founder of the large agricultural settlement and company at Villaggio Duca degli Abruzzi in Italian Somalia.",https://www.treccani.it/enciclopedia/savoia-aosta-luigi-amedeo-giuseppe-maria-ferdinando-francesco-di-duca-degli-abruzzi_%28Dizionario-Biografico%29/,,False,verified_manual,89981
1306394,F842,075052,VIA FRANCESCO CRISPI,,VIA FRANCESCO CRISPI,Nardò,Puglia,075052,crispi_francesco,Francesco Crispi,Francesco Crispi,100.0,exact_canonical,francesco crispi,accepted_auto,Francesco Crispi,political_and_administration,Eritrea;Ethiopia;Somalia,1887-1896,Prime minister and a principal political promoter of Italian colonial expansion in the Horn of Africa; his policy culminated in the war ending at Adwa.,https://www.treccani.it/enciclopedia/francesco-crispi/,,False,verified_manual,89981
1307131,F842,075052,VIA ITALO BALBO,,VIA ITALO BALBO,Nardò,Puglia,075052,balbo_italo,Italo Balbo,Italo Balbo,100.0,exact_canonical,italo balbo,accepted_auto,Italo Balbo;Balbo,political_and_administration,Libya,1934-1940,Governor-General of Italian Libya from 1934 to 1940.,https://www.treccani.it/enciclopedia/italo-balbo/,,True,verified,89981
1307126,F842,075052,VIA ORAZIO ANTINORI,,VIA ORAZIO ANTINORI,Nardò,Puglia,075052,antinori_orazio,Orazio Antinori,Orazio Antinori,100.0,exact_canonical,orazio antinori,accepted_auto,Orazio Antinori,exploration_geography,Ethiopia;Eritrea,1870s-1882,Explorer and naturalist whose Ethiopian expeditions and diplomatic role helped establish early Italian political influence in Shoa.,https://www.treccani.it/enciclopedia/orazio-antinori_%28Enciclopedia-Italiana%29/,,False,verified_manual,89981
1306647,F842,075052,VIA PIETRO TOSELLI,,VIA PIETRO TOSELLI,Nardò,Puglia,075052,toselli_pietro,Pietro Toselli,Pietro Toselli,100.0,exact_canonical,pietro toselli,accepted_auto,Pietro Toselli;Toselli;Maggiore Toselli,military,Eritrea;Ethiopia,1890s,Italian officer in the colonial campaigns in the Horn of Africa; killed at Amba Alagi in 1895.,https://www.tandfonline.com/doi/full/10.1080/1369801X.2023.2222710,,True,verified,89981
1306809,F842,075052,VIA VITTORIO BOTTEGO,,VIA VITTORIO BOTTEGO,Nardò,Puglia,075052,bottego_vittorio,Vittorio Bottego,Vittorio Bottego,100.0,exact_canonical,vittorio bottego,accepted_auto,Vittorio Bottego,exploration_geography,Somalia;Ethiopia;Eritrea,1887-1897,Army officer and explorer whose expeditions in the Horn of Africa were closely connected with Italian territorial ambitions in Somalia and Ethiopia.,https://www.treccani.it/enciclopedia/vittorio-bottego_%28Dizionario-Biografico%29/,,False,verified_manual,89981
981668,F881,075053,VIA RODOLFO GRAZIANI,,VIA RODOLFO GRAZIANI,Neviano,Puglia,075053,graziani_rodolfo,Rodolfo Graziani,Rodolfo Graziani,100.0,exact_canonical,rodolfo graziani,accepted_auto,Rodolfo Graziani;Graziani;Maresciallo Graziani,military_and_administration,Libya;Ethiopia,1920s-1937,Senior colonial commander in Libya and commander in the Italo-Ethiopian war; viceroy of Ethiopia in 1936-1937.,https://www.treccani.it/enciclopedia/rodolfo-graziani/,,True,verified,89981
1154911,F915,072031,VIA ITALO BALBO,,VIA ITALO BALBO,Noci,Puglia,072031,balbo_italo,Italo Balbo,Italo Balbo,100.0,exact_canonical,italo balbo,accepted_auto,Italo Balbo;Balbo,political_and_administration,Libya,1934-1940,Governor-General of Italian Libya from 1934 to 1940.,https://www.treccani.it/enciclopedia/italo-balbo/,,True,verified,89981
1260801,F970,075055,VIA FRANCESCO CRISPI,,VIA FRANCESCO CRISPI,Novoli,Puglia,075055,crispi_francesco,Francesco Crispi,Francesco Crispi,100.0,exact_canonical,francesco crispi,accepted_auto,Francesco Crispi,political_and_administration,Eritrea;Ethiopia;Somalia,1887-1896,Prime minister and a principal political promoter of Italian colonial expansion in the Horn of Africa; his policy culminated in the war ending at Adwa.,https://www.treccani.it/enciclopedia/francesco-crispi/,,False,verified_manual,89981
1084623,G098,074011,VIA DUCA DEGLI ABRUZZI,,VIA DUCA DEGLI ABRUZZI,Oria,Puglia,074011,savoiaaosta_luigiamedeo,Luigi Amedeo di Savoia-Aosta,Duca degli Abruzzi,100.0,exact_alias,duca degli abruzzi,accepted_auto,Luigi Amedeo di Savoia-Aosta;Duca degli Abruzzi,economic_and_colonization,Somalia,1919-1933,"Prince, explorer and founder of the large agricultural settlement and company at Villaggio Duca degli Abruzzi in Italian Somalia.",https://www.treccani.it/enciclopedia/savoia-aosta-luigi-amedeo-giuseppe-maria-ferdinando-francesco-di-duca-degli-abruzzi_%28Dizionario-Biografico%29/,,False,verified_manual,89981
1084645,G098,074011,VIA FRANCESCO CRISPI,,VIA FRANCESCO CRISPI,Oria,Puglia,074011,crispi_francesco,Francesco Crispi,Francesco Crispi,100.0,exact_canonical,francesco crispi,accepted_auto,Francesco Crispi,political_and_administration,Eritrea;Ethiopia;Somalia,1887-1896,Prime minister and a principal political promoter of Italian colonial expansion in the Horn of Africa; his policy culminated in the war ending at Adwa.,https://www.treccani.it/enciclopedia/francesco-crispi/,,False,verified_manual,89981
1075434,G131,071036,VIA BALDISSERA,,VIA BALDISSERA,Orta Nova,Puglia,071036,baldissera_antonio,Antonio Baldissera,Baldissera,100.0,exact_surname,baldissera,needs_review,Antonio Baldissera;Baldissera,military_and_administration,Eritrea;Ethiopia,1880s-1890s,General associated with the occupation and military administration of Eritrea.,https://www.tandfonline.com/doi/full/10.1080/1369801X.2023.2222710,,True,verified,89981
1075496,G131,071036,VIA DUCA DEGLI ABRUZZI,,VIA DUCA DEGLI ABRUZZI,Orta Nova,Puglia,071036,savoiaaosta_luigiamedeo,Luigi Amedeo di Savoia-Aosta,Duca degli Abruzzi,100.0,exact_alias,duca degli abruzzi,accepted_auto,Luigi Amedeo di Savoia-Aosta;Duca degli Abruzzi,economic_and_colonization,Somalia,1919-1933,"Prince, explorer and founder of the large agricultural settlement and company at Villaggio Duca degli Abruzzi in Italian Somalia.",https://www.treccani.it/enciclopedia/savoia-aosta-luigi-amedeo-giuseppe-maria-ferdinando-francesco-di-duca-degli-abruzzi_%28Dizionario-Biografico%29/,,False,verified_manual,89981
1075532,G131,071036,VIA GALLIANO,,VIA GALLIANO,Orta Nova,Puglia,071036,galliano_giuseppe,Giuseppe Galliano,Galliano,100.0,exact_surname,galliano,needs_review,Giuseppe Galliano;Galliano,military,Eritrea;Ethiopia,1880s-1890s,Italian officer active in the colonial campaigns in Eritrea and Ethiopia.,https://www.lastampa.it/torino/2023/03/22/news/nomi_vie_piazze_colonialismo-12713667/,,True,verified,89981
1024294,G136,075056,VIA FRANCESCO CRISPI,,VIA FRANCESCO CRISPI,Ortelle,Puglia,075056,crispi_francesco,Francesco Crispi,Francesco Crispi,100.0,exact_canonical,francesco crispi,accepted_auto,Francesco Crispi,political_and_administration,Eritrea;Ethiopia;Somalia,1887-1896,Prime minister and a principal political promoter of Italian colonial expansion in the Horn of Africa; his policy culminated in the war ending at Adwa.,https://www.treccani.it/enciclopedia/francesco-crispi/,,False,verified_manual,89981
528754,G187,074012,VIA PIETRO TOSELLI,,VIA PIETRO TOSELLI,Ostuni,Puglia,074012,toselli_pietro,Pietro Toselli,Pietro Toselli,100.0,exact_canonical,pietro toselli,accepted_auto,Pietro Toselli;Toselli;Maggiore Toselli,military,Eritrea;Ethiopia,1890s,Italian officer in the colonial campaigns in the Horn of Africa; killed at Amba Alagi in 1895.,https://www.tandfonline.com/doi/full/10.1080/1369801X.2023.2222710,,True,verified,89981
528368,G187,074012,VIALE FRANCESCO CRISPI,,VIALE FRANCESCO CRISPI,Ostuni,Puglia,074012,crispi_francesco,Francesco Crispi,Francesco Crispi,100.0,exact_canonical,francesco crispi,accepted_auto,Francesco Crispi,political_and_administration,Eritrea;Ethiopia;Somalia,1887-1896,Prime minister and a principal political promoter of Italian colonial expansion in the Horn of Africa; his policy culminated in the war ending at Adwa.,https://www.treccani.it/enciclopedia/francesco-crispi/,,False,verified_manual,89981
626936,G252,073021,CONTRADA GALLIANO,,CONTRADA GALLIANO,Palagiano,Puglia,073021,galliano_giuseppe,Giuseppe Galliano,Galliano,100.0,exact_surname,galliano,needs_review,Giuseppe Galliano;Galliano,military,Eritrea;Ethiopia,1880s-1890s,Italian officer active in the colonial campaigns in Eritrea and Ethiopia.,https://www.lastampa.it/torino/2023/03/22/news/nomi_vie_piazze_colonialismo-12713667/,,True,verified,89981
626927,G252,073021,VIA FRANCESCO CRISPI,,VIA FRANCESCO CRISPI,Palagiano,Puglia,073021,crispi_francesco,Francesco Crispi,Francesco Crispi,100.0,exact_canonical,francesco crispi,accepted_auto,Francesco Crispi,political_and_administration,Eritrea;Ethiopia;Somalia,1887-1896,Prime minister and a principal political promoter of Italian colonial expansion in the Horn of Africa; his policy culminated in the war ending at Adwa.,https://www.treccani.it/enciclopedia/francesco-crispi/,,False,verified_manual,89981
627030,G252,073021,VIA ORAZIO ANTINORI,,VIA ORAZIO ANTINORI,Palagiano,Puglia,073021,antinori_orazio,Orazio Antinori,Orazio Antinori,100.0,exact_canonical,orazio antinori,accepted_auto,Orazio Antinori,exploration_geography,Ethiopia;Eritrea,1870s-1882,Explorer and naturalist whose Ethiopian expeditions and diplomatic role helped establish early Italian political influence in Shoa.,https://www.treccani.it/enciclopedia/orazio-antinori_%28Enciclopedia-Italiana%29/,,False,verified_manual,89981
627109,G252,073021,VIA PIETRO TOSELLI,,VIA PIETRO TOSELLI,Palagiano,Puglia,073021,toselli_pietro,Pietro Toselli,Pietro Toselli,100.0,exact_canonical,pietro toselli,accepted_auto,Pietro Toselli;Toselli;Maggiore Toselli,military,Eritrea;Ethiopia,1890s,Italian officer in the colonial campaigns in the Horn of Africa; killed at Amba Alagi in 1895.,https://www.tandfonline.com/doi/full/10.1080/1369801X.2023.2222710,,True,verified,89981
626855,G252,073021,VIA VITTORIO BOTTEGO,,VIA VITTORIO BOTTEGO,Palagiano,Puglia,073021,bottego_vittorio,Vittorio Bottego,Vittorio Bottego,100.0,exact_canonical,vittorio bottego,accepted_auto,Vittorio Bottego,exploration_geography,Somalia;Ethiopia;Eritrea,1887-1897,Army officer and explorer whose expeditions in the Horn of Africa were closely connected with Italian territorial ambitions in Somalia and Ethiopia.,https://www.treccani.it/enciclopedia/vittorio-bottego_%28Dizionario-Biografico%29/,,False,verified_manual,89981
529075,G291,072033,VIA DUCA DEGLI ABRUZZI,,VIA DUCA DEGLI ABRUZZI,Palo del Colle,Puglia,072033,savoiaaosta_luigiamedeo,Luigi Amedeo di Savoia-Aosta,Duca degli Abruzzi,100.0,exact_alias,duca degli abruzzi,accepted_auto,Luigi Amedeo di Savoia-Aosta;Duca degli Abruzzi,economic_and_colonization,Somalia,1919-1933,"Prince, explorer and founder of the large agricultural settlement and company at Villaggio Duca degli Abruzzi in Italian Somalia.",https://www.treccani.it/enciclopedia/savoia-aosta-luigi-amedeo-giuseppe-maria-ferdinando-francesco-di-duca-degli-abruzzi_%28Dizionario-Biografico%29/,,False,verified_manual,89981
529076,G291,072033,VICOLO DUCA DEGLI ABRUZZI,,VICOLO DUCA DEGLI ABRUZZI,Palo del Colle,Puglia,072033,savoiaaosta_luigiamedeo,Luigi Amedeo di Savoia-Aosta,Duca degli Abruzzi,100.0,exact_alias,duca degli abruzzi,accepted_auto,Luigi Amedeo di Savoia-Aosta;Duca degli Abruzzi,economic_and_colonization,Somalia,1919-1933,"Prince, explorer and founder of the large agricultural settlement and company at Villaggio Duca degli Abruzzi in Italian Somalia.",https://www.treccani.it/enciclopedia/savoia-aosta-luigi-amedeo-giuseppe-maria-ferdinando-francesco-di-duca-degli-abruzzi_%28Dizionario-Biografico%29/,,False,verified_manual,89981
1286821,G325,075059,VIA FRANCESCO CRISPI,,VIA FRANCESCO CRISPI,Parabita,Puglia,075059,crispi_francesco,Francesco Crispi,Francesco Crispi,100.0,exact_canonical,francesco crispi,accepted_auto,Francesco Crispi,political_and_administration,Eritrea;Ethiopia;Somalia,1887-1896,Prime minister and a principal political promoter of Italian colonial expansion in the Horn of Africa; his policy culminated in the war ending at Adwa.,https://www.treccani.it/enciclopedia/francesco-crispi/,,False,verified_manual,89981
1041478,G751,075061,VIA DUCA DEGLI ABRUZZI,,VIA DUCA DEGLI ABRUZZI,Poggiardo,Puglia,075061,savoiaaosta_luigiamedeo,Luigi Amedeo di Savoia-Aosta,Duca degli Abruzzi,100.0,exact_alias,duca degli abruzzi,accepted_auto,Luigi Amedeo di Savoia-Aosta;Duca degli Abruzzi,economic_and_colonization,Somalia,1919-1933,"Prince, explorer and founder of the large agricultural settlement and company at Villaggio Duca degli Abruzzi in Italian Somalia.",https://www.treccani.it/enciclopedia/savoia-aosta-luigi-amedeo-giuseppe-maria-ferdinando-francesco-di-duca-degli-abruzzi_%28Dizionario-Biografico%29/,,False,verified_manual,89981
1041489,G751,075061,VIA FRANCESCO CRISPI,,VIA FRANCESCO CRISPI,Poggiardo,Puglia,075061,crispi_francesco,Francesco Crispi,Francesco Crispi,100.0,exact_canonical,francesco crispi,accepted_auto,Francesco Crispi,political_and_administration,Eritrea;Ethiopia;Somalia,1887-1896,Prime minister and a principal political promoter of Italian colonial expansion in the Horn of Africa; his policy culminated in the war ending at Adwa.,https://www.treccani.it/enciclopedia/francesco-crispi/,,False,verified_manual,89981
1251531,G787,072035,VIA GIUSEPPE GALLIANO,,VIA GIUSEPPE GALLIANO,Polignano a Mare,Puglia,072035,galliano_giuseppe,Giuseppe Galliano,Giuseppe Galliano,100.0,exact_canonical,giuseppe galliano,accepted_auto,Giuseppe Galliano;Galliano,military,Eritrea;Ethiopia,1880s-1890s,Italian officer active in the colonial campaigns in Eritrea and Ethiopia.,https://www.lastampa.it/torino/2023/03/22/news/nomi_vie_piazze_colonialismo-12713667/,,True,verified,89981
1251566,G787,072035,VIA MAGGIORE TOSELLI,,VIA MAGGIORE TOSELLI,Polignano a Mare,Puglia,072035,toselli_pietro,Pietro Toselli,Toselli,100.0,exact_surname,maggiore toselli,needs_review,Pietro Toselli;Toselli;Maggiore Toselli,military,Eritrea;Ethiopia,1890s,Italian officer in the colonial campaigns in the Horn of Africa; killed at Amba Alagi in 1895.,https://www.tandfonline.com/doi/full/10.1080/1369801X.2023.2222710,,True,verified,89981
1025039,H147,075063,VIA COLONNELLO GIUSEPPE GALLIANO,,VIA COLONNELLO GIUSEPPE GALLIANO,Racale,Puglia,075063,galliano_giuseppe,Giuseppe Galliano,Giuseppe Galliano,100.0,exact_canonical,colonnello giuseppe galliano,accepted_auto,Giuseppe Galliano;Galliano,military,Eritrea;Ethiopia,1880s-1890s,Italian officer active in the colonial campaigns in Eritrea and Ethiopia.,https://www.lastampa.it/torino/2023/03/22/news/nomi_vie_piazze_colonialismo-12713667/,,True,verified,89981
1025080,H147,075063,VIA DUCA DEGLI ABRUZZI,,VIA DUCA DEGLI ABRUZZI,Racale,Puglia,075063,savoiaaosta_luigiamedeo,Luigi Amedeo di Savoia-Aosta,Duca degli Abruzzi,100.0,exact_alias,duca degli abruzzi,accepted_auto,Luigi Amedeo di Savoia-Aosta;Duca degli Abruzzi,economic_and_colonization,Somalia,1919-1933,"Prince, explorer and founder of the large agricultural settlement and company at Villaggio Duca degli Abruzzi in Italian Somalia.",https://www.treccani.it/enciclopedia/savoia-aosta-luigi-amedeo-giuseppe-maria-ferdinando-francesco-di-duca-degli-abruzzi_%28Dizionario-Biografico%29/,,False,verified_manual,89981
1025096,H147,075063,VIA FRANCESCO CRISPI,,VIA FRANCESCO CRISPI,Racale,Puglia,075063,crispi_francesco,Francesco Crispi,Francesco Crispi,100.0,exact_canonical,francesco crispi,accepted_auto,Francesco Crispi,political_and_administration,Eritrea;Ethiopia;Somalia,1887-1896,Prime minister and a principal political promoter of Italian colonial expansion in the Horn of Africa; his policy culminated in the war ending at Adwa.,https://www.treccani.it/enciclopedia/francesco-crispi/,,False,verified_manual,89981
1025284,H147,075063,VIA MAGGIORE PIETRO TOSELLI,,VIA MAGGIORE PIETRO TOSELLI,Racale,Puglia,075063,toselli_pietro,Pietro Toselli,Pietro Toselli,100.0,exact_canonical,maggiore pietro toselli,accepted_auto,Pietro Toselli;Toselli;Maggiore Toselli,military,Eritrea;Ethiopia,1890s,Italian officer in the colonial campaigns in the Horn of Africa; killed at Amba Alagi in 1895.,https://www.tandfonline.com/doi/full/10.1080/1369801X.2023.2222710,,True,verified,89981
1287204,H632,075064,VIA FRANCESCO CRISPI,,VIA FRANCESCO CRISPI,Ruffano,Puglia,075064,crispi_francesco,Francesco Crispi,Francesco Crispi,100.0,exact_canonical,francesco crispi,accepted_auto,Francesco Crispi,political_and_administration,Eritrea;Ethiopia;Somalia,1887-1896,Prime minister and a principal political promoter of Italian colonial expansion in the Horn of Africa; his policy culminated in the war ending at Adwa.,https://www.treccani.it/enciclopedia/francesco-crispi/,,False,verified_manual,89981
1287273,H632,075064,VIA MAGGIORE GALLIANO,,VIA MAGGIORE GALLIANO,Ruffano,Puglia,075064,galliano_giuseppe,Giuseppe Galliano,Galliano,100.0,exact_surname,maggiore galliano,needs_review,Giuseppe Galliano;Galliano,military,Eritrea;Ethiopia,1880s-1890s,Italian officer active in the colonial campaigns in Eritrea and Ethiopia.,https://www.lastampa.it/torino/2023/03/22/news/nomi_vie_piazze_colonialismo-12713667/,,True,verified,89981
772297,H643,072037,VIA FRANCESCO CRISPI,,VIA FRANCESCO CRISPI,Rutigliano,Puglia,072037,crispi_francesco,Francesco Crispi,Francesco Crispi,100.0,exact_canonical,francesco crispi,accepted_auto,Francesco Crispi,political_and_administration,Eritrea;Ethiopia;Somalia,1887-1896,Prime minister and a principal political promoter of Italian colonial expansion in the Horn of Africa; his policy culminated in the war ending at Adwa.,https://www.treccani.it/enciclopedia/francesco-crispi/,,False,verified_manual,89981
772304,H643,072037,VIA GALLIANO,,VIA GALLIANO,Rutigliano,Puglia,072037,galliano_giuseppe,Giuseppe Galliano,Galliano,100.0,exact_surname,galliano,needs_review,Giuseppe Galliano;Galliano,military,Eritrea;Ethiopia,1880s-1890s,Italian officer active in the colonial campaigns in Eritrea and Ethiopia.,https://www.lastampa.it/torino/2023/03/22/news/nomi_vie_piazze_colonialismo-12713667/,,True,verified,89981
772506,H643,072037,VIA TOSELLI,,VIA TOSELLI,Rutigliano,Puglia,072037,toselli_pietro,Pietro Toselli,Toselli,100.0,exact_surname,toselli,needs_review,Pietro Toselli;Toselli;Maggiore Toselli,military,Eritrea;Ethiopia,1890s,Italian officer in the colonial campaigns in the Horn of Africa; killed at Amba Alagi in 1895.,https://www.tandfonline.com/doi/full/10.1080/1369801X.2023.2222710,,True,verified,89981
1010092,H708,075065,VIA DUCA DEGLI ABRUZZI,,VIA DUCA DEGLI ABRUZZI,Salice Salentino,Puglia,075065,savoiaaosta_luigiamedeo,Luigi Amedeo di Savoia-Aosta,Duca degli Abruzzi,100.0,exact_alias,duca degli abruzzi,accepted_auto,Luigi Amedeo di Savoia-Aosta;Duca degli Abruzzi,economic_and_colonization,Somalia,1919-1933,"Prince, explorer and founder of the large agricultural settlement and company at Villaggio Duca degli Abruzzi in Italian Somalia.",https://www.treccani.it/enciclopedia/savoia-aosta-luigi-amedeo-giuseppe-maria-ferdinando-francesco-di-duca-degli-abruzzi_%28Dizionario-Biografico%29/,,False,verified_manual,89981
1010154,H708,075065,VIA FRANCESCO CRISPI,,VIA FRANCESCO CRISPI,Salice Salentino,Puglia,075065,crispi_francesco,Francesco Crispi,Francesco Crispi,100.0,exact_canonical,francesco crispi,accepted_auto,Francesco Crispi,political_and_administration,Eritrea;Ethiopia;Somalia,1887-1896,Prime minister and a principal political promoter of Italian colonial expansion in the Horn of Africa; his policy culminated in the war ending at Adwa.,https://www.treccani.it/enciclopedia/francesco-crispi/,,False,verified_manual,89981
1178360,H729,075066,VIA DUCA DEGLI ABRUZZI,,VIA DUCA DEGLI ABRUZZI,Salve,Puglia,075066,savoiaaosta_luigiamedeo,Luigi Amedeo di Savoia-Aosta,Duca degli Abruzzi,100.0,exact_alias,duca degli abruzzi,accepted_auto,Luigi Amedeo di Savoia-Aosta;Duca degli Abruzzi,economic_and_colonization,Somalia,1919-1933,"Prince, explorer and founder of the large agricultural settlement and company at Villaggio Duca degli Abruzzi in Italian Somalia.",https://www.treccani.it/enciclopedia/savoia-aosta-luigi-amedeo-giuseppe-maria-ferdinando-francesco-di-duca-degli-abruzzi_%28Dizionario-Biografico%29/,,False,verified_manual,89981
1178370,H729,075066,VIA FRANCESCO CRISPI,,VIA FRANCESCO CRISPI,Salve,Puglia,075066,crispi_francesco,Francesco Crispi,Francesco Crispi,100.0,exact_canonical,francesco crispi,accepted_auto,Francesco Crispi,political_and_administration,Eritrea;Ethiopia;Somalia,1887-1896,Prime minister and a principal political promoter of Italian colonial expansion in the Horn of Africa; his policy culminated in the war ending at Adwa.,https://www.treccani.it/enciclopedia/francesco-crispi/,,False,verified_manual,89981
849131,H749,072039,VIA FRANCESCO CRISPI,,VIA FRANCESCO CRISPI,Sammichele di Bari,Puglia,072039,crispi_francesco,Francesco Crispi,Francesco Crispi,100.0,exact_canonical,francesco crispi,accepted_auto,Francesco Crispi,political_and_administration,Eritrea;Ethiopia;Somalia,1887-1896,Prime minister and a principal political promoter of Italian colonial expansion in the Horn of Africa; his policy culminated in the war ending at Adwa.,https://www.treccani.it/enciclopedia/francesco-crispi/,,False,verified_manual,89981
849139,H749,072039,VIA GIUSEPPE GALLIANO,,VIA GIUSEPPE GALLIANO,Sammichele di Bari,Puglia,072039,galliano_giuseppe,Giuseppe Galliano,Giuseppe Galliano,100.0,exact_canonical,giuseppe galliano,accepted_auto,Giuseppe Galliano;Galliano,military,Eritrea;Ethiopia,1880s-1890s,Italian officer active in the colonial campaigns in Eritrea and Ethiopia.,https://www.lastampa.it/torino/2023/03/22/news/nomi_vie_piazze_colonialismo-12713667/,,True,verified,89981
981853,H757,075067,LARGO PIETRO TOSELLI,,LARGO PIETRO TOSELLI,Sanarica,Puglia,075067,toselli_pietro,Pietro Toselli,Pietro Toselli,100.0,exact_canonical,pietro toselli,accepted_auto,Pietro Toselli;Toselli;Maggiore Toselli,military,Eritrea;Ethiopia,1890s,Italian officer in the colonial campaigns in the Horn of Africa; killed at Amba Alagi in 1895.,https://www.tandfonline.com/doi/full/10.1080/1369801X.2023.2222710,,True,verified,89981
981809,H757,075067,VIA DUCA DEGLI ABRUZZI,,VIA DUCA DEGLI ABRUZZI,Sanarica,Puglia,075067,savoiaaosta_luigiamedeo,Luigi Amedeo di Savoia-Aosta,Duca degli Abruzzi,100.0,exact_alias,duca degli abruzzi,accepted_auto,Luigi Amedeo di Savoia-Aosta;Duca degli Abruzzi,economic_and_colonization,Somalia,1919-1933,"Prince, explorer and founder of the large agricultural settlement and company at Villaggio Duca degli Abruzzi in Italian Somalia.",https://www.treccani.it/enciclopedia/savoia-aosta-luigi-amedeo-giuseppe-maria-ferdinando-francesco-di-duca-degli-abruzzi_%28Dizionario-Biografico%29/,,False,verified_manual,89981
1064340,H822,074013,VIA FRANCESCO CRISPI,,VIA FRANCESCO CRISPI,San Donaci,Puglia,074013,crispi_francesco,Francesco Crispi,Francesco Crispi,100.0,exact_canonical,francesco crispi,accepted_auto,Francesco Crispi,political_and_administration,Eritrea;Ethiopia;Somalia,1887-1896,Prime minister and a principal political promoter of Italian colonial expansion in the Horn of Africa; his policy culminated in the war ending at Adwa.,https://www.treccani.it/enciclopedia/francesco-crispi/,,False,verified_manual,89981
1072916,H839,110007,VIA FRANCESCO CRISPI,,VIA FRANCESCO CRISPI,San Ferdinando di Puglia,Puglia,110007,crispi_francesco,Francesco Crispi,Francesco Crispi,100.0,exact_canonical,francesco crispi,accepted_auto,Francesco Crispi,political_and_administration,Eritrea;Ethiopia;Somalia,1887-1896,Prime minister and a principal political promoter of Italian colonial expansion in the Horn of Africa; his policy culminated in the war ending at Adwa.,https://www.treccani.it/enciclopedia/francesco-crispi/,,False,verified_manual,89981
1072924,H839,110007,VIA GIUSEPPE GALLIANO,,VIA GIUSEPPE GALLIANO,San Ferdinando di Puglia,Puglia,110007,galliano_giuseppe,Giuseppe Galliano,Giuseppe Galliano,100.0,exact_canonical,giuseppe galliano,accepted_auto,Giuseppe Galliano;Galliano,military,Eritrea;Ethiopia,1880s-1890s,Italian officer active in the colonial campaigns in Eritrea and Ethiopia.,https://www.lastampa.it/torino/2023/03/22/news/nomi_vie_piazze_colonialismo-12713667/,,True,verified,89981
1073005,H839,110007,VIA PIETRO TOSELLI,,VIA PIETRO TOSELLI,San Ferdinando di Puglia,Puglia,110007,toselli_pietro,Pietro Toselli,Pietro Toselli,100.0,exact_canonical,pietro toselli,accepted_auto,Pietro Toselli;Toselli;Maggiore Toselli,military,Eritrea;Ethiopia,1890s,Italian officer in the colonial campaigns in the Horn of Africa; killed at Amba Alagi in 1895.,https://www.tandfonline.com/doi/full/10.1080/1369801X.2023.2222710,,True,verified,89981
614945,H882,073024,VIA DUCA DEGLI ABRUZZI,,VIA DUCA DEGLI ABRUZZI,San Giorgio Ionico,Puglia,073024,savoiaaosta_luigiamedeo,Luigi Amedeo di Savoia-Aosta,Duca degli Abruzzi,100.0,exact_alias,duca degli abruzzi,accepted_auto,Luigi Amedeo di Savoia-Aosta;Duca degli Abruzzi,economic_and_colonization,Somalia,1919-1933,"Prince, explorer and founder of the large agricultural settlement and company at Villaggio Duca degli Abruzzi in Italian Somalia.",https://www.treccani.it/enciclopedia/savoia-aosta-luigi-amedeo-giuseppe-maria-ferdinando-francesco-di-duca-degli-abruzzi_%28Dizionario-Biografico%29/,,False,verified_manual,89981
614956,H882,073024,VIA FRANCESCO CRISPI,,VIA FRANCESCO CRISPI,San Giorgio Ionico,Puglia,073024,crispi_francesco,Francesco Crispi,Francesco Crispi,100.0,exact_canonical,francesco crispi,accepted_auto,Francesco Crispi,political_and_administration,Eritrea;Ethiopia;Somalia,1887-1896,Prime minister and a principal political promoter of Italian colonial expansion in the Horn of Africa; his policy culminated in the war ending at Adwa.,https://www.treccani.it/enciclopedia/francesco-crispi/,,False,verified_manual,89981
615070,H882,073024,VIA TOSELLI,,VIA TOSELLI,San Giorgio Ionico,Puglia,073024,toselli_pietro,Pietro Toselli,Toselli,100.0,exact_surname,toselli,needs_review,Pietro Toselli;Toselli;Maggiore Toselli,military,Eritrea;Ethiopia,1890s,Italian officer in the colonial campaigns in the Horn of Africa; killed at Amba Alagi in 1895.,https://www.tandfonline.com/doi/full/10.1080/1369801X.2023.2222710,,True,verified,89981
614946,H882,073024,VICOLO DUCA DEGLI ABRUZZI,,VICOLO DUCA DEGLI ABRUZZI,San Giorgio Ionico,Puglia,073024,savoiaaosta_luigiamedeo,Luigi Amedeo di Savoia-Aosta,Duca degli Abruzzi,100.0,exact_alias,duca degli abruzzi,accepted_auto,Luigi Amedeo di Savoia-Aosta;Duca degli Abruzzi,economic_and_colonization,Somalia,1919-1933,"Prince, explorer and founder of the large agricultural settlement and company at Villaggio Duca degli Abruzzi in Italian Somalia.",https://www.treccani.it/enciclopedia/savoia-aosta-luigi-amedeo-giuseppe-maria-ferdinando-francesco-di-duca-degli-abruzzi_%28Dizionario-Biografico%29/,,False,verified_manual,89981
615069,H882,073024,VICOLO TOSELLI,,VICOLO TOSELLI,San Giorgio Ionico,Puglia,073024,toselli_pietro,Pietro Toselli,Toselli,100.0,exact_surname,toselli,needs_review,Pietro Toselli;Toselli;Maggiore Toselli,military,Eritrea;Ethiopia,1890s,Italian officer in the colonial campaigns in the Horn of Africa; killed at Amba Alagi in 1895.,https://www.tandfonline.com/doi/full/10.1080/1369801X.2023.2222710,,True,verified,89981
713857,H926,071046,VIA FRANCESCO CRISPI,,VIA FRANCESCO CRISPI,San Giovanni Rotondo,Puglia,071046,crispi_francesco,Francesco Crispi,Francesco Crispi,100.0,exact_canonical,francesco crispi,accepted_auto,Francesco Crispi,political_and_administration,Eritrea;Ethiopia;Somalia,1887-1896,Prime minister and a principal political promoter of Italian colonial expansion in the Horn of Africa; his policy culminated in the war ending at Adwa.,https://www.treccani.it/enciclopedia/francesco-crispi/,,False,verified_manual,89981
1260538,H985,071047,VIA MAGGIORE TOSELLI,,VIA MAGGIORE TOSELLI,San Marco in Lamis,Puglia,071047,toselli_pietro,Pietro Toselli,Toselli,100.0,exact_surname,maggiore toselli,needs_review,Pietro Toselli;Toselli;Maggiore Toselli,military,Eritrea;Ethiopia,1890s,Italian officer in the colonial campaigns in the Horn of Africa; killed at Amba Alagi in 1895.,https://www.tandfonline.com/doi/full/10.1080/1369801X.2023.2222710,,True,verified,89981
579476,I018,073025,VIA FRANCESCO CRISPI,,VIA FRANCESCO CRISPI,San Marzano di San Giuseppe,Puglia,073025,crispi_francesco,Francesco Crispi,Francesco Crispi,100.0,exact_canonical,francesco crispi,accepted_auto,Francesco Crispi,political_and_administration,Eritrea;Ethiopia;Somalia,1887-1896,Prime minister and a principal political promoter of Italian colonial expansion in the Horn of Africa; his policy culminated in the war ending at Adwa.,https://www.treccani.it/enciclopedia/francesco-crispi/,,False,verified_manual,89981
398931,I045,074014,VIA FRANCESCO CRISPI,,VIA FRANCESCO CRISPI,San Michele Salentino,Puglia,074014,crispi_francesco,Francesco Crispi,Francesco Crispi,100.0,exact_canonical,francesco crispi,accepted_auto,Francesco Crispi,political_and_administration,Eritrea;Ethiopia;Somalia,1887-1896,Prime minister and a principal political promoter of Italian colonial expansion in the Horn of Africa; his policy culminated in the war ending at Adwa.,https://www.treccani.it/enciclopedia/francesco-crispi/,,False,verified_manual,89981
398937,I045,074014,VIA PIETRO BADOGLIO,,VIA PIETRO BADOGLIO,San Michele Salentino,Puglia,074014,badoglio_pietro,Pietro Badoglio,Pietro Badoglio,100.0,exact_canonical,pietro badoglio,accepted_auto,Pietro Badoglio;Badoglio;Maresciallo Badoglio,military_and_administration,Libya;Ethiopia,1929-1936,Governor of Libya and later senior commander/high commissioner during the invasion of Ethiopia.,https://www.treccani.it/enciclopedia/pietro-badoglio/,,True,verified,89981
867799,I053,072040,VIA BALDISSERA,,VIA BALDISSERA,Sannicandro di Bari,Puglia,072040,baldissera_antonio,Antonio Baldissera,Baldissera,100.0,exact_surname,baldissera,needs_review,Antonio Baldissera;Baldissera,military_and_administration,Eritrea;Ethiopia,1880s-1890s,General associated with the occupation and military administration of Eritrea.,https://www.tandfonline.com/doi/full/10.1080/1369801X.2023.2222710,,True,verified,89981
867815,I053,072040,VIA CARLO CANEVA,,VIA CARLO CANEVA,Sannicandro di Bari,Puglia,072040,caneva_carlo,Carlo Caneva,Carlo Caneva,100.0,exact_canonical,carlo caneva,accepted_auto,Carlo Caneva,military,Libya,1911-1912,Commander of the Italian expeditionary force during the invasion of Ottoman Libya in the Italo-Turkish War.,https://it.wikipedia.org/wiki/Carlo_Caneva,,False,verified_manual,89981
867856,I053,072040,VIA DUCA DEGLI ABRUZZI,,VIA DUCA DEGLI ABRUZZI,Sannicandro di Bari,Puglia,072040,savoiaaosta_luigiamedeo,Luigi Amedeo di Savoia-Aosta,Duca degli Abruzzi,100.0,exact_alias,duca degli abruzzi,accepted_auto,Luigi Amedeo di Savoia-Aosta;Duca degli Abruzzi,economic_and_colonization,Somalia,1919-1933,"Prince, explorer and founder of the large agricultural settlement and company at Villaggio Duca degli Abruzzi in Italian Somalia.",https://www.treccani.it/enciclopedia/savoia-aosta-luigi-amedeo-giuseppe-maria-ferdinando-francesco-di-duca-degli-abruzzi_%28Dizionario-Biografico%29/,,False,verified_manual,89981
867863,I053,072040,VIA FERDINANDO MARTINI,,VIA FERDINANDO MARTINI,Sannicandro di Bari,Puglia,072040,martini_ferdinando,Ferdinando Martini,Ferdinando Martini,100.0,exact_canonical,ferdinando martini,accepted_auto,Ferdinando Martini;Martini,political_and_administration,Eritrea,1897-1907,Italian politician and governor of Eritrea from 1897 to 1907.,https://www.tandfonline.com/doi/full/10.1080/1369801X.2023.2222710,,False,verified,89981
867869,I053,072040,VIA FRANCESCO CRISPI,,VIA FRANCESCO CRISPI,Sannicandro di Bari,Puglia,072040,crispi_francesco,Francesco Crispi,Francesco Crispi,100.0,exact_canonical,francesco crispi,accepted_auto,Francesco Crispi,political_and_administration,Eritrea;Ethiopia;Somalia,1887-1896,Prime minister and a principal political promoter of Italian colonial expansion in the Horn of Africa; his policy culminated in the war ending at Adwa.,https://www.treccani.it/enciclopedia/francesco-crispi/,,False,verified_manual,89981
867881,I053,072040,VIA GALLIANO,,VIA GALLIANO,Sannicandro di Bari,Puglia,072040,galliano_giuseppe,Giuseppe Galliano,Galliano,100.0,exact_surname,galliano,needs_review,Giuseppe Galliano;Galliano,military,Eritrea;Ethiopia,1880s-1890s,Italian officer active in the colonial campaigns in Eritrea and Ethiopia.,https://www.lastampa.it/torino/2023/03/22/news/nomi_vie_piazze_colonialismo-12713667/,,True,verified,89981
738608,I066,074015,VIA DUCA DEGLI ABRUZZI,,VIA DUCA DEGLI ABRUZZI,San Pancrazio Salentino,Puglia,074015,savoiaaosta_luigiamedeo,Luigi Amedeo di Savoia-Aosta,Duca degli Abruzzi,100.0,exact_alias,duca degli abruzzi,accepted_auto,Luigi Amedeo di Savoia-Aosta;Duca degli Abruzzi,economic_and_colonization,Somalia,1919-1933,"Prince, explorer and founder of the large agricultural settlement and company at Villaggio Duca degli Abruzzi in Italian Somalia.",https://www.treccani.it/enciclopedia/savoia-aosta-luigi-amedeo-giuseppe-maria-ferdinando-francesco-di-duca-degli-abruzzi_%28Dizionario-Biografico%29/,,False,verified_manual,89981
738625,I066,074015,VIA GIUSEPPE GALLIANO,,VIA GIUSEPPE GALLIANO,San Pancrazio Salentino,Puglia,074015,galliano_giuseppe,Giuseppe Galliano,Giuseppe Galliano,100.0,exact_canonical,giuseppe galliano,accepted_auto,Giuseppe Galliano;Galliano,military,Eritrea;Ethiopia,1880s-1890s,Italian officer active in the colonial campaigns in Eritrea and Ethiopia.,https://www.lastampa.it/torino/2023/03/22/news/nomi_vie_piazze_colonialismo-12713667/,,True,verified,89981
738774,I066,074015,VIA PIETRO TOSELLI,,VIA PIETRO TOSELLI,San Pancrazio Salentino,Puglia,074015,toselli_pietro,Pietro Toselli,Pietro Toselli,100.0,exact_canonical,pietro toselli,accepted_auto,Pietro Toselli;Toselli;Maggiore Toselli,military,Eritrea;Ethiopia,1890s,Italian officer in the colonial campaigns in the Horn of Africa; killed at Amba Alagi in 1895.,https://www.tandfonline.com/doi/full/10.1080/1369801X.2023.2222710,,True,verified,89981
997368,I072,071050,VIA FRANCESCO CRISPI,,VIA FRANCESCO CRISPI,San Paolo di Civitate,Puglia,071050,crispi_francesco,Francesco Crispi,Francesco Crispi,100.0,exact_canonical,francesco crispi,accepted_auto,Francesco Crispi,political_and_administration,Eritrea;Ethiopia;Somalia,1887-1896,Prime minister and a principal political promoter of Italian colonial expansion in the Horn of Africa; his policy culminated in the war ending at Adwa.,https://www.treccani.it/enciclopedia/francesco-crispi/,,False,verified_manual,89981
1251883,I119,074016,VIA DUCA DEGLI ABRUZZI,,VIA DUCA DEGLI ABRUZZI,San Pietro Vernotico,Puglia,074016,savoiaaosta_luigiamedeo,Luigi Amedeo di Savoia-Aosta,Duca degli Abruzzi,100.0,exact_alias,duca degli abruzzi,accepted_auto,Luigi Amedeo di Savoia-Aosta;Duca degli Abruzzi,economic_and_colonization,Somalia,1919-1933,"Prince, explorer and founder of the large agricultural settlement and company at Villaggio Duca degli Abruzzi in Italian Somalia.",https://www.treccani.it/enciclopedia/savoia-aosta-luigi-amedeo-giuseppe-maria-ferdinando-francesco-di-duca-degli-abruzzi_%28Dizionario-Biografico%29/,,False,verified_manual,89981
1251905,I119,074016,VIA FRANCESCO CRISPI,,VIA FRANCESCO CRISPI,San Pietro Vernotico,Puglia,074016,crispi_francesco,Francesco Crispi,Francesco Crispi,100.0,exact_canonical,francesco crispi,accepted_auto,Francesco Crispi,political_and_administration,Eritrea;Ethiopia;Somalia,1887-1896,Prime minister and a principal political promoter of Italian colonial expansion in the Horn of Africa; his policy culminated in the war ending at Adwa.,https://www.treccani.it/enciclopedia/francesco-crispi/,,False,verified_manual,89981
1251915,I119,074016,VIA GALLIANO,,VIA GALLIANO,San Pietro Vernotico,Puglia,074016,galliano_giuseppe,Giuseppe Galliano,Galliano,100.0,exact_surname,galliano,needs_review,Giuseppe Galliano;Galliano,military,Eritrea;Ethiopia,1880s-1890s,Italian officer active in the colonial campaigns in Eritrea and Ethiopia.,https://www.lastampa.it/torino/2023/03/22/news/nomi_vie_piazze_colonialismo-12713667/,,True,verified,89981
1251964,I119,074016,VIA MAGGIORE TOSELLI,,VIA MAGGIORE TOSELLI,San Pietro Vernotico,Puglia,074016,toselli_pietro,Pietro Toselli,Toselli,100.0,exact_surname,maggiore toselli,needs_review,Pietro Toselli;Toselli;Maggiore Toselli,military,Eritrea;Ethiopia,1890s,Italian officer in the colonial campaigns in the Horn of Africa; killed at Amba Alagi in 1895.,https://www.tandfonline.com/doi/full/10.1080/1369801X.2023.2222710,,True,verified,89981
886773,I158,071051,VIA PIETRO TOSELLI,,VIA PIETRO TOSELLI,San Severo,Puglia,071051,toselli_pietro,Pietro Toselli,Pietro Toselli,100.0,exact_canonical,pietro toselli,accepted_auto,Pietro Toselli;Toselli;Maggiore Toselli,military,Eritrea;Ethiopia,1890s,Italian officer in the colonial campaigns in the Horn of Africa; killed at Amba Alagi in 1895.,https://www.tandfonline.com/doi/full/10.1080/1369801X.2023.2222710,,True,verified,89981
886957,I158,071051,VIA VITTORIO BOTTEGO,,VIA VITTORIO BOTTEGO,San Severo,Puglia,071051,bottego_vittorio,Vittorio Bottego,Vittorio Bottego,100.0,exact_canonical,vittorio bottego,accepted_auto,Vittorio Bottego,exploration_geography,Somalia;Ethiopia;Eritrea,1887-1897,Army officer and explorer whose expeditions in the Horn of Africa were closely connected with Italian territorial ambitions in Somalia and Ethiopia.,https://www.treccani.it/enciclopedia/vittorio-bottego_%28Dizionario-Biografico%29/,,False,verified_manual,89981
1006189,I172,075072,VIA DUCA DEGLI ABRUZZI,,VIA DUCA DEGLI ABRUZZI,Santa Cesarea Terme,Puglia,075072,savoiaaosta_luigiamedeo,Luigi Amedeo di Savoia-Aosta,Duca degli Abruzzi,100.0,exact_alias,duca degli abruzzi,accepted_auto,Luigi Amedeo di Savoia-Aosta;Duca degli Abruzzi,economic_and_colonization,Somalia,1919-1933,"Prince, explorer and founder of the large agricultural settlement and company at Villaggio Duca degli Abruzzi in Italian Somalia.",https://www.treccani.it/enciclopedia/savoia-aosta-luigi-amedeo-giuseppe-maria-ferdinando-francesco-di-duca-degli-abruzzi_%28Dizionario-Biografico%29/,,False,verified_manual,89981
1182744,I193,071052,VIA FRANCESCO CRISPI,,VIA FRANCESCO CRISPI,Sant'Agata di Puglia,Puglia,071052,crispi_francesco,Francesco Crispi,Francesco Crispi,100.0,exact_canonical,francesco crispi,accepted_auto,Francesco Crispi,political_and_administration,Eritrea;Ethiopia;Somalia,1887-1896,Prime minister and a principal political promoter of Italian colonial expansion in the Horn of Africa; his policy culminated in the war ending at Adwa.,https://www.treccani.it/enciclopedia/francesco-crispi/,,False,verified_manual,89981
830391,I330,072041,VIA DUCA DEGLI ABRUZZI,,VIA DUCA DEGLI ABRUZZI,Santeramo in Colle,Puglia,072041,savoiaaosta_luigiamedeo,Luigi Amedeo di Savoia-Aosta,Duca degli Abruzzi,100.0,exact_alias,duca degli abruzzi,accepted_auto,Luigi Amedeo di Savoia-Aosta;Duca degli Abruzzi,economic_and_colonization,Somalia,1919-1933,"Prince, explorer and founder of the large agricultural settlement and company at Villaggio Duca degli Abruzzi in Italian Somalia.",https://www.treccani.it/enciclopedia/savoia-aosta-luigi-amedeo-giuseppe-maria-ferdinando-francesco-di-duca-degli-abruzzi_%28Dizionario-Biografico%29/,,False,verified_manual,89981
830426,I330,072041,VIA FRANCESCO CRISPI,,VIA FRANCESCO CRISPI,Santeramo in Colle,Puglia,072041,crispi_francesco,Francesco Crispi,Francesco Crispi,100.0,exact_canonical,francesco crispi,accepted_auto,Francesco Crispi,political_and_administration,Eritrea;Ethiopia;Somalia,1887-1896,Prime minister and a principal political promoter of Italian colonial expansion in the Horn of Africa; his policy culminated in the war ending at Adwa.,https://www.treccani.it/enciclopedia/francesco-crispi/,,False,verified_manual,89981
1095333,I396,074017,VIA FRANCESCO CRISPI,,VIA FRANCESCO CRISPI,San Vito dei Normanni,Puglia,074017,crispi_francesco,Francesco Crispi,Francesco Crispi,100.0,exact_canonical,francesco crispi,accepted_auto,Francesco Crispi,political_and_administration,Eritrea;Ethiopia;Somalia,1887-1896,Prime minister and a principal political promoter of Italian colonial expansion in the Horn of Africa; his policy culminated in the war ending at Adwa.,https://www.treccani.it/enciclopedia/francesco-crispi/,,False,verified_manual,89981
1095348,I396,074017,VIA GENERALE GIUSEPPE GALLIANO,,VIA GENERALE GIUSEPPE GALLIANO,San Vito dei Normanni,Puglia,074017,galliano_giuseppe,Giuseppe Galliano,Giuseppe Galliano,100.0,exact_canonical,generale giuseppe galliano,accepted_auto,Giuseppe Galliano;Galliano,military,Eritrea;Ethiopia,1880s-1890s,Italian officer active in the colonial campaigns in Eritrea and Ethiopia.,https://www.lastampa.it/torino/2023/03/22/news/nomi_vie_piazze_colonialismo-12713667/,,True,verified,89981
1095349,I396,074017,VIA PIETRO TOSELLI,,VIA PIETRO TOSELLI,San Vito dei Normanni,Puglia,074017,toselli_pietro,Pietro Toselli,Pietro Toselli,100.0,exact_canonical,pietro toselli,accepted_auto,Pietro Toselli;Toselli;Maggiore Toselli,military,Eritrea;Ethiopia,1890s,Italian officer in the colonial campaigns in the Horn of Africa; killed at Amba Alagi in 1895.,https://www.tandfonline.com/doi/full/10.1080/1369801X.2023.2222710,,True,verified,89981
664544,I467,073026,VIA DUCA DEGLI ABRUZZI,,VIA DUCA DEGLI ABRUZZI,Sava,Puglia,073026,savoiaaosta_luigiamedeo,Luigi Amedeo di Savoia-Aosta,Duca degli Abruzzi,100.0,exact_alias,duca degli abruzzi,accepted_auto,Luigi Amedeo di Savoia-Aosta;Duca degli Abruzzi,economic_and_colonization,Somalia,1919-1933,"Prince, explorer and founder of the large agricultural settlement and company at Villaggio Duca degli Abruzzi in Italian Somalia.",https://www.treccani.it/enciclopedia/savoia-aosta-luigi-amedeo-giuseppe-maria-ferdinando-francesco-di-duca-degli-abruzzi_%28Dizionario-Biografico%29/,,False,verified_manual,89981
664530,I467,073026,VIA FRANCESCO CRISPI,,VIA FRANCESCO CRISPI,Sava,Puglia,073026,crispi_francesco,Francesco Crispi,Francesco Crispi,100.0,exact_canonical,francesco crispi,accepted_auto,Francesco Crispi,political_and_administration,Eritrea;Ethiopia;Somalia,1887-1896,Prime minister and a principal political promoter of Italian colonial expansion in the Horn of Africa; his policy culminated in the war ending at Adwa.,https://www.treccani.it/enciclopedia/francesco-crispi/,,False,verified_manual,89981
664577,I467,073026,VIA GIUSEPPE GALLIANO,,VIA GIUSEPPE GALLIANO,Sava,Puglia,073026,galliano_giuseppe,Giuseppe Galliano,Giuseppe Galliano,100.0,exact_canonical,giuseppe galliano,accepted_auto,Giuseppe Galliano;Galliano,military,Eritrea;Ethiopia,1880s-1890s,Italian officer active in the colonial campaigns in Eritrea and Ethiopia.,https://www.lastampa.it/torino/2023/03/22/news/nomi_vie_piazze_colonialismo-12713667/,,True,verified,89981
664703,I467,073026,VIA PIETRO TOSELLI,,VIA PIETRO TOSELLI,Sava,Puglia,073026,toselli_pietro,Pietro Toselli,Pietro Toselli,100.0,exact_canonical,pietro toselli,accepted_auto,Pietro Toselli;Toselli;Maggiore Toselli,military,Eritrea;Ethiopia,1890s,Italian officer in the colonial campaigns in the Horn of Africa; killed at Amba Alagi in 1895.,https://www.tandfonline.com/doi/full/10.1080/1369801X.2023.2222710,,True,verified,89981
1044299,I549,075073,VIA FRANCESCO CRISPI,,VIA FRANCESCO CRISPI,Scorrano,Puglia,075073,crispi_francesco,Francesco Crispi,Francesco Crispi,100.0,exact_canonical,francesco crispi,accepted_auto,Francesco Crispi,political_and_administration,Eritrea;Ethiopia;Somalia,1887-1896,Prime minister and a principal political promoter of Italian colonial expansion in the Horn of Africa; his policy culminated in the war ending at Adwa.,https://www.treccani.it/enciclopedia/francesco-crispi/,,False,verified_manual,89981
1013102,I800,075076,VIA DUCA DEGLI ABRUZZI,,VIA DUCA DEGLI ABRUZZI,Soleto,Puglia,075076,savoiaaosta_luigiamedeo,Luigi Amedeo di Savoia-Aosta,Duca degli Abruzzi,100.0,exact_alias,duca degli abruzzi,accepted_auto,Luigi Amedeo di Savoia-Aosta;Duca degli Abruzzi,economic_and_colonization,Somalia,1919-1933,"Prince, explorer and founder of the large agricultural settlement and company at Villaggio Duca degli Abruzzi in Italian Somalia.",https://www.treccani.it/enciclopedia/savoia-aosta-luigi-amedeo-giuseppe-maria-ferdinando-francesco-di-duca-degli-abruzzi_%28Dizionario-Biografico%29/,,False,verified_manual,89981
1013161,I800,075076,VIA PADRE REGINALDO GIULIANI,,VIA PADRE REGINALDO GIULIANI,Soleto,Puglia,075076,giuliani_reginaldo,Reginaldo Giuliani,Reginaldo Giuliani,100.0,exact_canonical,padre reginaldo giuliani,accepted_auto,Reginaldo Giuliani;Giuliani;Padre Reginaldo Giuliani,military_and_religious,Ethiopia,1935-1936,Dominican friar and volunteer military chaplain associated with the war against Ethiopia.,https://www.tandfonline.com/doi/full/10.1080/1369801X.2023.2222710,,False,verified,89981
1044508,I930,075079,VIA DUCA DEGLI ABRUZZI,,VIA DUCA DEGLI ABRUZZI,Squinzano,Puglia,075079,savoiaaosta_luigiamedeo,Luigi Amedeo di Savoia-Aosta,Duca degli Abruzzi,100.0,exact_alias,duca degli abruzzi,accepted_auto,Luigi Amedeo di Savoia-Aosta;Duca degli Abruzzi,economic_and_colonization,Somalia,1919-1933,"Prince, explorer and founder of the large agricultural settlement and company at Villaggio Duca degli Abruzzi in Italian Somalia.",https://www.treccani.it/enciclopedia/savoia-aosta-luigi-amedeo-giuseppe-maria-ferdinando-francesco-di-duca-degli-abruzzi_%28Dizionario-Biografico%29/,,False,verified_manual,89981
1044517,I930,075079,VIA FRANCESCO CRISPI,,VIA FRANCESCO CRISPI,Squinzano,Puglia,075079,crispi_francesco,Francesco Crispi,Francesco Crispi,100.0,exact_canonical,francesco crispi,accepted_auto,Francesco Crispi,political_and_administration,Eritrea;Ethiopia;Somalia,1887-1896,Prime minister and a principal political promoter of Italian colonial expansion in the Horn of Africa; his policy culminated in the war ending at Adwa.,https://www.treccani.it/enciclopedia/francesco-crispi/,,False,verified_manual,89981
1044528,I930,075079,VIA MAGGIORE GALLIANO,,VIA MAGGIORE GALLIANO,Squinzano,Puglia,075079,galliano_giuseppe,Giuseppe Galliano,Galliano,100.0,exact_surname,maggiore galliano,needs_review,Giuseppe Galliano;Galliano,military,Eritrea;Ethiopia,1880s-1890s,Italian officer active in the colonial campaigns in Eritrea and Ethiopia.,https://www.lastampa.it/torino/2023/03/22/news/nomi_vie_piazze_colonialismo-12713667/,,True,verified,89981
891545,I963,071055,VIA DUCA DEGLI ABRUZZI,,VIA DUCA DEGLI ABRUZZI,Stornarella,Puglia,071055,savoiaaosta_luigiamedeo,Luigi Amedeo di Savoia-Aosta,Duca degli Abruzzi,100.0,exact_alias,duca degli abruzzi,accepted_auto,Luigi Amedeo di Savoia-Aosta;Duca degli Abruzzi,economic_and_colonization,Somalia,1919-1933,"Prince, explorer and founder of the large agricultural settlement and company at Villaggio Duca degli Abruzzi in Italian Somalia.",https://www.treccani.it/enciclopedia/savoia-aosta-luigi-amedeo-giuseppe-maria-ferdinando-francesco-di-duca-degli-abruzzi_%28Dizionario-Biografico%29/,,False,verified_manual,89981
891558,I963,071055,VIA FRANCESCO CRISPI,,VIA FRANCESCO CRISPI,Stornarella,Puglia,071055,crispi_francesco,Francesco Crispi,Francesco Crispi,100.0,exact_canonical,francesco crispi,accepted_auto,Francesco Crispi,political_and_administration,Eritrea;Ethiopia;Somalia,1887-1896,Prime minister and a principal political promoter of Italian colonial expansion in the Horn of Africa; his policy culminated in the war ending at Adwa.,https://www.treccani.it/enciclopedia/francesco-crispi/,,False,verified_manual,89981
972658,L008,075081,VIA DUCA DEGLI ABRUZZI,,VIA DUCA DEGLI ABRUZZI,Supersano,Puglia,075081,savoiaaosta_luigiamedeo,Luigi Amedeo di Savoia-Aosta,Duca degli Abruzzi,100.0,exact_alias,duca degli abruzzi,accepted_auto,Luigi Amedeo di Savoia-Aosta;Duca degli Abruzzi,economic_and_colonization,Somalia,1919-1933,"Prince, explorer and founder of the large agricultural settlement and company at Villaggio Duca degli Abruzzi in Italian Somalia.",https://www.treccani.it/enciclopedia/savoia-aosta-luigi-amedeo-giuseppe-maria-ferdinando-francesco-di-duca-degli-abruzzi_%28Dizionario-Biografico%29/,,False,verified_manual,89981
972681,L008,075081,VIA MAGGIORE GALLIANO,,VIA MAGGIORE GALLIANO,Supersano,Puglia,075081,galliano_giuseppe,Giuseppe Galliano,Galliano,100.0,exact_surname,maggiore galliano,needs_review,Giuseppe Galliano;Galliano,military,Eritrea;Ethiopia,1880s-1890s,Italian officer active in the colonial campaigns in Eritrea and Ethiopia.,https://www.lastampa.it/torino/2023/03/22/news/nomi_vie_piazze_colonialismo-12713667/,,True,verified,89981
844271,L010,075082,VIA DUCA DEGLI ABRUZZI,,VIA DUCA DEGLI ABRUZZI,Surano,Puglia,075082,savoiaaosta_luigiamedeo,Luigi Amedeo di Savoia-Aosta,Duca degli Abruzzi,100.0,exact_alias,duca degli abruzzi,accepted_auto,Luigi Amedeo di Savoia-Aosta;Duca degli Abruzzi,economic_and_colonization,Somalia,1919-1933,"Prince, explorer and founder of the large agricultural settlement and company at Villaggio Duca degli Abruzzi in Italian Somalia.",https://www.treccani.it/enciclopedia/savoia-aosta-luigi-amedeo-giuseppe-maria-ferdinando-francesco-di-duca-degli-abruzzi_%28Dizionario-Biografico%29/,,False,verified_manual,89981
1025486,L011,075083,VIA FRANCESCO CRISPI,,VIA FRANCESCO CRISPI,Surbo,Puglia,075083,crispi_francesco,Francesco Crispi,Francesco Crispi,100.0,exact_canonical,francesco crispi,accepted_auto,Francesco Crispi,political_and_administration,Eritrea;Ethiopia;Somalia,1887-1896,Prime minister and a principal political promoter of Italian colonial expansion in the Horn of Africa; his policy culminated in the war ending at Adwa.,https://www.treccani.it/enciclopedia/francesco-crispi/,,False,verified_manual,89981
1025557,L011,075083,VIA PIETRO TOSELLI,,VIA PIETRO TOSELLI,Surbo,Puglia,075083,toselli_pietro,Pietro Toselli,Pietro Toselli,100.0,exact_canonical,pietro toselli,accepted_auto,Pietro Toselli;Toselli;Maggiore Toselli,military,Eritrea;Ethiopia,1890s,Italian officer in the colonial campaigns in the Horn of Africa; killed at Amba Alagi in 1895.,https://www.tandfonline.com/doi/full/10.1080/1369801X.2023.2222710,,True,verified,89981
178919,L049,073027,VIA DUCA DEGLI ABRUZZI,,VIA DUCA DEGLI ABRUZZI,Taranto,Puglia,073027,savoiaaosta_luigiamedeo,Luigi Amedeo di Savoia-Aosta,Duca degli Abruzzi,100.0,exact_alias,duca degli abruzzi,accepted_auto,Luigi Amedeo di Savoia-Aosta;Duca degli Abruzzi,economic_and_colonization,Somalia,1919-1933,"Prince, explorer and founder of the large agricultural settlement and company at Villaggio Duca degli Abruzzi in Italian Somalia.",https://www.treccani.it/enciclopedia/savoia-aosta-luigi-amedeo-giuseppe-maria-ferdinando-francesco-di-duca-degli-abruzzi_%28Dizionario-Biografico%29/,,False,verified_manual,89981
178985,L049,073027,VIA FRANCESCO CRISPI,,VIA FRANCESCO CRISPI,Taranto,Puglia,073027,crispi_francesco,Francesco Crispi,Francesco Crispi,100.0,exact_canonical,francesco crispi,accepted_auto,Francesco Crispi,political_and_administration,Eritrea;Ethiopia;Somalia,1887-1896,Prime minister and a principal political promoter of Italian colonial expansion in the Horn of Africa; his policy culminated in the war ending at Adwa.,https://www.treccani.it/enciclopedia/francesco-crispi/,,False,verified_manual,89981
1145154,L064,075084,VIA DUCA DEGLI ABRUZZI,,VIA DUCA DEGLI ABRUZZI,Taurisano,Puglia,075084,savoiaaosta_luigiamedeo,Luigi Amedeo di Savoia-Aosta,Duca degli Abruzzi,100.0,exact_alias,duca degli abruzzi,accepted_auto,Luigi Amedeo di Savoia-Aosta;Duca degli Abruzzi,economic_and_colonization,Somalia,1919-1933,"Prince, explorer and founder of the large agricultural settlement and company at Villaggio Duca degli Abruzzi in Italian Somalia.",https://www.treccani.it/enciclopedia/savoia-aosta-luigi-amedeo-giuseppe-maria-ferdinando-francesco-di-duca-degli-abruzzi_%28Dizionario-Biografico%29/,,False,verified_manual,89981
1145166,L064,075084,VIA FRANCESCO CRISPI,,VIA FRANCESCO CRISPI,Taurisano,Puglia,075084,crispi_francesco,Francesco Crispi,Francesco Crispi,100.0,exact_canonical,francesco crispi,accepted_auto,Francesco Crispi,political_and_administration,Eritrea;Ethiopia;Somalia,1887-1896,Prime minister and a principal political promoter of Italian colonial expansion in the Horn of Africa; his policy culminated in the war ending at Adwa.,https://www.treccani.it/enciclopedia/francesco-crispi/,,False,verified_manual,89981
1062102,L074,075085,VIA DUCA DEGLI ABRUZZI,,VIA DUCA DEGLI ABRUZZI,Taviano,Puglia,075085,savoiaaosta_luigiamedeo,Luigi Amedeo di Savoia-Aosta,Duca degli Abruzzi,100.0,exact_alias,duca degli abruzzi,accepted_auto,Luigi Amedeo di Savoia-Aosta;Duca degli Abruzzi,economic_and_colonization,Somalia,1919-1933,"Prince, explorer and founder of the large agricultural settlement and company at Villaggio Duca degli Abruzzi in Italian Somalia.",https://www.treccani.it/enciclopedia/savoia-aosta-luigi-amedeo-giuseppe-maria-ferdinando-francesco-di-duca-degli-abruzzi_%28Dizionario-Biografico%29/,,False,verified_manual,89981
1062121,L074,075085,VIA FRANCESCO CRISPI,,VIA FRANCESCO CRISPI,Taviano,Puglia,075085,crispi_francesco,Francesco Crispi,Francesco Crispi,100.0,exact_canonical,francesco crispi,accepted_auto,Francesco Crispi,political_and_administration,Eritrea;Ethiopia;Somalia,1887-1896,Prime minister and a principal political promoter of Italian colonial expansion in the Horn of Africa; his policy culminated in the war ending at Adwa.,https://www.treccani.it/enciclopedia/francesco-crispi/,,False,verified_manual,89981
1062362,L074,075085,VIA GENERALE GIOVANNI AMEGLIO,,VIA GENERALE GIOVANNI AMEGLIO,Taviano,Puglia,075085,ameglio_giovanni,Giovanni Ameglio,Giovanni Ameglio,100.0,exact_canonical,generale giovanni ameglio,accepted_auto,Giovanni Ameglio,military_and_administration,Eritrea;Libya,1890s-1918,Officer in the first Italo-Ethiopian conflict and a leading commander in the conquest of Libya; later governor of Cyrenaica and Tripolitania.,https://www.treccani.it/enciclopedia/giovanni-ameglio_%28Dizionario-Biografico%29/,,False,verified_manual,89981
1276068,L109,072043,VIA DUCA DEGLI ABRUZZI,,VIA DUCA DEGLI ABRUZZI,Terlizzi,Puglia,072043,savoiaaosta_luigiamedeo,Luigi Amedeo di Savoia-Aosta,Duca degli Abruzzi,100.0,exact_alias,duca degli abruzzi,accepted_auto,Luigi Amedeo di Savoia-Aosta;Duca degli Abruzzi,economic_and_colonization,Somalia,1919-1933,"Prince, explorer and founder of the large agricultural settlement and company at Villaggio Duca degli Abruzzi in Italian Somalia.",https://www.treccani.it/enciclopedia/savoia-aosta-luigi-amedeo-giuseppe-maria-ferdinando-francesco-di-duca-degli-abruzzi_%28Dizionario-Biografico%29/,,False,verified_manual,89981
1276095,L109,072043,VIA FRANCESCO CRISPI,,VIA FRANCESCO CRISPI,Terlizzi,Puglia,072043,crispi_francesco,Francesco Crispi,Francesco Crispi,100.0,exact_canonical,francesco crispi,accepted_auto,Francesco Crispi,political_and_administration,Eritrea;Ethiopia;Somalia,1887-1896,Prime minister and a principal political promoter of Italian colonial expansion in the Horn of Africa; his policy culminated in the war ending at Adwa.,https://www.treccani.it/enciclopedia/francesco-crispi/,,False,verified_manual,89981
1276294,L109,072043,VIA PIETRO TOSELLI,,VIA PIETRO TOSELLI,Terlizzi,Puglia,072043,toselli_pietro,Pietro Toselli,Pietro Toselli,100.0,exact_canonical,pietro toselli,accepted_auto,Pietro Toselli;Toselli;Maggiore Toselli,military,Eritrea;Ethiopia,1890s,Italian officer in the colonial campaigns in the Horn of Africa; killed at Amba Alagi in 1895.,https://www.tandfonline.com/doi/full/10.1080/1369801X.2023.2222710,,True,verified,89981
1219385,L213,074018,VIA CARLO CANEVA,,VIA CARLO CANEVA,Torchiarolo,Puglia,074018,caneva_carlo,Carlo Caneva,Carlo Caneva,100.0,exact_canonical,carlo caneva,accepted_auto,Carlo Caneva,military,Libya,1911-1912,Commander of the Italian expeditionary force during the invasion of Ottoman Libya in the Italo-Turkish War.,https://it.wikipedia.org/wiki/Carlo_Caneva,,False,verified_manual,89981
838868,L220,072044,VIA FRANCESCO CRISPI,,VIA FRANCESCO CRISPI,Toritto,Puglia,072044,crispi_francesco,Francesco Crispi,Francesco Crispi,100.0,exact_canonical,francesco crispi,accepted_auto,Francesco Crispi,political_and_administration,Eritrea;Ethiopia;Somalia,1887-1896,Prime minister and a principal political promoter of Italian colonial expansion in the Horn of Africa; his policy culminated in the war ending at Adwa.,https://www.treccani.it/enciclopedia/francesco-crispi/,,False,verified_manual,89981
838876,L220,072044,VIA GALLIANO,,VIA GALLIANO,Toritto,Puglia,072044,galliano_giuseppe,Giuseppe Galliano,Galliano,100.0,exact_surname,galliano,needs_review,Giuseppe Galliano;Galliano,military,Eritrea;Ethiopia,1880s-1890s,Italian officer active in the colonial campaigns in Eritrea and Ethiopia.,https://www.lastampa.it/torino/2023/03/22/news/nomi_vie_piazze_colonialismo-12713667/,,True,verified,89981
838983,L220,072044,VIA PIETRO TOSELLI,,VIA PIETRO TOSELLI,Toritto,Puglia,072044,toselli_pietro,Pietro Toselli,Pietro Toselli,100.0,exact_canonical,pietro toselli,accepted_auto,Pietro Toselli;Toselli;Maggiore Toselli,military,Eritrea;Ethiopia,1890s,Italian officer in the colonial campaigns in the Horn of Africa; killed at Amba Alagi in 1895.,https://www.tandfonline.com/doi/full/10.1080/1369801X.2023.2222710,,True,verified,89981
1120304,L273,071056,VIA GALLIANO,,VIA GALLIANO,Torremaggiore,Puglia,071056,galliano_giuseppe,Giuseppe Galliano,Galliano,100.0,exact_surname,galliano,needs_review,Giuseppe Galliano;Galliano,military,Eritrea;Ethiopia,1880s-1890s,Italian officer active in the colonial campaigns in Eritrea and Ethiopia.,https://www.lastampa.it/torino/2023/03/22/news/nomi_vie_piazze_colonialismo-12713667/,,True,verified,89981
1120424,L273,071056,VIA TOSELLI,,VIA TOSELLI,Torremaggiore,Puglia,071056,toselli_pietro,Pietro Toselli,Toselli,100.0,exact_surname,toselli,needs_review,Pietro Toselli;Toselli;Maggiore Toselli,military,Eritrea;Ethiopia,1890s,Italian officer in the colonial campaigns in the Horn of Africa; killed at Amba Alagi in 1895.,https://www.tandfonline.com/doi/full/10.1080/1369801X.2023.2222710,,True,verified,89981
1066273,L280,074019,VIA GALLIANO,,VIA GALLIANO,Torre Santa Susanna,Puglia,074019,galliano_giuseppe,Giuseppe Galliano,Galliano,100.0,exact_surname,galliano,needs_review,Giuseppe Galliano;Galliano,military,Eritrea;Ethiopia,1880s-1890s,Italian officer active in the colonial campaigns in Eritrea and Ethiopia.,https://www.lastampa.it/torino/2023/03/22/news/nomi_vie_piazze_colonialismo-12713667/,,True,verified,89981
1066408,L280,074019,VIA TOSELLI,,VIA TOSELLI,Torre Santa Susanna,Puglia,074019,toselli_pietro,Pietro Toselli,Toselli,100.0,exact_surname,toselli,needs_review,Pietro Toselli;Toselli;Maggiore Toselli,military,Eritrea;Ethiopia,1890s,Italian officer in the colonial campaigns in the Horn of Africa; killed at Amba Alagi in 1895.,https://www.tandfonline.com/doi/full/10.1080/1369801X.2023.2222710,,True,verified,89981
521855,L294,073028,VIA FRANCESCO CRISPI,,VIA FRANCESCO CRISPI,Torricella,Puglia,073028,crispi_francesco,Francesco Crispi,Francesco Crispi,100.0,exact_canonical,francesco crispi,accepted_auto,Francesco Crispi,political_and_administration,Eritrea;Ethiopia;Somalia,1887-1896,Prime minister and a principal political promoter of Italian colonial expansion in the Horn of Africa; his policy culminated in the war ending at Adwa.,https://www.treccani.it/enciclopedia/francesco-crispi/,,False,verified_manual,89981
521886,L294,073028,VIA MAGGIORE GALLIANO,,VIA MAGGIORE GALLIANO,Torricella,Puglia,073028,galliano_giuseppe,Giuseppe Galliano,Galliano,100.0,exact_surname,maggiore galliano,needs_review,Giuseppe Galliano;Galliano,military,Eritrea;Ethiopia,1880s-1890s,Italian officer active in the colonial campaigns in Eritrea and Ethiopia.,https://www.lastampa.it/torino/2023/03/22/news/nomi_vie_piazze_colonialismo-12713667/,,True,verified,89981
521887,L294,073028,VIA MAGGIORE TOSELLI,,VIA MAGGIORE TOSELLI,Torricella,Puglia,073028,toselli_pietro,Pietro Toselli,Toselli,100.0,exact_surname,maggiore toselli,needs_review,Pietro Toselli;Toselli;Maggiore Toselli,military,Eritrea;Ethiopia,1890s,Italian officer in the colonial campaigns in the Horn of Africa; killed at Amba Alagi in 1895.,https://www.tandfonline.com/doi/full/10.1080/1369801X.2023.2222710,,True,verified,89981
1276549,L328,110009,VIA GENERALE BADOGLIO,,VIA GENERALE BADOGLIO,Trani,Puglia,110009,badoglio_pietro,Pietro Badoglio,Badoglio,100.0,exact_surname,generale badoglio,needs_review,Pietro Badoglio;Badoglio;Maresciallo Badoglio,military_and_administration,Libya;Ethiopia,1929-1936,Governor of Libya and later senior commander/high commissioner during the invasion of Ethiopia.,https://www.treccani.it/enciclopedia/pietro-badoglio/,,True,verified,89981
1287801,L383,075087,VIA DUCA DEGLI ABRUZZI,,VIA DUCA DEGLI ABRUZZI,Trepuzzi,Puglia,075087,savoiaaosta_luigiamedeo,Luigi Amedeo di Savoia-Aosta,Duca degli Abruzzi,100.0,exact_alias,duca degli abruzzi,accepted_auto,Luigi Amedeo di Savoia-Aosta;Duca degli Abruzzi,economic_and_colonization,Somalia,1919-1933,"Prince, explorer and founder of the large agricultural settlement and company at Villaggio Duca degli Abruzzi in Italian Somalia.",https://www.treccani.it/enciclopedia/savoia-aosta-luigi-amedeo-giuseppe-maria-ferdinando-francesco-di-duca-degli-abruzzi_%28Dizionario-Biografico%29/,,False,verified_manual,89981
1185949,L419,075088,VIA DUCA DEGLI ABRUZZI,,VIA DUCA DEGLI ABRUZZI,Tricase,Puglia,075088,savoiaaosta_luigiamedeo,Luigi Amedeo di Savoia-Aosta,Duca degli Abruzzi,100.0,exact_alias,duca degli abruzzi,accepted_auto,Luigi Amedeo di Savoia-Aosta;Duca degli Abruzzi,economic_and_colonization,Somalia,1919-1933,"Prince, explorer and founder of the large agricultural settlement and company at Villaggio Duca degli Abruzzi in Italian Somalia.",https://www.treccani.it/enciclopedia/savoia-aosta-luigi-amedeo-giuseppe-maria-ferdinando-francesco-di-duca-degli-abruzzi_%28Dizionario-Biografico%29/,,False,verified_manual,89981
1185988,L419,075088,VIA FRANCESCO CRISPI,,VIA FRANCESCO CRISPI,Tricase,Puglia,075088,crispi_francesco,Francesco Crispi,Francesco Crispi,100.0,exact_canonical,francesco crispi,accepted_auto,Francesco Crispi,political_and_administration,Eritrea;Ethiopia;Somalia,1887-1896,Prime minister and a principal political promoter of Italian colonial expansion in the Horn of Africa; his policy culminated in the war ending at Adwa.,https://www.treccani.it/enciclopedia/francesco-crispi/,,False,verified_manual,89981
1186203,L419,075088,VIA PIETRO TOSELLI,,VIA PIETRO TOSELLI,Tricase,Puglia,075088,toselli_pietro,Pietro Toselli,Pietro Toselli,100.0,exact_canonical,pietro toselli,accepted_auto,Pietro Toselli;Toselli;Maggiore Toselli,military,Eritrea;Ethiopia,1890s,Italian officer in the colonial campaigns in the Horn of Africa; killed at Amba Alagi in 1895.,https://www.tandfonline.com/doi/full/10.1080/1369801X.2023.2222710,,True,verified,89981
887411,L425,072046,VIA DUCA DEGLI ABRUZZI,,VIA DUCA DEGLI ABRUZZI,Triggiano,Puglia,072046,savoiaaosta_luigiamedeo,Luigi Amedeo di Savoia-Aosta,Duca degli Abruzzi,100.0,exact_alias,duca degli abruzzi,accepted_auto,Luigi Amedeo di Savoia-Aosta;Duca degli Abruzzi,economic_and_colonization,Somalia,1919-1933,"Prince, explorer and founder of the large agricultural settlement and company at Villaggio Duca degli Abruzzi in Italian Somalia.",https://www.treccani.it/enciclopedia/savoia-aosta-luigi-amedeo-giuseppe-maria-ferdinando-francesco-di-duca-degli-abruzzi_%28Dizionario-Biografico%29/,,False,verified_manual,89981
887441,L425,072046,VIA FRANCESCO CRISPI,,VIA FRANCESCO CRISPI,Triggiano,Puglia,072046,crispi_francesco,Francesco Crispi,Francesco Crispi,100.0,exact_canonical,francesco crispi,accepted_auto,Francesco Crispi,political_and_administration,Eritrea;Ethiopia;Somalia,1887-1896,Prime minister and a principal political promoter of Italian colonial expansion in the Horn of Africa; his policy culminated in the war ending at Adwa.,https://www.treccani.it/enciclopedia/francesco-crispi/,,False,verified_manual,89981
887657,L425,072046,VIA VITTORIO BOTTEGO,,VIA VITTORIO BOTTEGO,Triggiano,Puglia,072046,bottego_vittorio,Vittorio Bottego,Vittorio Bottego,100.0,exact_canonical,vittorio bottego,accepted_auto,Vittorio Bottego,exploration_geography,Somalia;Ethiopia;Eritrea,1887-1897,Army officer and explorer whose expeditions in the Horn of Africa were closely connected with Italian territorial ambitions in Somalia and Ethiopia.,https://www.treccani.it/enciclopedia/vittorio-bottego_%28Dizionario-Biografico%29/,,False,verified_manual,89981
1012137,L462,075089,VIA FRANCESCO CRISPI,,VIA FRANCESCO CRISPI,Tuglie,Puglia,075089,crispi_francesco,Francesco Crispi,Francesco Crispi,100.0,exact_canonical,francesco crispi,accepted_auto,Francesco Crispi,political_and_administration,Eritrea;Ethiopia;Somalia,1887-1896,Prime minister and a principal political promoter of Italian colonial expansion in the Horn of Africa; his policy culminated in the war ending at Adwa.,https://www.treccani.it/enciclopedia/francesco-crispi/,,False,verified_manual,89981
1188748,L472,072047,VIA FRANCESCO CRISPI,,VIA FRANCESCO CRISPI,Turi,Puglia,072047,crispi_francesco,Francesco Crispi,Francesco Crispi,100.0,exact_canonical,francesco crispi,accepted_auto,Francesco Crispi,political_and_administration,Eritrea;Ethiopia;Somalia,1887-1896,Prime minister and a principal political promoter of Italian colonial expansion in the Horn of Africa; his policy culminated in the war ending at Adwa.,https://www.treccani.it/enciclopedia/francesco-crispi/,,False,verified_manual,89981
1049274,L484,075090,VIA DUCA DEGLI ABRUZZI,,VIA DUCA DEGLI ABRUZZI,Ugento,Puglia,075090,savoiaaosta_luigiamedeo,Luigi Amedeo di Savoia-Aosta,Duca degli Abruzzi,100.0,exact_alias,duca degli abruzzi,accepted_auto,Luigi Amedeo di Savoia-Aosta;Duca degli Abruzzi,economic_and_colonization,Somalia,1919-1933,"Prince, explorer and founder of the large agricultural settlement and company at Villaggio Duca degli Abruzzi in Italian Somalia.",https://www.treccani.it/enciclopedia/savoia-aosta-luigi-amedeo-giuseppe-maria-ferdinando-francesco-di-duca-degli-abruzzi_%28Dizionario-Biografico%29/,,False,verified_manual,89981
1049304,L484,075090,VIA FRANCESCO CRISPI,,VIA FRANCESCO CRISPI,Ugento,Puglia,075090,crispi_francesco,Francesco Crispi,Francesco Crispi,100.0,exact_canonical,francesco crispi,accepted_auto,Francesco Crispi,political_and_administration,Eritrea;Ethiopia;Somalia,1887-1896,Prime minister and a principal political promoter of Italian colonial expansion in the Horn of Africa; his policy culminated in the war ending at Adwa.,https://www.treccani.it/enciclopedia/francesco-crispi/,,False,verified_manual,89981
982088,L485,075091,VIA DUCA DEGLI ABRUZZI,,VIA DUCA DEGLI ABRUZZI,Uggiano la Chiesa,Puglia,075091,savoiaaosta_luigiamedeo,Luigi Amedeo di Savoia-Aosta,Duca degli Abruzzi,100.0,exact_alias,duca degli abruzzi,accepted_auto,Luigi Amedeo di Savoia-Aosta;Duca degli Abruzzi,economic_and_colonization,Somalia,1919-1933,"Prince, explorer and founder of the large agricultural settlement and company at Villaggio Duca degli Abruzzi in Italian Somalia.",https://www.treccani.it/enciclopedia/savoia-aosta-luigi-amedeo-giuseppe-maria-ferdinando-francesco-di-duca-degli-abruzzi_%28Dizionario-Biografico%29/,,False,verified_manual,89981
982096,L485,075091,VIA FRANCESCO CRISPI,,VIA FRANCESCO CRISPI,Uggiano la Chiesa,Puglia,075091,crispi_francesco,Francesco Crispi,Francesco Crispi,100.0,exact_canonical,francesco crispi,accepted_auto,Francesco Crispi,political_and_administration,Eritrea;Ethiopia;Somalia,1887-1896,Prime minister and a principal political promoter of Italian colonial expansion in the Horn of Africa; his policy culminated in the war ending at Adwa.,https://www.treccani.it/enciclopedia/francesco-crispi/,,False,verified_manual,89981
728518,L571,072048,VIA FRANCESCO CRISPI,,VIA FRANCESCO CRISPI,Valenzano,Puglia,072048,crispi_francesco,Francesco Crispi,Francesco Crispi,100.0,exact_canonical,francesco crispi,accepted_auto,Francesco Crispi,political_and_administration,Eritrea;Ethiopia;Somalia,1887-1896,Prime minister and a principal political promoter of Italian colonial expansion in the Horn of Africa; his policy culminated in the war ending at Adwa.,https://www.treccani.it/enciclopedia/francesco-crispi/,,False,verified_manual,89981
1145510,L711,075092,VIA DUCA DEGLI ABRUZZI,,VIA DUCA DEGLI ABRUZZI,Veglie,Puglia,075092,savoiaaosta_luigiamedeo,Luigi Amedeo di Savoia-Aosta,Duca degli Abruzzi,100.0,exact_alias,duca degli abruzzi,accepted_auto,Luigi Amedeo di Savoia-Aosta;Duca degli Abruzzi,economic_and_colonization,Somalia,1919-1933,"Prince, explorer and founder of the large agricultural settlement and company at Villaggio Duca degli Abruzzi in Italian Somalia.",https://www.treccani.it/enciclopedia/savoia-aosta-luigi-amedeo-giuseppe-maria-ferdinando-francesco-di-duca-degli-abruzzi_%28Dizionario-Biografico%29/,,False,verified_manual,89981
369994,L858,071060,VIA VITTORIO BOTTEGO,,VIA VITTORIO BOTTEGO,Vieste,Puglia,071060,bottego_vittorio,Vittorio Bottego,Vittorio Bottego,100.0,exact_canonical,vittorio bottego,accepted_auto,Vittorio Bottego,exploration_geography,Somalia;Ethiopia;Eritrea,1887-1897,Army officer and explorer whose expeditions in the Horn of Africa were closely connected with Italian territorial ambitions in Somalia and Ethiopia.,https://www.treccani.it/enciclopedia/vittorio-bottego_%28Dizionario-Biografico%29/,,False,verified_manual,89981
982347,M264,075095,VIA FRANCESCO CRISPI,,VIA FRANCESCO CRISPI,San Cassiano,Puglia,075095,crispi_francesco,Francesco Crispi,Francesco Crispi,100.0,exact_canonical,francesco crispi,accepted_auto,Francesco Crispi,political_and_administration,Eritrea;Ethiopia;Somalia,1887-1896,Prime minister and a principal political promoter of Italian colonial expansion in the Horn of Africa; his policy culminated in the war ending at Adwa.,https://www.treccani.it/enciclopedia/francesco-crispi/,,False,verified_manual,89981
1009823,M428,075098,VIA DUCA DEGLI ABRUZZI,,VIA DUCA DEGLI ABRUZZI,Presicce-Acquarica,Puglia,075098,savoiaaosta_luigiamedeo,Luigi Amedeo di Savoia-Aosta,Duca degli Abruzzi,100.0,exact_alias,duca degli abruzzi,accepted_auto,Luigi Amedeo di Savoia-Aosta;Duca degli Abruzzi,economic_and_colonization,Somalia,1919-1933,"Prince, explorer and founder of the large agricultural settlement and company at Villaggio Duca degli Abruzzi in Italian Somalia.",https://www.treccani.it/enciclopedia/savoia-aosta-luigi-amedeo-giuseppe-maria-ferdinando-francesco-di-duca-degli-abruzzi_%28Dizionario-Biografico%29/,,False,verified_manual,89981
1009677,M428,075098,VIA FRANCESCO CRISPI,,VIA FRANCESCO CRISPI,Presicce-Acquarica,Puglia,075098,crispi_francesco,Francesco Crispi,Francesco Crispi,100.0,exact_canonical,francesco crispi,accepted_auto,Francesco Crispi,political_and_administration,Eritrea;Ethiopia;Somalia,1887-1896,Prime minister and a principal political promoter of Italian colonial expansion in the Horn of Africa; his policy culminated in the war ending at Adwa.,https://www.treccani.it/enciclopedia/francesco-crispi/,,False,verified_manual,89981
961841,A192,090003,VIA FRANCESCO CRISPI,,VIA FRANCESCO CRISPI,Alghero,Sardegna,112001,crispi_francesco,Francesco Crispi,Francesco Crispi,100.0,exact_canonical,francesco crispi,accepted_auto,Francesco Crispi,political_and_administration,Eritrea;Ethiopia;Somalia,1887-1896,Prime minister and a principal political promoter of Italian colonial expansion in the Horn of Africa; his policy culminated in the war ending at Adwa.,https://www.treccani.it/enciclopedia/francesco-crispi/,,False,verified_manual,62774
763467,A357,095006,VIA ITALO BALBO,,VIA ITALO BALBO,Arborea,Sardegna,115006,balbo_italo,Italo Balbo,Italo Balbo,100.0,exact_canonical,italo balbo,accepted_auto,Italo Balbo;Balbo,political_and_administration,Libya,1934-1940,Governor-General of Italian Libya from 1934 to 1940.,https://www.treccani.it/enciclopedia/italo-balbo/,,True,verified,62774
402550,A407,091001,VIA FRANCESCO CRISPI,,VIA FRANCESCO CRISPI,Aritzo,Sardegna,114001,crispi_francesco,Francesco Crispi,Francesco Crispi,100.0,exact_canonical,francesco crispi,accepted_auto,Francesco Crispi,political_and_administration,Eritrea;Ethiopia;Somalia,1887-1896,Prime minister and a principal political promoter of Italian colonial expansion in the Horn of Africa; his policy culminated in the war ending at Adwa.,https://www.treccani.it/enciclopedia/francesco-crispi/,,False,verified_manual,62774
956148,A453,090006,VIA FRANCESCO CRISPI,,VIA FRANCESCO CRISPI,Arzachena,Sardegna,113004,crispi_francesco,Francesco Crispi,Francesco Crispi,100.0,exact_canonical,francesco crispi,accepted_auto,Francesco Crispi,political_and_administration,Eritrea;Ethiopia;Somalia,1887-1896,Prime minister and a principal political promoter of Italian colonial expansion in the Horn of Africa; his policy culminated in the war ending at Adwa.,https://www.treccani.it/enciclopedia/francesco-crispi/,,False,verified_manual,62774
960564,A789,090009,VIA DUCA DEGLI ABRUZZI,,VIA DUCA DEGLI ABRUZZI,Berchidda,Sardegna,113006,savoiaaosta_luigiamedeo,Luigi Amedeo di Savoia-Aosta,Duca degli Abruzzi,100.0,exact_alias,duca degli abruzzi,accepted_auto,Luigi Amedeo di Savoia-Aosta;Duca degli Abruzzi,economic_and_colonization,Somalia,1919-1933,"Prince, explorer and founder of the large agricultural settlement and company at Villaggio Duca degli Abruzzi in Italian Somalia.",https://www.treccani.it/enciclopedia/savoia-aosta-luigi-amedeo-giuseppe-maria-ferdinando-francesco-di-duca-degli-abruzzi_%28Dizionario-Biografico%29/,,False,verified_manual,62774
1253074,A880,091008,VIA GALLIANO,,VIA GALLIANO,Birori,Sardegna,114005,galliano_giuseppe,Giuseppe Galliano,Galliano,100.0,exact_surname,galliano,needs_review,Giuseppe Galliano;Galliano,military,Eritrea;Ethiopia,1880s-1890s,Italian officer active in the colonial campaigns in Eritrea and Ethiopia.,https://www.lastampa.it/torino/2023/03/22/news/nomi_vie_piazze_colonialismo-12713667/,,True,verified,62774
1253098,A880,091008,VIA TOSELLI,,VIA TOSELLI,Birori,Sardegna,114005,toselli_pietro,Pietro Toselli,Toselli,100.0,exact_surname,toselli,needs_review,Pietro Toselli;Toselli;Maggiore Toselli,military,Eritrea;Ethiopia,1890s,Italian officer in the colonial campaigns in the Horn of Africa; killed at Amba Alagi in 1895.,https://www.tandfonline.com/doi/full/10.1080/1369801X.2023.2222710,,True,verified,62774
368225,B055,095016,VIA TOSELLI,,VIA TOSELLI,Boroneddu,Sardegna,115016,toselli_pietro,Pietro Toselli,Toselli,100.0,exact_surname,toselli,needs_review,Pietro Toselli;Toselli;Maggiore Toselli,military,Eritrea;Ethiopia,1890s,Italian officer in the colonial campaigns in the Horn of Africa; killed at Amba Alagi in 1895.,https://www.tandfonline.com/doi/full/10.1080/1369801X.2023.2222710,,True,verified,62774
368224,B055,095016,VICOLO TOSELLI,,VICOLO TOSELLI,Boroneddu,Sardegna,115016,toselli_pietro,Pietro Toselli,Toselli,100.0,exact_surname,toselli,needs_review,Pietro Toselli;Toselli;Maggiore Toselli,military,Eritrea;Ethiopia,1890s,Italian officer in the colonial campaigns in the Horn of Africa; killed at Amba Alagi in 1895.,https://www.tandfonline.com/doi/full/10.1080/1369801X.2023.2222710,,True,verified,62774
433314,B056,091011,VIA GIUSEPPE GALLIANO,,VIA GIUSEPPE GALLIANO,Borore,Sardegna,114008,galliano_giuseppe,Giuseppe Galliano,Giuseppe Galliano,100.0,exact_canonical,giuseppe galliano,accepted_auto,Giuseppe Galliano;Galliano,military,Eritrea;Ethiopia,1880s-1890s,Italian officer active in the colonial campaigns in Eritrea and Ethiopia.,https://www.lastampa.it/torino/2023/03/22/news/nomi_vie_piazze_colonialismo-12713667/,,True,verified,62774
458516,B062,091012,VIA GALLIANO,,VIA GALLIANO,Bortigali,Sardegna,114009,galliano_giuseppe,Giuseppe Galliano,Galliano,100.0,exact_surname,galliano,needs_review,Giuseppe Galliano;Galliano,military,Eritrea;Ethiopia,1880s-1890s,Italian officer active in the colonial campaigns in Eritrea and Ethiopia.,https://www.lastampa.it/torino/2023/03/22/news/nomi_vie_piazze_colonialismo-12713667/,,True,verified,62774
458562,B062,091012,VIA PIETRO TOSELLI,,VIA PIETRO TOSELLI,Bortigali,Sardegna,114009,toselli_pietro,Pietro Toselli,Pietro Toselli,100.0,exact_canonical,pietro toselli,accepted_auto,Pietro Toselli;Toselli;Maggiore Toselli,military,Eritrea;Ethiopia,1890s,Italian officer in the colonial campaigns in the Horn of Africa; killed at Amba Alagi in 1895.,https://www.tandfonline.com/doi/full/10.1080/1369801X.2023.2222710,,True,verified,62774
458561,B062,091012,VICOLO TOSELLI,,VICOLO TOSELLI,Bortigali,Sardegna,114009,toselli_pietro,Pietro Toselli,Toselli,100.0,exact_surname,toselli,needs_review,Pietro Toselli;Toselli;Maggiore Toselli,military,Eritrea;Ethiopia,1890s,Italian officer in the colonial campaigns in the Horn of Africa; killed at Amba Alagi in 1895.,https://www.tandfonline.com/doi/full/10.1080/1369801X.2023.2222710,,True,verified,62774
207394,B264,090018,VIA FRANCESCO CRISPI,,VIA FRANCESCO CRISPI,Bultei,Sardegna,112012,crispi_francesco,Francesco Crispi,Francesco Crispi,100.0,exact_canonical,francesco crispi,accepted_auto,Francesco Crispi,political_and_administration,Eritrea;Ethiopia;Somalia,1887-1896,Prime minister and a principal political promoter of Italian colonial expansion in the Horn of Africa; his policy culminated in the war ending at Adwa.,https://www.treccani.it/enciclopedia/francesco-crispi/,,False,verified_manual,62774
1156878,B354,092009,VIA FRANCESCO CRISPI,,VIA FRANCESCO CRISPI,Cagliari,Sardegna,118006,crispi_francesco,Francesco Crispi,Francesco Crispi,100.0,exact_canonical,francesco crispi,accepted_auto,Francesco Crispi,political_and_administration,Eritrea;Ethiopia;Somalia,1887-1896,Prime minister and a principal political promoter of Italian colonial expansion in the Horn of Africa; his policy culminated in the war ending at Adwa.,https://www.treccani.it/enciclopedia/francesco-crispi/,,False,verified_manual,62774
1157212,B354,092009,VIA MAGGIORE GIUSEPPE GALLIANO,,VIA MAGGIORE GIUSEPPE GALLIANO,Cagliari,Sardegna,118006,galliano_giuseppe,Giuseppe Galliano,Giuseppe Galliano,100.0,exact_canonical,maggiore giuseppe galliano,accepted_auto,Giuseppe Galliano;Galliano,military,Eritrea;Ethiopia,1880s-1890s,Italian officer active in the colonial campaigns in Eritrea and Ethiopia.,https://www.lastampa.it/torino/2023/03/22/news/nomi_vie_piazze_colonialismo-12713667/,,True,verified,62774
1157658,B354,092009,VIA VITTORIO BOTTEGO,,VIA VITTORIO BOTTEGO,Cagliari,Sardegna,118006,bottego_vittorio,Vittorio Bottego,Vittorio Bottego,100.0,exact_canonical,vittorio bottego,accepted_auto,Vittorio Bottego,exploration_geography,Somalia;Ethiopia;Eritrea,1887-1897,Army officer and explorer whose expeditions in the Horn of Africa were closely connected with Italian territorial ambitions in Somalia and Ethiopia.,https://www.treccani.it/enciclopedia/vittorio-bottego_%28Dizionario-Biografico%29/,,False,verified_manual,62774
1149920,B745,111009,VIA FRANCESCO CRISPI,,VIA FRANCESCO CRISPI,Carbonia,Sardegna,119003,crispi_francesco,Francesco Crispi,Francesco Crispi,100.0,exact_canonical,francesco crispi,accepted_auto,Francesco Crispi,political_and_administration,Eritrea;Ethiopia;Somalia,1887-1896,Prime minister and a principal political promoter of Italian colonial expansion in the Horn of Africa; his policy culminated in the war ending at Adwa.,https://www.treccani.it/enciclopedia/francesco-crispi/,,False,verified_manual,62774
469923,D200,095019,VIA GALLIANO,,VIA GALLIANO,Cuglieri,Sardegna,115020,galliano_giuseppe,Giuseppe Galliano,Galliano,100.0,exact_surname,galliano,needs_review,Giuseppe Galliano;Galliano,military,Eritrea;Ethiopia,1880s-1890s,Italian officer active in the colonial campaigns in Eritrea and Ethiopia.,https://www.lastampa.it/torino/2023/03/22/news/nomi_vie_piazze_colonialismo-12713667/,,True,verified,62774
470000,D200,095019,VIA TOSELLI,,VIA TOSELLI,Cuglieri,Sardegna,115020,toselli_pietro,Pietro Toselli,Toselli,100.0,exact_surname,toselli,needs_review,Pietro Toselli;Toselli;Maggiore Toselli,military,Eritrea;Ethiopia,1890s,Italian officer in the colonial campaigns in the Horn of Africa; killed at Amba Alagi in 1895.,https://www.tandfonline.com/doi/full/10.1080/1369801X.2023.2222710,,True,verified,62774
970254,D334,111016,VIA FRANCESCO CRISPI,,VIA FRANCESCO CRISPI,Domusnovas,Sardegna,119005,crispi_francesco,Francesco Crispi,Francesco Crispi,100.0,exact_canonical,francesco crispi,accepted_auto,Francesco Crispi,political_and_administration,Eritrea;Ethiopia;Somalia,1887-1896,Prime minister and a principal political promoter of Italian colonial expansion in the Horn of Africa; his policy culminated in the war ending at Adwa.,https://www.treccani.it/enciclopedia/francesco-crispi/,,False,verified_manual,62774
970261,D334,111016,VIA GIUSEPPE GALLIANO,,VIA GIUSEPPE GALLIANO,Domusnovas,Sardegna,119005,galliano_giuseppe,Giuseppe Galliano,Giuseppe Galliano,100.0,exact_canonical,giuseppe galliano,accepted_auto,Giuseppe Galliano;Galliano,military,Eritrea;Ethiopia,1880s-1890s,Italian officer active in the colonial campaigns in Eritrea and Ethiopia.,https://www.lastampa.it/torino/2023/03/22/news/nomi_vie_piazze_colonialismo-12713667/,,True,verified,62774
747142,E004,095021,VIA GIUSEPPE GALLIANO,,VIA GIUSEPPE GALLIANO,Ghilarza,Sardegna,115024,galliano_giuseppe,Giuseppe Galliano,Giuseppe Galliano,100.0,exact_canonical,giuseppe galliano,accepted_auto,Giuseppe Galliano;Galliano,military,Eritrea;Ethiopia,1880s-1890s,Italian officer active in the colonial campaigns in Eritrea and Ethiopia.,https://www.lastampa.it/torino/2023/03/22/news/nomi_vie_piazze_colonialismo-12713667/,,True,verified,62774
953862,E019,090030,VIA FRANCESCO CRISPI,,VIA FRANCESCO CRISPI,Giave,Sardegna,112024,crispi_francesco,Francesco Crispi,Francesco Crispi,100.0,exact_canonical,francesco crispi,accepted_auto,Francesco Crispi,political_and_administration,Eritrea;Ethiopia;Somalia,1887-1896,Prime minister and a principal political promoter of Italian colonial expansion in the Horn of Africa; his policy culminated in the war ending at Adwa.,https://www.treccani.it/enciclopedia/francesco-crispi/,,False,verified_manual,62774
977956,E281,111035,VIA FRANCESCO CRISPI,,VIA FRANCESCO CRISPI,Iglesias,Sardegna,119009,crispi_francesco,Francesco Crispi,Francesco Crispi,100.0,exact_canonical,francesco crispi,accepted_auto,Francesco Crispi,political_and_administration,Eritrea;Ethiopia;Somalia,1887-1896,Prime minister and a principal political promoter of Italian colonial expansion in the Horn of Africa; his policy culminated in the war ending at Adwa.,https://www.treccani.it/enciclopedia/francesco-crispi/,,False,verified_manual,62774
977904,E281,111035,VIA VITTORIO BOTTEGO,,VIA VITTORIO BOTTEGO,Iglesias,Sardegna,119009,bottego_vittorio,Vittorio Bottego,Vittorio Bottego,100.0,exact_canonical,vittorio bottego,accepted_auto,Vittorio Bottego,exploration_geography,Somalia;Ethiopia;Eritrea,1887-1897,Army officer and explorer whose expeditions in the Horn of Africa were closely connected with Italian territorial ambitions in Somalia and Ethiopia.,https://www.treccani.it/enciclopedia/vittorio-bottego_%28Dizionario-Biografico%29/,,False,verified_manual,62774
310262,E283,091032,VIA FRANCESCO CRISPI,,VIA FRANCESCO CRISPI,Ilbono,Sardegna,116008,crispi_francesco,Francesco Crispi,Francesco Crispi,100.0,exact_canonical,francesco crispi,accepted_auto,Francesco Crispi,political_and_administration,Eritrea;Ethiopia;Somalia,1887-1896,Prime minister and a principal political promoter of Italian colonial expansion in the Horn of Africa; his policy culminated in the war ending at Adwa.,https://www.treccani.it/enciclopedia/francesco-crispi/,,False,verified_manual,62774
1192410,E377,090033,VIA GIUSEPPE GALLIANO,,VIA GIUSEPPE GALLIANO,Ittiri,Sardegna,112027,galliano_giuseppe,Giuseppe Galliano,Giuseppe Galliano,100.0,exact_canonical,giuseppe galliano,accepted_auto,Giuseppe Galliano;Galliano,military,Eritrea;Ethiopia,1880s-1890s,Italian officer active in the colonial campaigns in Eritrea and Ethiopia.,https://www.lastampa.it/torino/2023/03/22/news/nomi_vie_piazze_colonialismo-12713667/,,True,verified,62774
1292349,E425,090035,PIAZZA MAGGIORE PIETRO TOSELLI,,PIAZZA MAGGIORE PIETRO TOSELLI,La Maddalena,Sardegna,113012,toselli_pietro,Pietro Toselli,Pietro Toselli,100.0,exact_canonical,maggiore pietro toselli,accepted_auto,Pietro Toselli;Toselli;Maggiore Toselli,military,Eritrea;Ethiopia,1890s,Italian officer in the colonial campaigns in the Horn of Africa; killed at Amba Alagi in 1895.,https://www.tandfonline.com/doi/full/10.1080/1369801X.2023.2222710,,True,verified,62774
1292261,E425,090035,VIA COLONNELLO GIUSEPPE GALLIANO,,VIA COLONNELLO GIUSEPPE GALLIANO,La Maddalena,Sardegna,113012,galliano_giuseppe,Giuseppe Galliano,Giuseppe Galliano,100.0,exact_canonical,colonnello giuseppe galliano,accepted_auto,Giuseppe Galliano;Galliano,military,Eritrea;Ethiopia,1880s-1890s,Italian officer active in the colonial campaigns in Eritrea and Ethiopia.,https://www.lastampa.it/torino/2023/03/22/news/nomi_vie_piazze_colonialismo-12713667/,,True,verified,62774
1292400,E425,090035,VIA REGINALDO GIULIANI,,VIA REGINALDO GIULIANI,La Maddalena,Sardegna,113012,giuliani_reginaldo,Reginaldo Giuliani,Reginaldo Giuliani,100.0,exact_canonical,reginaldo giuliani,accepted_auto,Reginaldo Giuliani;Giuliani;Padre Reginaldo Giuliani,military_and_religious,Ethiopia,1935-1936,Dominican friar and volunteer military chaplain associated with the war against Ethiopia.,https://www.tandfonline.com/doi/full/10.1080/1369801X.2023.2222710,,False,verified,62774
1012572,E752,090037,VIA FRANCESCO CRISPI,,VIA FRANCESCO CRISPI,Luras,Sardegna,113015,crispi_francesco,Francesco Crispi,Francesco Crispi,100.0,exact_canonical,francesco crispi,accepted_auto,Francesco Crispi,political_and_administration,Eritrea;Ethiopia;Somalia,1887-1896,Prime minister and a principal political promoter of Italian colonial expansion in the Horn of Africa; his policy culminated in the war ending at Adwa.,https://www.treccani.it/enciclopedia/francesco-crispi/,,False,verified_manual,62774
1246934,E788,091044,VIA FRANCESCO CRISPI,,VIA FRANCESCO CRISPI,Macomer,Sardegna,114023,crispi_francesco,Francesco Crispi,Francesco Crispi,100.0,exact_canonical,francesco crispi,accepted_auto,Francesco Crispi,political_and_administration,Eritrea;Ethiopia;Somalia,1887-1896,Prime minister and a principal political promoter of Italian colonial expansion in the Horn of Africa; his policy culminated in the war ending at Adwa.,https://www.treccani.it/enciclopedia/francesco-crispi/,,False,verified_manual,62774
187674,F333,111041,VIA FRANCESCO CRISPI,,VIA FRANCESCO CRISPI,Monastir,Sardegna,118027,crispi_francesco,Francesco Crispi,Francesco Crispi,100.0,exact_canonical,francesco crispi,accepted_auto,Francesco Crispi,political_and_administration,Eritrea;Ethiopia;Somalia,1887-1896,Prime minister and a principal political promoter of Italian colonial expansion in the Horn of Africa; his policy culminated in the war ending at Adwa.,https://www.treccani.it/enciclopedia/francesco-crispi/,,False,verified_manual,62774
1250305,F979,091051,PIAZZA FRANCESCO CRISPI,,PIAZZA FRANCESCO CRISPI,Nuoro,Sardegna,114027,crispi_francesco,Francesco Crispi,Francesco Crispi,100.0,exact_canonical,francesco crispi,accepted_auto,Francesco Crispi,political_and_administration,Eritrea;Ethiopia;Somalia,1887-1896,Prime minister and a principal political promoter of Italian colonial expansion in the Horn of Africa; his policy culminated in the war ending at Adwa.,https://www.treccani.it/enciclopedia/francesco-crispi/,,False,verified_manual,62774
167794,G015,090047,PIAZZA FRANCESCO CRISPI,,PIAZZA FRANCESCO CRISPI,Olbia,Sardegna,113017,crispi_francesco,Francesco Crispi,Francesco Crispi,100.0,exact_canonical,francesco crispi,accepted_auto,Francesco Crispi,political_and_administration,Eritrea;Ethiopia;Somalia,1887-1896,Prime minister and a principal political promoter of Italian colonial expansion in the Horn of Africa; his policy culminated in the war ending at Adwa.,https://www.treccani.it/enciclopedia/francesco-crispi/,,False,verified_manual,62774
168318,G015,090047,VIA VITTORIO BOTTEGO,,VIA VITTORIO BOTTEGO,Olbia,Sardegna,113017,bottego_vittorio,Vittorio Bottego,Vittorio Bottego,100.0,exact_canonical,vittorio bottego,accepted_auto,Vittorio Bottego,exploration_geography,Somalia;Ethiopia;Eritrea,1887-1897,Army officer and explorer whose expeditions in the Horn of Africa were closely connected with Italian territorial ambitions in Somalia and Ethiopia.,https://www.treccani.it/enciclopedia/vittorio-bottego_%28Dizionario-Biografico%29/,,False,verified_manual,62774
943080,G031,091055,VIA FRANCESCO CRISPI,,VIA FRANCESCO CRISPI,Oliena,Sardegna,114028,crispi_francesco,Francesco Crispi,Francesco Crispi,100.0,exact_canonical,francesco crispi,accepted_auto,Francesco Crispi,political_and_administration,Eritrea;Ethiopia;Somalia,1887-1896,Prime minister and a principal political promoter of Italian colonial expansion in the Horn of Africa; his policy culminated in the war ending at Adwa.,https://www.treccani.it/enciclopedia/francesco-crispi/,,False,verified_manual,62774
943150,G031,091055,VIA MAGGIORE PIETRO TOSELLI,,VIA MAGGIORE PIETRO TOSELLI,Oliena,Sardegna,114028,toselli_pietro,Pietro Toselli,Pietro Toselli,100.0,exact_canonical,maggiore pietro toselli,accepted_auto,Pietro Toselli;Toselli;Maggiore Toselli,military,Eritrea;Ethiopia,1890s,Italian officer in the colonial campaigns in the Horn of Africa; killed at Amba Alagi in 1895.,https://www.tandfonline.com/doi/full/10.1080/1369801X.2023.2222710,,True,verified,62774
493219,G113,095038,VIA DUCA DEGLI ABRUZZI,,VIA DUCA DEGLI ABRUZZI,Oristano,Sardegna,115045,savoiaaosta_luigiamedeo,Luigi Amedeo di Savoia-Aosta,Duca degli Abruzzi,100.0,exact_alias,duca degli abruzzi,accepted_auto,Luigi Amedeo di Savoia-Aosta;Duca degli Abruzzi,economic_and_colonization,Somalia,1919-1933,"Prince, explorer and founder of the large agricultural settlement and company at Villaggio Duca degli Abruzzi in Italian Somalia.",https://www.treccani.it/enciclopedia/savoia-aosta-luigi-amedeo-giuseppe-maria-ferdinando-francesco-di-duca-degli-abruzzi_%28Dizionario-Biografico%29/,,False,verified_manual,62774
493251,G113,095038,VIA FRANCESCO CRISPI,,VIA FRANCESCO CRISPI,Oristano,Sardegna,115045,crispi_francesco,Francesco Crispi,Francesco Crispi,100.0,exact_canonical,francesco crispi,accepted_auto,Francesco Crispi,political_and_administration,Eritrea;Ethiopia;Somalia,1887-1896,Prime minister and a principal political promoter of Italian colonial expansion in the Horn of Africa; his policy culminated in the war ending at Adwa.,https://www.treccani.it/enciclopedia/francesco-crispi/,,False,verified_manual,62774
493552,G113,095038,VIA VITTORIO BOTTEGO,,VIA VITTORIO BOTTEGO,Oristano,Sardegna,115045,bottego_vittorio,Vittorio Bottego,Vittorio Bottego,100.0,exact_canonical,vittorio bottego,accepted_auto,Vittorio Bottego,exploration_geography,Somalia;Ethiopia;Eritrea,1887-1897,Army officer and explorer whose expeditions in the Horn of Africa were closely connected with Italian territorial ambitions in Somalia and Ethiopia.,https://www.treccani.it/enciclopedia/vittorio-bottego_%28Dizionario-Biografico%29/,,False,verified_manual,62774
958994,G156,090050,VIA DUCA DEGLI ABRUZZI,,VIA DUCA DEGLI ABRUZZI,Osilo,Sardegna,112038,savoiaaosta_luigiamedeo,Luigi Amedeo di Savoia-Aosta,Duca degli Abruzzi,100.0,exact_alias,duca degli abruzzi,accepted_auto,Luigi Amedeo di Savoia-Aosta;Duca degli Abruzzi,economic_and_colonization,Somalia,1919-1933,"Prince, explorer and founder of the large agricultural settlement and company at Villaggio Duca degli Abruzzi in Italian Somalia.",https://www.treccani.it/enciclopedia/savoia-aosta-luigi-amedeo-giuseppe-maria-ferdinando-francesco-di-duca-degli-abruzzi_%28Dizionario-Biografico%29/,,False,verified_manual,62774
991509,G287,111063,VIA FRANCESCO CRISPI,,VIA FRANCESCO CRISPI,San Giovanni Suergiu,Sardegna,119017,crispi_francesco,Francesco Crispi,Francesco Crispi,100.0,exact_canonical,francesco crispi,accepted_auto,Francesco Crispi,political_and_administration,Eritrea;Ethiopia;Somalia,1887-1896,Prime minister and a principal political promoter of Italian colonial expansion in the Horn of Africa; his policy culminated in the war ending at Adwa.,https://www.treccani.it/enciclopedia/francesco-crispi/,,False,verified_manual,62774
396724,G376,090055,VIA FRANCESCO CRISPI,,VIA FRANCESCO CRISPI,Pattada,Sardegna,112042,crispi_francesco,Francesco Crispi,Francesco Crispi,100.0,exact_canonical,francesco crispi,accepted_auto,Francesco Crispi,political_and_administration,Eritrea;Ethiopia;Somalia,1887-1896,Prime minister and a principal political promoter of Italian colonial expansion in the Horn of Africa; his policy culminated in the war ending at Adwa.,https://www.treccani.it/enciclopedia/francesco-crispi/,,False,verified_manual,62774
636343,G383,111064,VIA DUCA DEGLI ABRUZZI,,VIA DUCA DEGLI ABRUZZI,San Nicolò Gerrei,Sardegna,118043,savoiaaosta_luigiamedeo,Luigi Amedeo di Savoia-Aosta,Duca degli Abruzzi,100.0,exact_alias,duca degli abruzzi,accepted_auto,Luigi Amedeo di Savoia-Aosta;Duca degli Abruzzi,economic_and_colonization,Somalia,1919-1933,"Prince, explorer and founder of the large agricultural settlement and company at Villaggio Duca degli Abruzzi in Italian Somalia.",https://www.treccani.it/enciclopedia/savoia-aosta-luigi-amedeo-giuseppe-maria-ferdinando-francesco-di-duca-degli-abruzzi_%28Dizionario-Biografico%29/,,False,verified_manual,62774
749607,G384,095041,VIA VITTORIO BOTTEGO,,VIA VITTORIO BOTTEGO,Paulilatino,Sardegna,115048,bottego_vittorio,Vittorio Bottego,Vittorio Bottego,100.0,exact_canonical,vittorio bottego,accepted_auto,Vittorio Bottego,exploration_geography,Somalia;Ethiopia;Eritrea,1887-1897,Army officer and explorer whose expeditions in the Horn of Africa were closely connected with Italian territorial ambitions in Somalia and Ethiopia.,https://www.treccani.it/enciclopedia/vittorio-bottego_%28Dizionario-Biografico%29/,,False,verified_manual,62774
955678,G450,090056,VIA DUCA DEGLI ABRUZZI,,VIA DUCA DEGLI ABRUZZI,Perfugas,Sardegna,112043,savoiaaosta_luigiamedeo,Luigi Amedeo di Savoia-Aosta,Duca degli Abruzzi,100.0,exact_alias,duca degli abruzzi,accepted_auto,Luigi Amedeo di Savoia-Aosta;Duca degli Abruzzi,economic_and_colonization,Somalia,1919-1933,"Prince, explorer and founder of the large agricultural settlement and company at Villaggio Duca degli Abruzzi in Italian Somalia.",https://www.treccani.it/enciclopedia/savoia-aosta-luigi-amedeo-giuseppe-maria-ferdinando-francesco-di-duca-degli-abruzzi_%28Dizionario-Biografico%29/,,False,verified_manual,62774
1132776,H088,092050,VIA FRANCESCO CRISPI,,VIA FRANCESCO CRISPI,Pula,Sardegna,118037,crispi_francesco,Francesco Crispi,Francesco Crispi,100.0,exact_canonical,francesco crispi,accepted_auto,Francesco Crispi,political_and_administration,Eritrea;Ethiopia;Somalia,1887-1896,Prime minister and a principal political promoter of Italian colonial expansion in the Horn of Africa; his policy culminated in the war ending at Adwa.,https://www.treccani.it/enciclopedia/francesco-crispi/,,False,verified_manual,62774
1223424,H118,092051,VIA FRANCESCO CRISPI,,VIA FRANCESCO CRISPI,Quartu Sant'Elena,Sardegna,118038,crispi_francesco,Francesco Crispi,Francesco Crispi,100.0,exact_canonical,francesco crispi,accepted_auto,Francesco Crispi,political_and_administration,Eritrea;Ethiopia;Somalia,1887-1896,Prime minister and a principal political promoter of Italian colonial expansion in the Horn of Africa; his policy culminated in the war ending at Adwa.,https://www.treccani.it/enciclopedia/francesco-crispi/,,False,verified_manual,62774
1085102,I312,090063,VIA GALLIANO,,VIA GALLIANO,Santa Teresa Gallura,Sardegna,113022,galliano_giuseppe,Giuseppe Galliano,Galliano,100.0,exact_surname,galliano,needs_review,Giuseppe Galliano;Galliano,military,Eritrea;Ethiopia,1880s-1890s,Italian officer active in the colonial campaigns in Eritrea and Ethiopia.,https://www.lastampa.it/torino/2023/03/22/news/nomi_vie_piazze_colonialismo-12713667/,,True,verified,62774
1085210,I312,090063,VIA PIETRO TOSELLI,,VIA PIETRO TOSELLI,Santa Teresa Gallura,Sardegna,113022,toselli_pietro,Pietro Toselli,Pietro Toselli,100.0,exact_canonical,pietro toselli,accepted_auto,Pietro Toselli;Toselli;Maggiore Toselli,military,Eritrea;Ethiopia,1890s,Italian officer in the colonial campaigns in the Horn of Africa; killed at Amba Alagi in 1895.,https://www.tandfonline.com/doi/full/10.1080/1369801X.2023.2222710,,True,verified,62774
1085114,I312,090063,VIA RODOLFO GRAZIANI,,VIA RODOLFO GRAZIANI,Santa Teresa Gallura,Sardegna,113022,graziani_rodolfo,Rodolfo Graziani,Rodolfo Graziani,100.0,exact_canonical,rodolfo graziani,accepted_auto,Rodolfo Graziani;Graziani;Maresciallo Graziani,military_and_administration,Libya;Ethiopia,1920s-1937,Senior colonial commander in Libya and commander in the Italo-Ethiopian war; viceroy of Ethiopia in 1936-1937.,https://www.treccani.it/enciclopedia/rodolfo-graziani/,,True,verified,62774
1008264,I428,111072,VIA FRANCESCO CRISPI,,VIA FRANCESCO CRISPI,Sardara,Sardegna,117016,crispi_francesco,Francesco Crispi,Francesco Crispi,100.0,exact_canonical,francesco crispi,accepted_auto,Francesco Crispi,political_and_administration,Eritrea;Ethiopia;Somalia,1887-1896,Prime minister and a principal political promoter of Italian colonial expansion in the Horn of Africa; his policy culminated in the war ending at Adwa.,https://www.treccani.it/enciclopedia/francesco-crispi/,,False,verified_manual,62774
212717,I452,090064,PIAZZA VITTORIO BOTTEGO,,PIAZZA VITTORIO BOTTEGO,Sassari,Sardegna,112050,bottego_vittorio,Vittorio Bottego,Vittorio Bottego,100.0,exact_canonical,vittorio bottego,accepted_auto,Vittorio Bottego,exploration_geography,Somalia;Ethiopia;Eritrea,1887-1897,Army officer and explorer whose expeditions in the Horn of Africa were closely connected with Italian territorial ambitions in Somalia and Ethiopia.,https://www.treccani.it/enciclopedia/vittorio-bottego_%28Dizionario-Biografico%29/,,False,verified_manual,62774
212125,I452,090064,VIA DUCA DEGLI ABRUZZI,,VIA DUCA DEGLI ABRUZZI,Sassari,Sardegna,112050,savoiaaosta_luigiamedeo,Luigi Amedeo di Savoia-Aosta,Duca degli Abruzzi,100.0,exact_alias,duca degli abruzzi,accepted_auto,Luigi Amedeo di Savoia-Aosta;Duca degli Abruzzi,economic_and_colonization,Somalia,1919-1933,"Prince, explorer and founder of the large agricultural settlement and company at Villaggio Duca degli Abruzzi in Italian Somalia.",https://www.treccani.it/enciclopedia/savoia-aosta-luigi-amedeo-giuseppe-maria-ferdinando-francesco-di-duca-degli-abruzzi_%28Dizionario-Biografico%29/,,False,verified_manual,62774
212718,I452,090064,VIA VITTORIO BOTTEGO,,VIA VITTORIO BOTTEGO,Sassari,Sardegna,112050,bottego_vittorio,Vittorio Bottego,Vittorio Bottego,100.0,exact_canonical,vittorio bottego,accepted_auto,Vittorio Bottego,exploration_geography,Somalia;Ethiopia;Eritrea,1887-1897,Army officer and explorer whose expeditions in the Horn of Africa were closely connected with Italian territorial ambitions in Somalia and Ethiopia.,https://www.treccani.it/enciclopedia/vittorio-bottego_%28Dizionario-Biografico%29/,,False,verified_manual,62774
977288,I580,092068,VIA FRANCESCO CRISPI,,VIA FRANCESCO CRISPI,Selargius,Sardegna,118048,crispi_francesco,Francesco Crispi,Francesco Crispi,100.0,exact_canonical,francesco crispi,accepted_auto,Francesco Crispi,political_and_administration,Eritrea;Ethiopia;Somalia,1887-1896,Prime minister and a principal political promoter of Italian colonial expansion in the Horn of Africa; his policy culminated in the war ending at Adwa.,https://www.treccani.it/enciclopedia/francesco-crispi/,,False,verified_manual,62774
686867,I647,111077,VIA FRANCESCO CRISPI,,VIA FRANCESCO CRISPI,Serramanna,Sardegna,117018,crispi_francesco,Francesco Crispi,Francesco Crispi,100.0,exact_canonical,francesco crispi,accepted_auto,Francesco Crispi,political_and_administration,Eritrea;Ethiopia;Somalia,1887-1896,Prime minister and a principal political promoter of Italian colonial expansion in the Horn of Africa; his policy culminated in the war ending at Adwa.,https://www.treccani.it/enciclopedia/francesco-crispi/,,False,verified_manual,62774
939679,I730,091083,VIA GALLIANO,,VIA GALLIANO,Silanus,Sardegna,114046,galliano_giuseppe,Giuseppe Galliano,Galliano,100.0,exact_surname,galliano,needs_review,Giuseppe Galliano;Galliano,military,Eritrea;Ethiopia,1880s-1890s,Italian officer active in the colonial campaigns in Eritrea and Ethiopia.,https://www.lastampa.it/torino/2023/03/22/news/nomi_vie_piazze_colonialismo-12713667/,,True,verified,62774
967290,I734,111084,VIA DUCA DEGLI ABRUZZI,,VIA DUCA DEGLI ABRUZZI,Siliqua,Sardegna,118056,savoiaaosta_luigiamedeo,Luigi Amedeo di Savoia-Aosta,Duca degli Abruzzi,100.0,exact_alias,duca degli abruzzi,accepted_auto,Luigi Amedeo di Savoia-Aosta;Duca degli Abruzzi,economic_and_colonization,Somalia,1919-1933,"Prince, explorer and founder of the large agricultural settlement and company at Villaggio Duca degli Abruzzi in Italian Somalia.",https://www.treccani.it/enciclopedia/savoia-aosta-luigi-amedeo-giuseppe-maria-ferdinando-francesco-di-duca-degli-abruzzi_%28Dizionario-Biografico%29/,,False,verified_manual,62774
1190022,I751,091085,VIA DUCA DEGLI ABRUZZI,,VIA DUCA DEGLI ABRUZZI,Siniscola,Sardegna,114048,savoiaaosta_luigiamedeo,Luigi Amedeo di Savoia-Aosta,Duca degli Abruzzi,100.0,exact_alias,duca degli abruzzi,accepted_auto,Luigi Amedeo di Savoia-Aosta;Duca degli Abruzzi,economic_and_colonization,Somalia,1919-1933,"Prince, explorer and founder of the large agricultural settlement and company at Villaggio Duca degli Abruzzi in Italian Somalia.",https://www.treccani.it/enciclopedia/savoia-aosta-luigi-amedeo-giuseppe-maria-ferdinando-francesco-di-duca-degli-abruzzi_%28Dizionario-Biografico%29/,,False,verified_manual,62774
1189999,I751,091085,VIA FRANCESCO CRISPI,,VIA FRANCESCO CRISPI,Siniscola,Sardegna,114048,crispi_francesco,Francesco Crispi,Francesco Crispi,100.0,exact_canonical,francesco crispi,accepted_auto,Francesco Crispi,political_and_administration,Eritrea;Ethiopia;Somalia,1887-1896,Prime minister and a principal political promoter of Italian colonial expansion in the Horn of Africa; his policy culminated in the war ending at Adwa.,https://www.treccani.it/enciclopedia/francesco-crispi/,,False,verified_manual,62774
1190451,I751,091085,VIA VITTORIO BOTTEGO,,VIA VITTORIO BOTTEGO,Siniscola,Sardegna,114048,bottego_vittorio,Vittorio Bottego,Vittorio Bottego,100.0,exact_canonical,vittorio bottego,accepted_auto,Vittorio Bottego,exploration_geography,Somalia;Ethiopia;Eritrea,1887-1897,Army officer and explorer whose expeditions in the Horn of Africa were closely connected with Italian territorial ambitions in Somalia and Ethiopia.,https://www.treccani.it/enciclopedia/vittorio-bottego_%28Dizionario-Biografico%29/,,False,verified_manual,62774
305890,I791,095062,VIA FRANCESCO CRISPI,,VIA FRANCESCO CRISPI,Solarussa,Sardegna,115071,crispi_francesco,Francesco Crispi,Francesco Crispi,100.0,exact_canonical,francesco crispi,accepted_auto,Francesco Crispi,political_and_administration,Eritrea;Ethiopia;Somalia,1887-1896,Prime minister and a principal political promoter of Italian colonial expansion in the Horn of Africa; his policy culminated in the war ending at Adwa.,https://www.treccani.it/enciclopedia/francesco-crispi/,,False,verified_manual,62774
718980,I861,095063,VIA ITALO BALBO,,VIA ITALO BALBO,Sorradile,Sardegna,115072,balbo_italo,Italo Balbo,Italo Balbo,100.0,exact_canonical,italo balbo,accepted_auto,Italo Balbo;Balbo,political_and_administration,Libya,1934-1940,Governor-General of Italian Libya from 1934 to 1940.,https://www.treccani.it/enciclopedia/italo-balbo/,,True,verified,62774
1143805,L158,090071,VIA FRANCESCO CRISPI,,VIA FRANCESCO CRISPI,Thiesi,Sardegna,112058,crispi_francesco,Francesco Crispi,Francesco Crispi,100.0,exact_canonical,francesco crispi,accepted_auto,Francesco Crispi,political_and_administration,Eritrea;Ethiopia;Somalia,1887-1896,Prime minister and a principal political promoter of Italian colonial expansion in the Horn of Africa; his policy culminated in the war ending at Adwa.,https://www.treccani.it/enciclopedia/francesco-crispi/,,False,verified_manual,62774
319795,L489,091098,VIA DUCA DEGLI ABRUZZI,,VIA DUCA DEGLI ABRUZZI,Ulassai,Sardegna,116019,savoiaaosta_luigiamedeo,Luigi Amedeo di Savoia-Aosta,Duca degli Abruzzi,100.0,exact_alias,duca degli abruzzi,accepted_auto,Luigi Amedeo di Savoia-Aosta;Duca degli Abruzzi,economic_and_colonization,Somalia,1919-1933,"Prince, explorer and founder of the large agricultural settlement and company at Villaggio Duca degli Abruzzi in Italian Somalia.",https://www.treccani.it/enciclopedia/savoia-aosta-luigi-amedeo-giuseppe-maria-ferdinando-francesco-di-duca-degli-abruzzi_%28Dizionario-Biografico%29/,,False,verified_manual,62774
965867,L512,111093,VIA FRANCESCO CRISPI,,VIA FRANCESCO CRISPI,Ussana,Sardegna,118063,crispi_francesco,Francesco Crispi,Francesco Crispi,100.0,exact_canonical,francesco crispi,accepted_auto,Francesco Crispi,political_and_administration,Eritrea;Ethiopia;Somalia,1887-1896,Prime minister and a principal political promoter of Italian colonial expansion in the Horn of Africa; his policy culminated in the war ending at Adwa.,https://www.treccani.it/enciclopedia/francesco-crispi/,,False,verified_manual,62774
1190860,L604,090079,VIA FRANCESCO CRISPI,,VIA FRANCESCO CRISPI,Valledoria,Sardegna,112064,crispi_francesco,Francesco Crispi,Francesco Crispi,100.0,exact_canonical,francesco crispi,accepted_auto,Francesco Crispi,political_and_administration,Eritrea;Ethiopia;Somalia,1887-1896,Prime minister and a principal political promoter of Italian colonial expansion in the Horn of Africa; his policy culminated in the war ending at Adwa.,https://www.treccani.it/enciclopedia/francesco-crispi/,,False,verified_manual,62774
998447,L613,111095,VIA GIUSEPPE GALLIANO,,VIA GIUSEPPE GALLIANO,Vallermosa,Sardegna,118065,galliano_giuseppe,Giuseppe Galliano,Giuseppe Galliano,100.0,exact_canonical,giuseppe galliano,accepted_auto,Giuseppe Galliano;Galliano,military,Eritrea;Ethiopia,1880s-1890s,Italian officer active in the colonial campaigns in Eritrea and Ethiopia.,https://www.lastampa.it/torino/2023/03/22/news/nomi_vie_piazze_colonialismo-12713667/,,True,verified,62774
1132629,L998,111103,VIA FRANCESCO CRISPI,,VIA FRANCESCO CRISPI,Villaputzu,Sardegna,118068,crispi_francesco,Francesco Crispi,Francesco Crispi,100.0,exact_canonical,francesco crispi,accepted_auto,Francesco Crispi,political_and_administration,Eritrea;Ethiopia;Somalia,1887-1896,Prime minister and a principal political promoter of Italian colonial expansion in the Horn of Africa; his policy culminated in the war ending at Adwa.,https://www.treccani.it/enciclopedia/francesco-crispi/,,False,verified_manual,62774
1008865,M025,111106,VIA FRANCESCO CRISPI,,VIA FRANCESCO CRISPI,Villasor,Sardegna,118071,crispi_francesco,Francesco Crispi,Francesco Crispi,100.0,exact_canonical,francesco crispi,accepted_auto,Francesco Crispi,political_and_administration,Eritrea;Ethiopia;Somalia,1887-1896,Prime minister and a principal political promoter of Italian colonial expansion in the Horn of Africa; his policy culminated in the war ending at Adwa.,https://www.treccani.it/enciclopedia/francesco-crispi/,,False,verified_manual,62774
1008967,M025,111106,VIA VITTORIO BOTTEGO,,VIA VITTORIO BOTTEGO,Villasor,Sardegna,118071,bottego_vittorio,Vittorio Bottego,Vittorio Bottego,100.0,exact_canonical,vittorio bottego,accepted_auto,Vittorio Bottego,exploration_geography,Somalia;Ethiopia;Eritrea,1887-1897,Army officer and explorer whose expeditions in the Horn of Africa were closely connected with Italian territorial ambitions in Somalia and Ethiopia.,https://www.treccani.it/enciclopedia/vittorio-bottego_%28Dizionario-Biografico%29/,,False,verified_manual,62774
606758,M030,095072,VIA ITALO BALBO,,VIA ITALO BALBO,Villaurbana,Sardegna,115085,balbo_italo,Italo Balbo,Italo Balbo,100.0,exact_canonical,italo balbo,accepted_auto,Italo Balbo;Balbo,political_and_administration,Libya,1934-1940,Governor-General of Italian Libya from 1934 to 1940.,https://www.treccani.it/enciclopedia/italo-balbo/,,True,verified,62774
606814,M030,095072,VIA PIETRO TOSELLI,,VIA PIETRO TOSELLI,Villaurbana,Sardegna,115085,toselli_pietro,Pietro Toselli,Pietro Toselli,100.0,exact_canonical,pietro toselli,accepted_auto,Pietro Toselli;Toselli;Maggiore Toselli,military,Eritrea;Ethiopia,1890s,Italian officer in the colonial campaigns in the Horn of Africa; killed at Amba Alagi in 1895.,https://www.tandfonline.com/doi/full/10.1080/1369801X.2023.2222710,,True,verified,62774
145208,A014,088001,PIAZZA FRANCESCO CRISPI,,PIAZZA FRANCESCO CRISPI,Acate,Sicilia,088001,crispi_francesco,Francesco Crispi,Francesco Crispi,100.0,exact_canonical,francesco crispi,accepted_auto,Francesco Crispi,political_and_administration,Eritrea;Ethiopia;Somalia,1887-1896,Prime minister and a principal political promoter of Italian colonial expansion in the Horn of Africa; his policy culminated in the war ending at Adwa.,https://www.treccani.it/enciclopedia/francesco-crispi/,,False,verified_manual,125716
671381,A025,087001,VIA FRANCESCO CRISPI,,VIA FRANCESCO CRISPI,Aci Bonaccorsi,Sicilia,087001,crispi_francesco,Francesco Crispi,Francesco Crispi,100.0,exact_canonical,francesco crispi,accepted_auto,Francesco Crispi,political_and_administration,Eritrea;Ethiopia;Somalia,1887-1896,Prime minister and a principal political promoter of Italian colonial expansion in the Horn of Africa; his policy culminated in the war ending at Adwa.,https://www.treccani.it/enciclopedia/francesco-crispi/,,False,verified_manual,125716
991777,A026,087002,VIA FRANCESCO CRISPI,,VIA FRANCESCO CRISPI,Aci Castello,Sicilia,087002,crispi_francesco,Francesco Crispi,Francesco Crispi,100.0,exact_canonical,francesco crispi,accepted_auto,Francesco Crispi,political_and_administration,Eritrea;Ethiopia;Somalia,1887-1896,Prime minister and a principal political promoter of Italian colonial expansion in the Horn of Africa; his policy culminated in the war ending at Adwa.,https://www.treccani.it/enciclopedia/francesco-crispi/,,False,verified_manual,125716
1227691,A029,087005,VIA FRANCESCO CRISPI,,VIA FRANCESCO CRISPI,Aci Sant'Antonio,Sicilia,087005,crispi_francesco,Francesco Crispi,Francesco Crispi,100.0,exact_canonical,francesco crispi,accepted_auto,Francesco Crispi,political_and_administration,Eritrea;Ethiopia;Somalia,1887-1896,Prime minister and a principal political promoter of Italian colonial expansion in the Horn of Africa; his policy culminated in the war ending at Adwa.,https://www.treccani.it/enciclopedia/francesco-crispi/,,False,verified_manual,125716
240448,A049,085001,VIA FRANCESCO CRISPI,,VIA FRANCESCO CRISPI,Acquaviva Platani,Sicilia,085001,crispi_francesco,Francesco Crispi,Francesco Crispi,100.0,exact_canonical,francesco crispi,accepted_auto,Francesco Crispi,political_and_administration,Eritrea;Ethiopia;Somalia,1887-1896,Prime minister and a principal political promoter of Italian colonial expansion in the Horn of Africa; his policy culminated in the war ending at Adwa.,https://www.treccani.it/enciclopedia/francesco-crispi/,,False,verified_manual,125716
1134165,A056,087006,PIAZZA DUCA DEGLI ABRUZZI,,PIAZZA DUCA DEGLI ABRUZZI,Adrano,Sicilia,087006,savoiaaosta_luigiamedeo,Luigi Amedeo di Savoia-Aosta,Duca degli Abruzzi,100.0,exact_alias,duca degli abruzzi,accepted_auto,Luigi Amedeo di Savoia-Aosta;Duca degli Abruzzi,economic_and_colonization,Somalia,1919-1933,"Prince, explorer and founder of the large agricultural settlement and company at Villaggio Duca degli Abruzzi in Italian Somalia.",https://www.treccani.it/enciclopedia/savoia-aosta-luigi-amedeo-giuseppe-maria-ferdinando-francesco-di-duca-degli-abruzzi_%28Dizionario-Biografico%29/,,False,verified_manual,125716
1133945,A056,087006,VIA BADOGLIO,,VIA BADOGLIO,Adrano,Sicilia,087006,badoglio_pietro,Pietro Badoglio,Badoglio,100.0,exact_surname,badoglio,needs_review,Pietro Badoglio;Badoglio;Maresciallo Badoglio,military_and_administration,Libya;Ethiopia,1929-1936,Governor of Libya and later senior commander/high commissioner during the invasion of Ethiopia.,https://www.treccani.it/enciclopedia/pietro-badoglio/,,True,verified,125716
1133994,A056,087006,VIA CARLO CANEVA,,VIA CARLO CANEVA,Adrano,Sicilia,087006,caneva_carlo,Carlo Caneva,Carlo Caneva,100.0,exact_canonical,carlo caneva,accepted_auto,Carlo Caneva,military,Libya,1911-1912,Commander of the Italian expeditionary force during the invasion of Ottoman Libya in the Italo-Turkish War.,https://it.wikipedia.org/wiki/Carlo_Caneva,,False,verified_manual,125716
1134219,A056,087006,VIA FRANCESCO CRISPI,,VIA FRANCESCO CRISPI,Adrano,Sicilia,087006,crispi_francesco,Francesco Crispi,Francesco Crispi,100.0,exact_canonical,francesco crispi,accepted_auto,Francesco Crispi,political_and_administration,Eritrea;Ethiopia;Somalia,1887-1896,Prime minister and a principal political promoter of Italian colonial expansion in the Horn of Africa; his policy culminated in the war ending at Adwa.,https://www.treccani.it/enciclopedia/francesco-crispi/,,False,verified_manual,125716
1134636,A056,087006,VIA PIETRO TOSELLI,,VIA PIETRO TOSELLI,Adrano,Sicilia,087006,toselli_pietro,Pietro Toselli,Pietro Toselli,100.0,exact_canonical,pietro toselli,accepted_auto,Pietro Toselli;Toselli;Maggiore Toselli,military,Eritrea;Ethiopia,1890s,Italian officer in the colonial campaigns in the Horn of Africa; killed at Amba Alagi in 1895.,https://www.tandfonline.com/doi/full/10.1080/1369801X.2023.2222710,,True,verified,125716
337364,A070,086001,PIAZZA FRANCESCO CRISPI,,PIAZZA FRANCESCO CRISPI,Agira,Sicilia,086001,crispi_francesco,Francesco Crispi,Francesco Crispi,100.0,exact_canonical,francesco crispi,accepted_auto,Francesco Crispi,political_and_administration,Eritrea;Ethiopia;Somalia,1887-1896,Prime minister and a principal political promoter of Italian colonial expansion in the Horn of Africa; his policy culminated in the war ending at Adwa.,https://www.treccani.it/enciclopedia/francesco-crispi/,,False,verified_manual,125716
813635,A089,084001,VIA FRANCESCO CRISPI,,VIA FRANCESCO CRISPI,Agrigento,Sicilia,084001,crispi_francesco,Francesco Crispi,Francesco Crispi,100.0,exact_canonical,francesco crispi,accepted_auto,Francesco Crispi,political_and_administration,Eritrea;Ethiopia;Somalia,1887-1896,Prime minister and a principal political promoter of Italian colonial expansion in the Horn of Africa; his policy culminated in the war ending at Adwa.,https://www.treccani.it/enciclopedia/francesco-crispi/,,False,verified_manual,125716
1148056,A098,086002,VIA FRANCESCO CRISPI,,VIA FRANCESCO CRISPI,Aidone,Sicilia,086002,crispi_francesco,Francesco Crispi,Francesco Crispi,100.0,exact_canonical,francesco crispi,accepted_auto,Francesco Crispi,political_and_administration,Eritrea;Ethiopia;Somalia,1887-1896,Prime minister and a principal political promoter of Italian colonial expansion in the Horn of Africa; his policy culminated in the war ending at Adwa.,https://www.treccani.it/enciclopedia/francesco-crispi/,,False,verified_manual,125716
329804,A176,081001,VIA FRANCESCO CRISPI,,VIA FRANCESCO CRISPI,Alcamo,Sicilia,081001,crispi_francesco,Francesco Crispi,Francesco Crispi,100.0,exact_canonical,francesco crispi,accepted_auto,Francesco Crispi,political_and_administration,Eritrea;Ethiopia;Somalia,1887-1896,Prime minister and a principal political promoter of Italian colonial expansion in the Horn of Africa; his policy culminated in the war ending at Adwa.,https://www.treccani.it/enciclopedia/francesco-crispi/,,False,verified_manual,125716
329838,A176,081001,VIA GALLIANO,,VIA GALLIANO,Alcamo,Sicilia,081001,galliano_giuseppe,Giuseppe Galliano,Galliano,100.0,exact_surname,galliano,needs_review,Giuseppe Galliano;Galliano,military,Eritrea;Ethiopia,1880s-1890s,Italian officer active in the colonial campaigns in Eritrea and Ethiopia.,https://www.lastampa.it/torino/2023/03/22/news/nomi_vie_piazze_colonialismo-12713667/,,True,verified,125716
330117,A176,081001,VIA TOSELLI,,VIA TOSELLI,Alcamo,Sicilia,081001,toselli_pietro,Pietro Toselli,Toselli,100.0,exact_surname,toselli,needs_review,Pietro Toselli;Toselli;Maggiore Toselli,military,Eritrea;Ethiopia,1890s,Italian officer in the colonial campaigns in the Horn of Africa; killed at Amba Alagi in 1895.,https://www.tandfonline.com/doi/full/10.1080/1369801X.2023.2222710,,True,verified,125716
584384,A177,083001,VIA FRANCESCO CRISPI,,VIA FRANCESCO CRISPI,Alcara li Fusi,Sicilia,083001,crispi_francesco,Francesco Crispi,Francesco Crispi,100.0,exact_canonical,francesco crispi,accepted_auto,Francesco Crispi,political_and_administration,Eritrea;Ethiopia;Somalia,1887-1896,Prime minister and a principal political promoter of Italian colonial expansion in the Horn of Africa; his policy culminated in the war ending at Adwa.,https://www.treccani.it/enciclopedia/francesco-crispi/,,False,verified_manual,125716
872644,A195,082001,VIA DUCA DEGLI ABRUZZI,,VIA DUCA DEGLI ABRUZZI,Alia,Sicilia,082001,savoiaaosta_luigiamedeo,Luigi Amedeo di Savoia-Aosta,Duca degli Abruzzi,100.0,exact_alias,duca degli abruzzi,accepted_auto,Luigi Amedeo di Savoia-Aosta;Duca degli Abruzzi,economic_and_colonization,Somalia,1919-1933,"Prince, explorer and founder of the large agricultural settlement and company at Villaggio Duca degli Abruzzi in Italian Somalia.",https://www.treccani.it/enciclopedia/savoia-aosta-luigi-amedeo-giuseppe-maria-ferdinando-francesco-di-duca-degli-abruzzi_%28Dizionario-Biografico%29/,,False,verified_manual,125716
872654,A195,082001,VIA FRANCESCO CRISPI,,VIA FRANCESCO CRISPI,Alia,Sicilia,082001,crispi_francesco,Francesco Crispi,Francesco Crispi,100.0,exact_canonical,francesco crispi,accepted_auto,Francesco Crispi,political_and_administration,Eritrea;Ethiopia;Somalia,1887-1896,Prime minister and a principal political promoter of Italian colonial expansion in the Horn of Africa; his policy culminated in the war ending at Adwa.,https://www.treccani.it/enciclopedia/francesco-crispi/,,False,verified_manual,125716
872681,A195,082001,VIA ITALO BALBO,,VIA ITALO BALBO,Alia,Sicilia,082001,balbo_italo,Italo Balbo,Italo Balbo,100.0,exact_canonical,italo balbo,accepted_auto,Italo Balbo;Balbo,political_and_administration,Libya,1934-1940,Governor-General of Italian Libya from 1934 to 1940.,https://www.treccani.it/enciclopedia/italo-balbo/,,True,verified,125716
984388,A201,083003,VIA FRANCESCO CRISPI,,VIA FRANCESCO CRISPI,Alì Terme,Sicilia,083003,crispi_francesco,Francesco Crispi,Francesco Crispi,100.0,exact_canonical,francesco crispi,accepted_auto,Francesco Crispi,political_and_administration,Eritrea;Ethiopia;Somalia,1887-1896,Prime minister and a principal political promoter of Italian colonial expansion in the Horn of Africa; his policy culminated in the war ending at Adwa.,https://www.treccani.it/enciclopedia/francesco-crispi/,,False,verified_manual,125716
707299,A202,082002,VIA FRANCESCO CRISPI,,VIA FRANCESCO CRISPI,Alimena,Sicilia,082002,crispi_francesco,Francesco Crispi,Francesco Crispi,100.0,exact_canonical,francesco crispi,accepted_auto,Francesco Crispi,political_and_administration,Eritrea;Ethiopia;Somalia,1887-1896,Prime minister and a principal political promoter of Italian colonial expansion in the Horn of Africa; his policy culminated in the war ending at Adwa.,https://www.treccani.it/enciclopedia/francesco-crispi/,,False,verified_manual,125716
686371,A203,082003,VIA FRANCESCO CRISPI,,VIA FRANCESCO CRISPI,Aliminusa,Sicilia,082003,crispi_francesco,Francesco Crispi,Francesco Crispi,100.0,exact_canonical,francesco crispi,accepted_auto,Francesco Crispi,political_and_administration,Eritrea;Ethiopia;Somalia,1887-1896,Prime minister and a principal political promoter of Italian colonial expansion in the Horn of Africa; his policy culminated in the war ending at Adwa.,https://www.treccani.it/enciclopedia/francesco-crispi/,,False,verified_manual,125716
686372,A203,082003,VIA GALLIANO,,VIA GALLIANO,Aliminusa,Sicilia,082003,galliano_giuseppe,Giuseppe Galliano,Galliano,100.0,exact_surname,galliano,needs_review,Giuseppe Galliano;Galliano,military,Eritrea;Ethiopia,1880s-1890s,Italian officer active in the colonial campaigns in Eritrea and Ethiopia.,https://www.lastampa.it/torino/2023/03/22/news/nomi_vie_piazze_colonialismo-12713667/,,True,verified,125716
976373,A229,082004,VIA FRANCESCO CRISPI,,VIA FRANCESCO CRISPI,Altavilla Milicia,Sicilia,082004,crispi_francesco,Francesco Crispi,Francesco Crispi,100.0,exact_canonical,francesco crispi,accepted_auto,Francesco Crispi,political_and_administration,Eritrea;Ethiopia;Somalia,1887-1896,Prime minister and a principal political promoter of Italian colonial expansion in the Horn of Africa; his policy culminated in the war ending at Adwa.,https://www.treccani.it/enciclopedia/francesco-crispi/,,False,verified_manual,125716
657623,A239,082005,LARGO FRANCESCO CRISPI,,LARGO FRANCESCO CRISPI,Altofonte,Sicilia,082005,crispi_francesco,Francesco Crispi,Francesco Crispi,100.0,exact_canonical,francesco crispi,accepted_auto,Francesco Crispi,political_and_administration,Eritrea;Ethiopia;Somalia,1887-1896,Prime minister and a principal political promoter of Italian colonial expansion in the Horn of Africa; his policy culminated in the war ending at Adwa.,https://www.treccani.it/enciclopedia/francesco-crispi/,,False,verified_manual,125716
657496,A239,082005,VIA FRANCESCO CRISPI,,VIA FRANCESCO CRISPI,Altofonte,Sicilia,082005,crispi_francesco,Francesco Crispi,Francesco Crispi,100.0,exact_canonical,francesco crispi,accepted_auto,Francesco Crispi,political_and_administration,Eritrea;Ethiopia;Somalia,1887-1896,Prime minister and a principal political promoter of Italian colonial expansion in the Horn of Africa; his policy culminated in the war ending at Adwa.,https://www.treccani.it/enciclopedia/francesco-crispi/,,False,verified_manual,125716
657529,A239,082005,VIA MAGGIORE GALLIANO,,VIA MAGGIORE GALLIANO,Altofonte,Sicilia,082005,galliano_giuseppe,Giuseppe Galliano,Galliano,100.0,exact_surname,maggiore galliano,needs_review,Giuseppe Galliano;Galliano,military,Eritrea;Ethiopia,1880s-1890s,Italian officer active in the colonial campaigns in Eritrea and Ethiopia.,https://www.lastampa.it/torino/2023/03/22/news/nomi_vie_piazze_colonialismo-12713667/,,True,verified,125716
995202,A313,083004,VIA FRANCESCO CRISPI,,VIA FRANCESCO CRISPI,Antillo,Sicilia,083004,crispi_francesco,Francesco Crispi,Francesco Crispi,100.0,exact_canonical,francesco crispi,accepted_auto,Francesco Crispi,political_and_administration,Eritrea;Ethiopia;Somalia,1887-1896,Prime minister and a principal political promoter of Italian colonial expansion in the Horn of Africa; his policy culminated in the war ending at Adwa.,https://www.treccani.it/enciclopedia/francesco-crispi/,,False,verified_manual,125716
979210,A351,084003,VIA FRANCESCO CRISPI,,VIA FRANCESCO CRISPI,Aragona,Sicilia,084003,crispi_francesco,Francesco Crispi,Francesco Crispi,100.0,exact_canonical,francesco crispi,accepted_auto,Francesco Crispi,political_and_administration,Eritrea;Ethiopia;Somalia,1887-1896,Prime minister and a principal political promoter of Italian colonial expansion in the Horn of Africa; his policy culminated in the war ending at Adwa.,https://www.treccani.it/enciclopedia/francesco-crispi/,,False,verified_manual,125716
1148503,A478,086003,PIAZZA FRANCESCO CRISPI,,PIAZZA FRANCESCO CRISPI,Assoro,Sicilia,086003,crispi_francesco,Francesco Crispi,Francesco Crispi,100.0,exact_canonical,francesco crispi,accepted_auto,Francesco Crispi,political_and_administration,Eritrea;Ethiopia;Somalia,1887-1896,Prime minister and a principal political promoter of Italian colonial expansion in the Horn of Africa; his policy culminated in the war ending at Adwa.,https://www.treccani.it/enciclopedia/francesco-crispi/,,False,verified_manual,125716
901396,A494,089001,VIA FRANCESCO CRISPI,,VIA FRANCESCO CRISPI,Augusta,Sicilia,089001,crispi_francesco,Francesco Crispi,Francesco Crispi,100.0,exact_canonical,francesco crispi,accepted_auto,Francesco Crispi,political_and_administration,Eritrea;Ethiopia;Somalia,1887-1896,Prime minister and a principal political promoter of Italian colonial expansion in the Horn of Africa; his policy culminated in the war ending at Adwa.,https://www.treccani.it/enciclopedia/francesco-crispi/,,False,verified_manual,125716
791049,A522,089002,PIAZZA DUCA DEGLI ABRUZZI,,PIAZZA DUCA DEGLI ABRUZZI,Avola,Sicilia,089002,savoiaaosta_luigiamedeo,Luigi Amedeo di Savoia-Aosta,Duca degli Abruzzi,100.0,exact_alias,duca degli abruzzi,accepted_auto,Luigi Amedeo di Savoia-Aosta;Duca degli Abruzzi,economic_and_colonization,Somalia,1919-1933,"Prince, explorer and founder of the large agricultural settlement and company at Villaggio Duca degli Abruzzi in Italian Somalia.",https://www.treccani.it/enciclopedia/savoia-aosta-luigi-amedeo-giuseppe-maria-ferdinando-francesco-di-duca-degli-abruzzi_%28Dizionario-Biografico%29/,,False,verified_manual,125716
791092,A522,089002,PIAZZA FRANCESCO CRISPI,,PIAZZA FRANCESCO CRISPI,Avola,Sicilia,089002,crispi_francesco,Francesco Crispi,Francesco Crispi,100.0,exact_canonical,francesco crispi,accepted_auto,Francesco Crispi,political_and_administration,Eritrea;Ethiopia;Somalia,1887-1896,Prime minister and a principal political promoter of Italian colonial expansion in the Horn of Africa; his policy culminated in the war ending at Adwa.,https://www.treccani.it/enciclopedia/francesco-crispi/,,False,verified_manual,125716
790905,A522,089002,VIA ANTONIO LOCATELLI,,VIA ANTONIO LOCATELLI,Avola,Sicilia,089002,locatelli_antonio,Antonio Locatelli,Antonio Locatelli,100.0,exact_canonical,antonio locatelli,accepted_auto,Antonio Locatelli;Locatelli,military,Ethiopia,1935-1936,"Aviator and volunteer in the war against Ethiopia, later commemorated in Italian public space.",https://www.tandfonline.com/doi/full/10.1080/1369801X.2023.2222710,,False,verified,125716
791108,A522,089002,VIA GALLIANO,,VIA GALLIANO,Avola,Sicilia,089002,galliano_giuseppe,Giuseppe Galliano,Galliano,100.0,exact_surname,galliano,needs_review,Giuseppe Galliano;Galliano,military,Eritrea;Ethiopia,1880s-1890s,Italian officer active in the colonial campaigns in Eritrea and Ethiopia.,https://www.lastampa.it/torino/2023/03/22/news/nomi_vie_piazze_colonialismo-12713667/,,True,verified,125716
791342,A522,089002,VIA PADRE REGINALDO GIULIANI,,VIA PADRE REGINALDO GIULIANI,Avola,Sicilia,089002,giuliani_reginaldo,Reginaldo Giuliani,Reginaldo Giuliani,100.0,exact_canonical,padre reginaldo giuliani,accepted_auto,Reginaldo Giuliani;Giuliani;Padre Reginaldo Giuliani,military_and_religious,Ethiopia,1935-1936,Dominican friar and volunteer military chaplain associated with the war against Ethiopia.,https://www.tandfonline.com/doi/full/10.1080/1369801X.2023.2222710,,False,verified,125716
791506,A522,089002,VIA TOSELLI,,VIA TOSELLI,Avola,Sicilia,089002,toselli_pietro,Pietro Toselli,Toselli,100.0,exact_surname,toselli,needs_review,Pietro Toselli;Toselli;Maggiore Toselli,military,Eritrea;Ethiopia,1890s,Italian officer in the colonial campaigns in the Horn of Africa; killed at Amba Alagi in 1895.,https://www.tandfonline.com/doi/full/10.1080/1369801X.2023.2222710,,True,verified,125716
616207,A546,082006,VIA FRANCESCO CRISPI,,VIA FRANCESCO CRISPI,Bagheria,Sicilia,082006,crispi_francesco,Francesco Crispi,Francesco Crispi,100.0,exact_canonical,francesco crispi,accepted_auto,Francesco Crispi,political_and_administration,Eritrea;Ethiopia;Somalia,1887-1896,Prime minister and a principal political promoter of Italian colonial expansion in the Horn of Africa; his policy culminated in the war ending at Adwa.,https://www.treccani.it/enciclopedia/francesco-crispi/,,False,verified_manual,125716
616361,A546,082006,VIA MAGGIORE TOSELLI,,VIA MAGGIORE TOSELLI,Bagheria,Sicilia,082006,toselli_pietro,Pietro Toselli,Toselli,100.0,exact_surname,maggiore toselli,needs_review,Pietro Toselli;Toselli;Maggiore Toselli,military,Eritrea;Ethiopia,1890s,Italian officer in the colonial campaigns in the Horn of Africa; killed at Amba Alagi in 1895.,https://www.tandfonline.com/doi/full/10.1080/1369801X.2023.2222710,,True,verified,125716
597839,A592,082007,VIA FRANCESCO CRISPI,,VIA FRANCESCO CRISPI,Balestrate,Sicilia,082007,crispi_francesco,Francesco Crispi,Francesco Crispi,100.0,exact_canonical,francesco crispi,accepted_auto,Francesco Crispi,political_and_administration,Eritrea;Ethiopia;Somalia,1887-1896,Prime minister and a principal political promoter of Italian colonial expansion in the Horn of Africa; his policy culminated in the war ending at Adwa.,https://www.treccani.it/enciclopedia/francesco-crispi/,,False,verified_manual,125716
402888,A676,086004,LARGO COLONNELLO GALLIANO,,LARGO COLONNELLO GALLIANO,Barrafranca,Sicilia,086004,galliano_giuseppe,Giuseppe Galliano,Galliano,100.0,exact_surname,colonnello galliano,needs_review,Giuseppe Galliano;Galliano,military,Eritrea;Ethiopia,1880s-1890s,Italian officer active in the colonial campaigns in Eritrea and Ethiopia.,https://www.lastampa.it/torino/2023/03/22/news/nomi_vie_piazze_colonialismo-12713667/,,True,verified,125716
403035,A676,086004,PIAZZA MAGGIORE TOSELLI,,PIAZZA MAGGIORE TOSELLI,Barrafranca,Sicilia,086004,toselli_pietro,Pietro Toselli,Toselli,100.0,exact_surname,maggiore toselli,needs_review,Pietro Toselli;Toselli;Maggiore Toselli,military,Eritrea;Ethiopia,1890s,Italian officer in the colonial campaigns in the Horn of Africa; killed at Amba Alagi in 1895.,https://www.tandfonline.com/doi/full/10.1080/1369801X.2023.2222710,,True,verified,125716
402878,A676,086004,VIA FRANCESCO CRISPI,,VIA FRANCESCO CRISPI,Barrafranca,Sicilia,086004,crispi_francesco,Francesco Crispi,Francesco Crispi,100.0,exact_canonical,francesco crispi,accepted_auto,Francesco Crispi,political_and_administration,Eritrea;Ethiopia;Somalia,1887-1896,Prime minister and a principal political promoter of Italian colonial expansion in the Horn of Africa; his policy culminated in the war ending at Adwa.,https://www.treccani.it/enciclopedia/francesco-crispi/,,False,verified_manual,125716
649817,A719,082008,VIA FRANCESCO CRISPI,,VIA FRANCESCO CRISPI,Baucina,Sicilia,082008,crispi_francesco,Francesco Crispi,Francesco Crispi,100.0,exact_canonical,francesco crispi,accepted_auto,Francesco Crispi,political_and_administration,Eritrea;Ethiopia;Somalia,1887-1896,Prime minister and a principal political promoter of Italian colonial expansion in the Horn of Africa; his policy culminated in the war ending at Adwa.,https://www.treccani.it/enciclopedia/francesco-crispi/,,False,verified_manual,125716
1035303,A766,087007,VIA FRANCESCO CRISPI,,VIA FRANCESCO CRISPI,Belpasso,Sicilia,087007,crispi_francesco,Francesco Crispi,Francesco Crispi,100.0,exact_canonical,francesco crispi,accepted_auto,Francesco Crispi,political_and_administration,Eritrea;Ethiopia;Somalia,1887-1896,Prime minister and a principal political promoter of Italian colonial expansion in the Horn of Africa; his policy culminated in the war ending at Adwa.,https://www.treccani.it/enciclopedia/francesco-crispi/,,False,verified_manual,125716
1237872,A841,087008,VIA FRANCESCO CRISPI,,VIA FRANCESCO CRISPI,Biancavilla,Sicilia,087008,crispi_francesco,Francesco Crispi,Francesco Crispi,100.0,exact_canonical,francesco crispi,accepted_auto,Francesco Crispi,political_and_administration,Eritrea;Ethiopia;Somalia,1887-1896,Prime minister and a principal political promoter of Italian colonial expansion in the Horn of Africa; his policy culminated in the war ending at Adwa.,https://www.treccani.it/enciclopedia/francesco-crispi/,,False,verified_manual,125716
818035,A946,082011,VIA FRANCESCO CRISPI,,VIA FRANCESCO CRISPI,Bolognetta,Sicilia,082011,crispi_francesco,Francesco Crispi,Francesco Crispi,100.0,exact_canonical,francesco crispi,accepted_auto,Francesco Crispi,political_and_administration,Eritrea;Ethiopia;Somalia,1887-1896,Prime minister and a principal political promoter of Italian colonial expansion in the Horn of Africa; his policy culminated in the war ending at Adwa.,https://www.treccani.it/enciclopedia/francesco-crispi/,,False,verified_manual,125716
122308,A957,085002,VICOLO FRANCESCO CRISPI,,VICOLO FRANCESCO CRISPI,Bompensiere,Sicilia,085002,crispi_francesco,Francesco Crispi,Francesco Crispi,100.0,exact_canonical,francesco crispi,accepted_auto,Francesco Crispi,political_and_administration,Eritrea;Ethiopia;Somalia,1887-1896,Prime minister and a principal political promoter of Italian colonial expansion in the Horn of Africa; his policy culminated in the war ending at Adwa.,https://www.treccani.it/enciclopedia/francesco-crispi/,,False,verified_manual,125716
774191,A958,082012,VIA FRANCESCO CRISPI,,VIA FRANCESCO CRISPI,Bompietro,Sicilia,082012,crispi_francesco,Francesco Crispi,Francesco Crispi,100.0,exact_canonical,francesco crispi,accepted_auto,Francesco Crispi,political_and_administration,Eritrea;Ethiopia;Somalia,1887-1896,Prime minister and a principal political promoter of Italian colonial expansion in the Horn of Africa; his policy culminated in the war ending at Adwa.,https://www.treccani.it/enciclopedia/francesco-crispi/,,False,verified_manual,125716
524242,A991,082013,VIA FRANCESCO CRISPI,,VIA FRANCESCO CRISPI,Borgetto,Sicilia,082013,crispi_francesco,Francesco Crispi,Francesco Crispi,100.0,exact_canonical,francesco crispi,accepted_auto,Francesco Crispi,political_and_administration,Eritrea;Ethiopia;Somalia,1887-1896,Prime minister and a principal political promoter of Italian colonial expansion in the Horn of Africa; his policy culminated in the war ending at Adwa.,https://www.treccani.it/enciclopedia/francesco-crispi/,,False,verified_manual,125716
811976,B198,083007,VIA GALLIANO,,VIA GALLIANO,Brolo,Sicilia,083007,galliano_giuseppe,Giuseppe Galliano,Galliano,100.0,exact_surname,galliano,needs_review,Giuseppe Galliano;Galliano,military,Eritrea;Ethiopia,1880s-1890s,Italian officer active in the colonial campaigns in Eritrea and Ethiopia.,https://www.lastampa.it/torino/2023/03/22/news/nomi_vie_piazze_colonialismo-12713667/,,True,verified,125716
1308373,B202,087009,LARGO FRANCESCO CRISPI,,LARGO FRANCESCO CRISPI,Bronte,Sicilia,087009,crispi_francesco,Francesco Crispi,Francesco Crispi,100.0,exact_canonical,francesco crispi,accepted_auto,Francesco Crispi,political_and_administration,Eritrea;Ethiopia;Somalia,1887-1896,Prime minister and a principal political promoter of Italian colonial expansion in the Horn of Africa; his policy culminated in the war ending at Adwa.,https://www.treccani.it/enciclopedia/francesco-crispi/,,False,verified_manual,125716
1308318,B202,087009,VIA DUCA DEGLI ABRUZZI,,VIA DUCA DEGLI ABRUZZI,Bronte,Sicilia,087009,savoiaaosta_luigiamedeo,Luigi Amedeo di Savoia-Aosta,Duca degli Abruzzi,100.0,exact_alias,duca degli abruzzi,accepted_auto,Luigi Amedeo di Savoia-Aosta;Duca degli Abruzzi,economic_and_colonization,Somalia,1919-1933,"Prince, explorer and founder of the large agricultural settlement and company at Villaggio Duca degli Abruzzi in Italian Somalia.",https://www.treccani.it/enciclopedia/savoia-aosta-luigi-amedeo-giuseppe-maria-ferdinando-francesco-di-duca-degli-abruzzi_%28Dizionario-Biografico%29/,,False,verified_manual,125716
1308384,B202,087009,VIA GALLIANO,,VIA GALLIANO,Bronte,Sicilia,087009,galliano_giuseppe,Giuseppe Galliano,Galliano,100.0,exact_surname,galliano,needs_review,Giuseppe Galliano;Galliano,military,Eritrea;Ethiopia,1880s-1890s,Italian officer active in the colonial campaigns in Eritrea and Ethiopia.,https://www.lastampa.it/torino/2023/03/22/news/nomi_vie_piazze_colonialismo-12713667/,,True,verified,125716
1308917,B202,087009,VIA GENERALE GIOVANNI AMEGLIO,,VIA GENERALE GIOVANNI AMEGLIO,Bronte,Sicilia,087009,ameglio_giovanni,Giovanni Ameglio,Giovanni Ameglio,100.0,exact_canonical,generale giovanni ameglio,accepted_auto,Giovanni Ameglio,military_and_administration,Eritrea;Libya,1890s-1918,Officer in the first Italo-Ethiopian conflict and a leading commander in the conquest of Libya; later governor of Cyrenaica and Tripolitania.,https://www.treccani.it/enciclopedia/giovanni-ameglio_%28Dizionario-Biografico%29/,,False,verified_manual,125716
1308768,B202,087009,VIA PIETRO TOSELLI,,VIA PIETRO TOSELLI,Bronte,Sicilia,087009,toselli_pietro,Pietro Toselli,Pietro Toselli,100.0,exact_canonical,pietro toselli,accepted_auto,Pietro Toselli;Toselli;Maggiore Toselli,military,Eritrea;Ethiopia,1890s,Italian officer in the colonial campaigns in the Horn of Africa; killed at Amba Alagi in 1895.,https://www.tandfonline.com/doi/full/10.1080/1369801X.2023.2222710,,True,verified,125716
1308805,B202,087009,VIA VITTORIO BOTTEGO,,VIA VITTORIO BOTTEGO,Bronte,Sicilia,087009,bottego_vittorio,Vittorio Bottego,Vittorio Bottego,100.0,exact_canonical,vittorio bottego,accepted_auto,Vittorio Bottego,exploration_geography,Somalia;Ethiopia;Eritrea,1887-1897,Army officer and explorer whose expeditions in the Horn of Africa were closely connected with Italian territorial ambitions in Somalia and Ethiopia.,https://www.treccani.it/enciclopedia/vittorio-bottego_%28Dizionario-Biografico%29/,,False,verified_manual,125716
566965,B237,089003,PIAZZA TOSELLI,,PIAZZA TOSELLI,Buccheri,Sicilia,089003,toselli_pietro,Pietro Toselli,Toselli,100.0,exact_surname,toselli,needs_review,Pietro Toselli;Toselli;Maggiore Toselli,military,Eritrea;Ethiopia,1890s,Italian officer in the colonial campaigns in the Horn of Africa; killed at Amba Alagi in 1895.,https://www.tandfonline.com/doi/full/10.1080/1369801X.2023.2222710,,True,verified,125716
566857,B237,089003,VIA FRANCESCO CRISPI,,VIA FRANCESCO CRISPI,Buccheri,Sicilia,089003,crispi_francesco,Francesco Crispi,Francesco Crispi,100.0,exact_canonical,francesco crispi,accepted_auto,Francesco Crispi,political_and_administration,Eritrea;Ethiopia;Somalia,1887-1896,Prime minister and a principal political promoter of Italian colonial expansion in the Horn of Africa; his policy culminated in the war ending at Adwa.,https://www.treccani.it/enciclopedia/francesco-crispi/,,False,verified_manual,125716
566862,B237,089003,VIA GALLIANO,,VIA GALLIANO,Buccheri,Sicilia,089003,galliano_giuseppe,Giuseppe Galliano,Galliano,100.0,exact_surname,galliano,needs_review,Giuseppe Galliano;Galliano,military,Eritrea;Ethiopia,1880s-1890s,Italian officer active in the colonial campaigns in Eritrea and Ethiopia.,https://www.lastampa.it/torino/2023/03/22/news/nomi_vie_piazze_colonialismo-12713667/,,True,verified,125716
1218399,B275,084005,VIA FRANCESCO CRISPI,,VIA FRANCESCO CRISPI,Burgio,Sicilia,084005,crispi_francesco,Francesco Crispi,Francesco Crispi,100.0,exact_canonical,francesco crispi,accepted_auto,Francesco Crispi,political_and_administration,Eritrea;Ethiopia;Somalia,1887-1896,Prime minister and a principal political promoter of Italian colonial expansion in the Horn of Africa; his policy culminated in the war ending at Adwa.,https://www.treccani.it/enciclopedia/francesco-crispi/,,False,verified_manual,125716
851117,B287,089004,VIA FRANCESCO CRISPI,,VIA FRANCESCO CRISPI,Buscemi,Sicilia,089004,crispi_francesco,Francesco Crispi,Francesco Crispi,100.0,exact_canonical,francesco crispi,accepted_auto,Francesco Crispi,political_and_administration,Eritrea;Ethiopia;Somalia,1887-1896,Prime minister and a principal political promoter of Italian colonial expansion in the Horn of Africa; his policy culminated in the war ending at Adwa.,https://www.treccani.it/enciclopedia/francesco-crispi/,,False,verified_manual,125716
851150,B287,089004,VIA PADRE REGINALDO GIULIANI,,VIA PADRE REGINALDO GIULIANI,Buscemi,Sicilia,089004,giuliani_reginaldo,Reginaldo Giuliani,Reginaldo Giuliani,100.0,exact_canonical,padre reginaldo giuliani,accepted_auto,Reginaldo Giuliani;Giuliani;Padre Reginaldo Giuliani,military_and_religious,Ethiopia,1935-1936,Dominican friar and volunteer military chaplain associated with the war against Ethiopia.,https://www.tandfonline.com/doi/full/10.1080/1369801X.2023.2222710,,False,verified,125716
517141,B288,081002,VIA MAGGIORE PIETRO TOSELLI,,VIA MAGGIORE PIETRO TOSELLI,Buseto Palizzolo,Sicilia,081002,toselli_pietro,Pietro Toselli,Pietro Toselli,100.0,exact_canonical,maggiore pietro toselli,accepted_auto,Pietro Toselli;Toselli;Maggiore Toselli,military,Eritrea;Ethiopia,1890s,Italian officer in the colonial campaigns in the Horn of Africa; killed at Amba Alagi in 1895.,https://www.tandfonline.com/doi/full/10.1080/1369801X.2023.2222710,,True,verified,125716
370244,B302,085003,VIA BALBO,,VIA BALBO,Butera,Sicilia,085003,balbo_italo,Italo Balbo,Balbo,100.0,exact_surname,balbo,needs_review,Italo Balbo;Balbo,political_and_administration,Libya,1934-1940,Governor-General of Italian Libya from 1934 to 1940.,https://www.treccani.it/enciclopedia/italo-balbo/,,True,verified,125716
370216,B302,085003,VIA FRANCESCO CRISPI,,VIA FRANCESCO CRISPI,Butera,Sicilia,085003,crispi_francesco,Francesco Crispi,Francesco Crispi,100.0,exact_canonical,francesco crispi,accepted_auto,Francesco Crispi,political_and_administration,Eritrea;Ethiopia;Somalia,1887-1896,Prime minister and a principal political promoter of Italian colonial expansion in the Horn of Africa; his policy culminated in the war ending at Adwa.,https://www.treccani.it/enciclopedia/francesco-crispi/,,False,verified_manual,125716
786032,B315,082014,VIA GALLIANO,,VIA GALLIANO,Caccamo,Sicilia,082014,galliano_giuseppe,Giuseppe Galliano,Galliano,100.0,exact_surname,galliano,needs_review,Giuseppe Galliano;Galliano,military,Eritrea;Ethiopia,1880s-1890s,Italian officer active in the colonial campaigns in Eritrea and Ethiopia.,https://www.lastampa.it/torino/2023/03/22/news/nomi_vie_piazze_colonialismo-12713667/,,True,verified,125716
786252,B315,082014,VIA TOSELLI,,VIA TOSELLI,Caccamo,Sicilia,082014,toselli_pietro,Pietro Toselli,Toselli,100.0,exact_surname,toselli,needs_review,Pietro Toselli;Toselli;Maggiore Toselli,military,Eritrea;Ethiopia,1890s,Italian officer in the colonial campaigns in the Horn of Africa; killed at Amba Alagi in 1895.,https://www.tandfonline.com/doi/full/10.1080/1369801X.2023.2222710,,True,verified,125716
1092113,B377,084006,VIA FRANCESCO CRISPI,,VIA FRANCESCO CRISPI,Calamonaci,Sicilia,084006,crispi_francesco,Francesco Crispi,Francesco Crispi,100.0,exact_canonical,francesco crispi,accepted_auto,Francesco Crispi,political_and_administration,Eritrea;Ethiopia;Somalia,1887-1896,Prime minister and a principal political promoter of Italian colonial expansion in the Horn of Africa; his policy culminated in the war ending at Adwa.,https://www.treccani.it/enciclopedia/francesco-crispi/,,False,verified_manual,125716
1203950,B384,087010,PIAZZA FRANCESCO CRISPI,,PIAZZA FRANCESCO CRISPI,Calatabiano,Sicilia,087010,crispi_francesco,Francesco Crispi,Francesco Crispi,100.0,exact_canonical,francesco crispi,accepted_auto,Francesco Crispi,political_and_administration,Eritrea;Ethiopia;Somalia,1887-1896,Prime minister and a principal political promoter of Italian colonial expansion in the Horn of Africa; his policy culminated in the war ending at Adwa.,https://www.treccani.it/enciclopedia/francesco-crispi/,,False,verified_manual,125716
647857,B385,081003,LARGO DUCA DEGLI ABRUZZI,,LARGO DUCA DEGLI ABRUZZI,Calatafimi-Segesta,Sicilia,081003,savoiaaosta_luigiamedeo,Luigi Amedeo di Savoia-Aosta,Duca degli Abruzzi,100.0,exact_alias,duca degli abruzzi,accepted_auto,Luigi Amedeo di Savoia-Aosta;Duca degli Abruzzi,economic_and_colonization,Somalia,1919-1933,"Prince, explorer and founder of the large agricultural settlement and company at Villaggio Duca degli Abruzzi in Italian Somalia.",https://www.treccani.it/enciclopedia/savoia-aosta-luigi-amedeo-giuseppe-maria-ferdinando-francesco-di-duca-degli-abruzzi_%28Dizionario-Biografico%29/,,False,verified_manual,125716
647880,B385,081003,VIA FRANCESCO CRISPI,,VIA FRANCESCO CRISPI,Calatafimi-Segesta,Sicilia,081003,crispi_francesco,Francesco Crispi,Francesco Crispi,100.0,exact_canonical,francesco crispi,accepted_auto,Francesco Crispi,political_and_administration,Eritrea;Ethiopia;Somalia,1887-1896,Prime minister and a principal political promoter of Italian colonial expansion in the Horn of Africa; his policy culminated in the war ending at Adwa.,https://www.treccani.it/enciclopedia/francesco-crispi/,,False,verified_manual,125716
647889,B385,081003,VIA GALLIANO,,VIA GALLIANO,Calatafimi-Segesta,Sicilia,081003,galliano_giuseppe,Giuseppe Galliano,Galliano,100.0,exact_surname,galliano,needs_review,Giuseppe Galliano;Galliano,military,Eritrea;Ethiopia,1880s-1890s,Italian officer active in the colonial campaigns in Eritrea and Ethiopia.,https://www.lastampa.it/torino/2023/03/22/news/nomi_vie_piazze_colonialismo-12713667/,,True,verified,125716
648098,B385,081003,VIA TOSELLI,,VIA TOSELLI,Calatafimi-Segesta,Sicilia,081003,toselli_pietro,Pietro Toselli,Toselli,100.0,exact_surname,toselli,needs_review,Pietro Toselli;Toselli;Maggiore Toselli,military,Eritrea;Ethiopia,1890s,Italian officer in the colonial campaigns in the Horn of Africa; killed at Amba Alagi in 1895.,https://www.tandfonline.com/doi/full/10.1080/1369801X.2023.2222710,,True,verified,125716
1194032,B428,087011,VIA DUCA DEGLI ABRUZZI,,VIA DUCA DEGLI ABRUZZI,Caltagirone,Sicilia,087011,savoiaaosta_luigiamedeo,Luigi Amedeo di Savoia-Aosta,Duca degli Abruzzi,100.0,exact_alias,duca degli abruzzi,accepted_auto,Luigi Amedeo di Savoia-Aosta;Duca degli Abruzzi,economic_and_colonization,Somalia,1919-1933,"Prince, explorer and founder of the large agricultural settlement and company at Villaggio Duca degli Abruzzi in Italian Somalia.",https://www.treccani.it/enciclopedia/savoia-aosta-luigi-amedeo-giuseppe-maria-ferdinando-francesco-di-duca-degli-abruzzi_%28Dizionario-Biografico%29/,,False,verified_manual,125716
1194082,B428,087011,VIA FRANCESCO CRISPI,,VIA FRANCESCO CRISPI,Caltagirone,Sicilia,087011,crispi_francesco,Francesco Crispi,Francesco Crispi,100.0,exact_canonical,francesco crispi,accepted_auto,Francesco Crispi,political_and_administration,Eritrea;Ethiopia;Somalia,1887-1896,Prime minister and a principal political promoter of Italian colonial expansion in the Horn of Africa; his policy culminated in the war ending at Adwa.,https://www.treccani.it/enciclopedia/francesco-crispi/,,False,verified_manual,125716
876709,B429,085004,VIA DUCA DEGLI ABRUZZI,,VIA DUCA DEGLI ABRUZZI,Caltanissetta,Sicilia,085004,savoiaaosta_luigiamedeo,Luigi Amedeo di Savoia-Aosta,Duca degli Abruzzi,100.0,exact_alias,duca degli abruzzi,accepted_auto,Luigi Amedeo di Savoia-Aosta;Duca degli Abruzzi,economic_and_colonization,Somalia,1919-1933,"Prince, explorer and founder of the large agricultural settlement and company at Villaggio Duca degli Abruzzi in Italian Somalia.",https://www.treccani.it/enciclopedia/savoia-aosta-luigi-amedeo-giuseppe-maria-ferdinando-francesco-di-duca-degli-abruzzi_%28Dizionario-Biografico%29/,,False,verified_manual,125716
876755,B429,085004,VIA FRANCESCO CRISPI,,VIA FRANCESCO CRISPI,Caltanissetta,Sicilia,085004,crispi_francesco,Francesco Crispi,Francesco Crispi,100.0,exact_canonical,francesco crispi,accepted_auto,Francesco Crispi,political_and_administration,Eritrea;Ethiopia;Somalia,1887-1896,Prime minister and a principal political promoter of Italian colonial expansion in the Horn of Africa; his policy culminated in the war ending at Adwa.,https://www.treccani.it/enciclopedia/francesco-crispi/,,False,verified_manual,125716
719161,B430,082015,VIA GIUSEPPE GALLIANO,,VIA GIUSEPPE GALLIANO,Caltavuturo,Sicilia,082015,galliano_giuseppe,Giuseppe Galliano,Giuseppe Galliano,100.0,exact_canonical,giuseppe galliano,accepted_auto,Giuseppe Galliano;Galliano,military,Eritrea;Ethiopia,1880s-1890s,Italian officer active in the colonial campaigns in Eritrea and Ethiopia.,https://www.lastampa.it/torino/2023/03/22/news/nomi_vie_piazze_colonialismo-12713667/,,True,verified,125716
719101,B430,082015,VIA ORAZIO ANTINORI,,VIA ORAZIO ANTINORI,Caltavuturo,Sicilia,082015,antinori_orazio,Orazio Antinori,Orazio Antinori,100.0,exact_canonical,orazio antinori,accepted_auto,Orazio Antinori,exploration_geography,Ethiopia;Eritrea,1870s-1882,Explorer and naturalist whose Ethiopian expeditions and diplomatic role helped establish early Italian political influence in Shoa.,https://www.treccani.it/enciclopedia/orazio-antinori_%28Enciclopedia-Italiana%29/,,False,verified_manual,125716
378914,B460,084008,PIAZZA FRANCESCO CRISPI,,PIAZZA FRANCESCO CRISPI,Camastra,Sicilia,084008,crispi_francesco,Francesco Crispi,Francesco Crispi,100.0,exact_canonical,francesco crispi,accepted_auto,Francesco Crispi,political_and_administration,Eritrea;Ethiopia;Somalia,1887-1896,Prime minister and a principal political promoter of Italian colonial expansion in the Horn of Africa; his policy culminated in the war ending at Adwa.,https://www.treccani.it/enciclopedia/francesco-crispi/,,False,verified_manual,125716
1255245,B520,084010,VIA FRANCESCO CRISPI,,VIA FRANCESCO CRISPI,Campobello di Licata,Sicilia,084010,crispi_francesco,Francesco Crispi,Francesco Crispi,100.0,exact_canonical,francesco crispi,accepted_auto,Francesco Crispi,political_and_administration,Eritrea;Ethiopia;Somalia,1887-1896,Prime minister and a principal political promoter of Italian colonial expansion in the Horn of Africa; his policy culminated in the war ending at Adwa.,https://www.treccani.it/enciclopedia/francesco-crispi/,,False,verified_manual,125716
1172291,B521,081004,VIA DUCA DEGLI ABRUZZI,,VIA DUCA DEGLI ABRUZZI,Campobello di Mazara,Sicilia,081004,savoiaaosta_luigiamedeo,Luigi Amedeo di Savoia-Aosta,Duca degli Abruzzi,100.0,exact_alias,duca degli abruzzi,accepted_auto,Luigi Amedeo di Savoia-Aosta;Duca degli Abruzzi,economic_and_colonization,Somalia,1919-1933,"Prince, explorer and founder of the large agricultural settlement and company at Villaggio Duca degli Abruzzi in Italian Somalia.",https://www.treccani.it/enciclopedia/savoia-aosta-luigi-amedeo-giuseppe-maria-ferdinando-francesco-di-duca-degli-abruzzi_%28Dizionario-Biografico%29/,,False,verified_manual,125716
1172308,B521,081004,VIA FRANCESCO CRISPI,,VIA FRANCESCO CRISPI,Campobello di Mazara,Sicilia,081004,crispi_francesco,Francesco Crispi,Francesco Crispi,100.0,exact_canonical,francesco crispi,accepted_auto,Francesco Crispi,political_and_administration,Eritrea;Ethiopia;Somalia,1887-1896,Prime minister and a principal political promoter of Italian colonial expansion in the Horn of Africa; his policy culminated in the war ending at Adwa.,https://www.treccani.it/enciclopedia/francesco-crispi/,,False,verified_manual,125716
1172370,B521,081004,VIA MAGGIORE TOSELLI,,VIA MAGGIORE TOSELLI,Campobello di Mazara,Sicilia,081004,toselli_pietro,Pietro Toselli,Toselli,100.0,exact_surname,maggiore toselli,needs_review,Pietro Toselli;Toselli;Maggiore Toselli,military,Eritrea;Ethiopia,1890s,Italian officer in the colonial campaigns in the Horn of Africa; killed at Amba Alagi in 1895.,https://www.tandfonline.com/doi/full/10.1080/1369801X.2023.2222710,,True,verified,125716
261805,B535,082018,VIA FRANCESCO CRISPI,,VIA FRANCESCO CRISPI,Campofiorito,Sicilia,082018,crispi_francesco,Francesco Crispi,Francesco Crispi,100.0,exact_canonical,francesco crispi,accepted_auto,Francesco Crispi,political_and_administration,Eritrea;Ethiopia;Somalia,1887-1896,Prime minister and a principal political promoter of Italian colonial expansion in the Horn of Africa; his policy culminated in the war ending at Adwa.,https://www.treccani.it/enciclopedia/francesco-crispi/,,False,verified_manual,125716
309759,B537,085005,PIAZZA FRANCESCO CRISPI,,PIAZZA FRANCESCO CRISPI,Campofranco,Sicilia,085005,crispi_francesco,Francesco Crispi,Francesco Crispi,100.0,exact_canonical,francesco crispi,accepted_auto,Francesco Crispi,political_and_administration,Eritrea;Ethiopia;Somalia,1887-1896,Prime minister and a principal political promoter of Italian colonial expansion in the Horn of Africa; his policy culminated in the war ending at Adwa.,https://www.treccani.it/enciclopedia/francesco-crispi/,,False,verified_manual,125716
969434,B602,084011,VIA DUCA DEGLI ABRUZZI,,VIA DUCA DEGLI ABRUZZI,Canicattì,Sicilia,084011,savoiaaosta_luigiamedeo,Luigi Amedeo di Savoia-Aosta,Duca degli Abruzzi,100.0,exact_alias,duca degli abruzzi,accepted_auto,Luigi Amedeo di Savoia-Aosta;Duca degli Abruzzi,economic_and_colonization,Somalia,1919-1933,"Prince, explorer and founder of the large agricultural settlement and company at Villaggio Duca degli Abruzzi in Italian Somalia.",https://www.treccani.it/enciclopedia/savoia-aosta-luigi-amedeo-giuseppe-maria-ferdinando-francesco-di-duca-degli-abruzzi_%28Dizionario-Biografico%29/,,False,verified_manual,125716
969487,B602,084011,VIA FRANCESCO CRISPI,,VIA FRANCESCO CRISPI,Canicattì,Sicilia,084011,crispi_francesco,Francesco Crispi,Francesco Crispi,100.0,exact_canonical,francesco crispi,accepted_auto,Francesco Crispi,political_and_administration,Eritrea;Ethiopia;Somalia,1887-1896,Prime minister and a principal political promoter of Italian colonial expansion in the Horn of Africa; his policy culminated in the war ending at Adwa.,https://www.treccani.it/enciclopedia/francesco-crispi/,,False,verified_manual,125716
969794,B602,084011,VIA PIETRO TOSELLI,,VIA PIETRO TOSELLI,Canicattì,Sicilia,084011,toselli_pietro,Pietro Toselli,Pietro Toselli,100.0,exact_canonical,pietro toselli,accepted_auto,Pietro Toselli;Toselli;Maggiore Toselli,military,Eritrea;Ethiopia,1890s,Italian officer in the colonial campaigns in the Horn of Africa; killed at Amba Alagi in 1895.,https://www.tandfonline.com/doi/full/10.1080/1369801X.2023.2222710,,True,verified,125716
632741,B603,089005,VIA FRANCESCO CRISPI,,VIA FRANCESCO CRISPI,Canicattini Bagni,Sicilia,089005,crispi_francesco,Francesco Crispi,Francesco Crispi,100.0,exact_canonical,francesco crispi,accepted_auto,Francesco Crispi,political_and_administration,Eritrea;Ethiopia;Somalia,1887-1896,Prime minister and a principal political promoter of Italian colonial expansion in the Horn of Africa; his policy culminated in the war ending at Adwa.,https://www.treccani.it/enciclopedia/francesco-crispi/,,False,verified_manual,125716
666697,B645,082020,VIA FRANCESCO CRISPI,,VIA FRANCESCO CRISPI,Capaci,Sicilia,082020,crispi_francesco,Francesco Crispi,Francesco Crispi,100.0,exact_canonical,francesco crispi,accepted_auto,Francesco Crispi,political_and_administration,Eritrea;Ethiopia;Somalia,1887-1896,Prime minister and a principal political promoter of Italian colonial expansion in the Horn of Africa; his policy culminated in the war ending at Adwa.,https://www.treccani.it/enciclopedia/francesco-crispi/,,False,verified_manual,125716
1002600,B666,083009,PIAZZA DUCA DEGLI ABRUZZI,,PIAZZA DUCA DEGLI ABRUZZI,Capo d'Orlando,Sicilia,083009,savoiaaosta_luigiamedeo,Luigi Amedeo di Savoia-Aosta,Duca degli Abruzzi,100.0,exact_alias,duca degli abruzzi,accepted_auto,Luigi Amedeo di Savoia-Aosta;Duca degli Abruzzi,economic_and_colonization,Somalia,1919-1933,"Prince, explorer and founder of the large agricultural settlement and company at Villaggio Duca degli Abruzzi in Italian Somalia.",https://www.treccani.it/enciclopedia/savoia-aosta-luigi-amedeo-giuseppe-maria-ferdinando-francesco-di-duca-degli-abruzzi_%28Dizionario-Biografico%29/,,False,verified_manual,125716
1002608,B666,083009,VIA FRANCESCO CRISPI,,VIA FRANCESCO CRISPI,Capo d'Orlando,Sicilia,083009,crispi_francesco,Francesco Crispi,Francesco Crispi,100.0,exact_canonical,francesco crispi,accepted_auto,Francesco Crispi,political_and_administration,Eritrea;Ethiopia;Somalia,1887-1896,Prime minister and a principal political promoter of Italian colonial expansion in the Horn of Africa; his policy culminated in the war ending at Adwa.,https://www.treccani.it/enciclopedia/francesco-crispi/,,False,verified_manual,125716
815040,B780,082021,VIA FRANCESCO CRISPI,,VIA FRANCESCO CRISPI,Carini,Sicilia,082021,crispi_francesco,Francesco Crispi,Francesco Crispi,100.0,exact_canonical,francesco crispi,accepted_auto,Francesco Crispi,political_and_administration,Eritrea;Ethiopia;Somalia,1887-1896,Prime minister and a principal political promoter of Italian colonial expansion in the Horn of Africa; his policy culminated in the war ending at Adwa.,https://www.treccani.it/enciclopedia/francesco-crispi/,,False,verified_manual,125716
711156,B787,089006,LARGO GALLIANO,,LARGO GALLIANO,Carlentini,Sicilia,089006,galliano_giuseppe,Giuseppe Galliano,Galliano,100.0,exact_surname,galliano,needs_review,Giuseppe Galliano;Galliano,military,Eritrea;Ethiopia,1880s-1890s,Italian officer active in the colonial campaigns in Eritrea and Ethiopia.,https://www.lastampa.it/torino/2023/03/22/news/nomi_vie_piazze_colonialismo-12713667/,,True,verified,125716
711148,B787,089006,PIAZZA FRANCESCO CRISPI,,PIAZZA FRANCESCO CRISPI,Carlentini,Sicilia,089006,crispi_francesco,Francesco Crispi,Francesco Crispi,100.0,exact_canonical,francesco crispi,accepted_auto,Francesco Crispi,political_and_administration,Eritrea;Ethiopia;Somalia,1887-1896,Prime minister and a principal political promoter of Italian colonial expansion in the Horn of Africa; his policy culminated in the war ending at Adwa.,https://www.treccani.it/enciclopedia/francesco-crispi/,,False,verified_manual,125716
711128,B787,089006,VIA DUCA DEGLI ABRUZZI,,VIA DUCA DEGLI ABRUZZI,Carlentini,Sicilia,089006,savoiaaosta_luigiamedeo,Luigi Amedeo di Savoia-Aosta,Duca degli Abruzzi,100.0,exact_alias,duca degli abruzzi,accepted_auto,Luigi Amedeo di Savoia-Aosta;Duca degli Abruzzi,economic_and_colonization,Somalia,1919-1933,"Prince, explorer and founder of the large agricultural settlement and company at Villaggio Duca degli Abruzzi in Italian Somalia.",https://www.treccani.it/enciclopedia/savoia-aosta-luigi-amedeo-giuseppe-maria-ferdinando-francesco-di-duca-degli-abruzzi_%28Dizionario-Biografico%29/,,False,verified_manual,125716
1124586,B804,083011,VIA ANTONIO LOCATELLI,,VIA ANTONIO LOCATELLI,Caronia,Sicilia,083011,locatelli_antonio,Antonio Locatelli,Antonio Locatelli,100.0,exact_canonical,antonio locatelli,accepted_auto,Antonio Locatelli;Locatelli,military,Ethiopia,1935-1936,"Aviator and volunteer in the war against Ethiopia, later commemorated in Italian public space.",https://www.tandfonline.com/doi/full/10.1080/1369801X.2023.2222710,,False,verified,125716
1124554,B804,083011,VIA FRANCESCO CRISPI,,VIA FRANCESCO CRISPI,Caronia,Sicilia,083011,crispi_francesco,Francesco Crispi,Francesco Crispi,100.0,exact_canonical,francesco crispi,accepted_auto,Francesco Crispi,political_and_administration,Eritrea;Ethiopia;Somalia,1887-1896,Prime minister and a principal political promoter of Italian colonial expansion in the Horn of Africa; his policy culminated in the war ending at Adwa.,https://www.treccani.it/enciclopedia/francesco-crispi/,,False,verified_manual,125716
366284,C051,083014,VIA FRANCESCO CRISPI,,VIA FRANCESCO CRISPI,Castell'Umberto,Sicilia,083014,crispi_francesco,Francesco Crispi,Francesco Crispi,100.0,exact_canonical,francesco crispi,accepted_auto,Francesco Crispi,political_and_administration,Eritrea;Ethiopia;Somalia,1887-1896,Prime minister and a principal political promoter of Italian colonial expansion in the Horn of Africa; his policy culminated in the war ending at Adwa.,https://www.treccani.it/enciclopedia/francesco-crispi/,,False,verified_manual,125716
754489,C091,087013,VIA FRANCESCO CRISPI,,VIA FRANCESCO CRISPI,Castel di Iudica,Sicilia,087013,crispi_francesco,Francesco Crispi,Francesco Crispi,100.0,exact_canonical,francesco crispi,accepted_auto,Francesco Crispi,political_and_administration,Eritrea;Ethiopia;Somalia,1887-1896,Prime minister and a principal political promoter of Italian colonial expansion in the Horn of Africa; his policy culminated in the war ending at Adwa.,https://www.treccani.it/enciclopedia/francesco-crispi/,,False,verified_manual,125716
366448,C094,083013,VIA FRANCESCO CRISPI,,VIA FRANCESCO CRISPI,Castel di Lucio,Sicilia,083013,crispi_francesco,Francesco Crispi,Francesco Crispi,100.0,exact_canonical,francesco crispi,accepted_auto,Francesco Crispi,political_and_administration,Eritrea;Ethiopia;Somalia,1887-1896,Prime minister and a principal political promoter of Italian colonial expansion in the Horn of Africa; his policy culminated in the war ending at Adwa.,https://www.treccani.it/enciclopedia/francesco-crispi/,,False,verified_manual,125716
366527,C094,083013,VIA MAGGIORE PIETRO TOSELLI,,VIA MAGGIORE PIETRO TOSELLI,Castel di Lucio,Sicilia,083013,toselli_pietro,Pietro Toselli,Pietro Toselli,100.0,exact_canonical,maggiore pietro toselli,accepted_auto,Pietro Toselli;Toselli;Maggiore Toselli,military,Eritrea;Ethiopia,1890s,Italian officer in the colonial campaigns in the Horn of Africa; killed at Amba Alagi in 1895.,https://www.tandfonline.com/doi/full/10.1080/1369801X.2023.2222710,,True,verified,125716
801805,C130,081005,VIA FRANCESCO CRISPI,,VIA FRANCESCO CRISPI,Castellammare del Golfo,Sicilia,081005,crispi_francesco,Francesco Crispi,Francesco Crispi,100.0,exact_canonical,francesco crispi,accepted_auto,Francesco Crispi,political_and_administration,Eritrea;Ethiopia;Somalia,1887-1896,Prime minister and a principal political promoter of Italian colonial expansion in the Horn of Africa; his policy culminated in the war ending at Adwa.,https://www.treccani.it/enciclopedia/francesco-crispi/,,False,verified_manual,125716
801814,C130,081005,VIA GALLIANO,,VIA GALLIANO,Castellammare del Golfo,Sicilia,081005,galliano_giuseppe,Giuseppe Galliano,Galliano,100.0,exact_surname,galliano,needs_review,Giuseppe Galliano;Galliano,military,Eritrea;Ethiopia,1880s-1890s,Italian officer active in the colonial campaigns in Eritrea and Ethiopia.,https://www.lastampa.it/torino/2023/03/22/news/nomi_vie_piazze_colonialismo-12713667/,,True,verified,125716
665200,C135,082024,VIA FRANCESCO CRISPI,,VIA FRANCESCO CRISPI,Castellana Sicula,Sicilia,082024,crispi_francesco,Francesco Crispi,Francesco Crispi,100.0,exact_canonical,francesco crispi,accepted_auto,Francesco Crispi,political_and_administration,Eritrea;Ethiopia;Somalia,1887-1896,Prime minister and a principal political promoter of Italian colonial expansion in the Horn of Africa; his policy culminated in the war ending at Adwa.,https://www.treccani.it/enciclopedia/francesco-crispi/,,False,verified_manual,125716
1183827,C275,084012,VIA FRANCESCO CRISPI,,VIA FRANCESCO CRISPI,Casteltermini,Sicilia,084012,crispi_francesco,Francesco Crispi,Francesco Crispi,100.0,exact_canonical,francesco crispi,accepted_auto,Francesco Crispi,political_and_administration,Eritrea;Ethiopia;Somalia,1887-1896,Prime minister and a principal political promoter of Italian colonial expansion in the Horn of Africa; his policy culminated in the war ending at Adwa.,https://www.treccani.it/enciclopedia/francesco-crispi/,,False,verified_manual,125716
1248623,C286,081006,VIA FRANCESCO CRISPI,,VIA FRANCESCO CRISPI,Castelvetrano,Sicilia,081006,crispi_francesco,Francesco Crispi,Francesco Crispi,100.0,exact_canonical,francesco crispi,accepted_auto,Francesco Crispi,political_and_administration,Eritrea;Ethiopia;Somalia,1887-1896,Prime minister and a principal political promoter of Italian colonial expansion in the Horn of Africa; his policy culminated in the war ending at Adwa.,https://www.treccani.it/enciclopedia/francesco-crispi/,,False,verified_manual,125716
692880,C341,084013,VIA FRANCESCO CRISPI,,VIA FRANCESCO CRISPI,Castrofilippo,Sicilia,084013,crispi_francesco,Francesco Crispi,Francesco Crispi,100.0,exact_canonical,francesco crispi,accepted_auto,Francesco Crispi,political_and_administration,Eritrea;Ethiopia;Somalia,1887-1896,Prime minister and a principal political promoter of Italian colonial expansion in the Horn of Africa; his policy culminated in the war ending at Adwa.,https://www.treccani.it/enciclopedia/francesco-crispi/,,False,verified_manual,125716
693017,C341,084013,VIA TOSELLI,,VIA TOSELLI,Castrofilippo,Sicilia,084013,toselli_pietro,Pietro Toselli,Toselli,100.0,exact_surname,toselli,needs_review,Pietro Toselli;Toselli;Maggiore Toselli,military,Eritrea;Ethiopia,1890s,Italian officer in the colonial campaigns in the Horn of Africa; killed at Amba Alagi in 1895.,https://www.tandfonline.com/doi/full/10.1080/1369801X.2023.2222710,,True,verified,125716
115490,C342,086009,PIAZZA FRANCESCO CRISPI,,PIAZZA FRANCESCO CRISPI,Enna,Sicilia,086009,crispi_francesco,Francesco Crispi,Francesco Crispi,100.0,exact_canonical,francesco crispi,accepted_auto,Francesco Crispi,political_and_administration,Eritrea;Ethiopia;Somalia,1887-1896,Prime minister and a principal political promoter of Italian colonial expansion in the Horn of Africa; his policy culminated in the war ending at Adwa.,https://www.treccani.it/enciclopedia/francesco-crispi/,,False,verified_manual,125716
1046676,C351,087015,VIA ANTONIO BALDISSERA,,VIA ANTONIO BALDISSERA,Catania,Sicilia,087015,baldissera_antonio,Antonio Baldissera,Antonio Baldissera,100.0,exact_canonical,antonio baldissera,accepted_auto,Antonio Baldissera;Baldissera,military_and_administration,Eritrea;Ethiopia,1880s-1890s,General associated with the occupation and military administration of Eritrea.,https://www.tandfonline.com/doi/full/10.1080/1369801X.2023.2222710,,True,verified,125716
1046684,C351,087015,VIA ANTONIO LOCATELLI,,VIA ANTONIO LOCATELLI,Catania,Sicilia,087015,locatelli_antonio,Antonio Locatelli,Antonio Locatelli,100.0,exact_canonical,antonio locatelli,accepted_auto,Antonio Locatelli;Locatelli,military,Ethiopia,1935-1936,"Aviator and volunteer in the war against Ethiopia, later commemorated in Italian public space.",https://www.tandfonline.com/doi/full/10.1080/1369801X.2023.2222710,,False,verified,125716
1046899,C351,087015,VIA CARLO CANEVA,,VIA CARLO CANEVA,Catania,Sicilia,087015,caneva_carlo,Carlo Caneva,Carlo Caneva,100.0,exact_canonical,carlo caneva,accepted_auto,Carlo Caneva,military,Libya,1911-1912,Commander of the Italian expeditionary force during the invasion of Ottoman Libya in the Italo-Turkish War.,https://it.wikipedia.org/wiki/Carlo_Caneva,,False,verified_manual,125716
1047408,C351,087015,VIA DUCA DEGLI ABRUZZI,,VIA DUCA DEGLI ABRUZZI,Catania,Sicilia,087015,savoiaaosta_luigiamedeo,Luigi Amedeo di Savoia-Aosta,Duca degli Abruzzi,100.0,exact_alias,duca degli abruzzi,accepted_auto,Luigi Amedeo di Savoia-Aosta;Duca degli Abruzzi,economic_and_colonization,Somalia,1919-1933,"Prince, explorer and founder of the large agricultural settlement and company at Villaggio Duca degli Abruzzi in Italian Somalia.",https://www.treccani.it/enciclopedia/savoia-aosta-luigi-amedeo-giuseppe-maria-ferdinando-francesco-di-duca-degli-abruzzi_%28Dizionario-Biografico%29/,,False,verified_manual,125716
1047554,C351,087015,VIA FRANCESCO CRISPI,,VIA FRANCESCO CRISPI,Catania,Sicilia,087015,crispi_francesco,Francesco Crispi,Francesco Crispi,100.0,exact_canonical,francesco crispi,accepted_auto,Francesco Crispi,political_and_administration,Eritrea;Ethiopia;Somalia,1887-1896,Prime minister and a principal political promoter of Italian colonial expansion in the Horn of Africa; his policy culminated in the war ending at Adwa.,https://www.treccani.it/enciclopedia/francesco-crispi/,,False,verified_manual,125716
1047747,C351,087015,VIA GIUSEPPE GALLIANO,,VIA GIUSEPPE GALLIANO,Catania,Sicilia,087015,galliano_giuseppe,Giuseppe Galliano,Giuseppe Galliano,100.0,exact_canonical,giuseppe galliano,accepted_auto,Giuseppe Galliano;Galliano,military,Eritrea;Ethiopia,1880s-1890s,Italian officer active in the colonial campaigns in Eritrea and Ethiopia.,https://www.lastampa.it/torino/2023/03/22/news/nomi_vie_piazze_colonialismo-12713667/,,True,verified,125716
1048195,C351,087015,VIA ORAZIO ANTINORI,,VIA ORAZIO ANTINORI,Catania,Sicilia,087015,antinori_orazio,Orazio Antinori,Orazio Antinori,100.0,exact_canonical,orazio antinori,accepted_auto,Orazio Antinori,exploration_geography,Ethiopia;Eritrea,1870s-1882,Explorer and naturalist whose Ethiopian expeditions and diplomatic role helped establish early Italian political influence in Shoa.,https://www.treccani.it/enciclopedia/orazio-antinori_%28Enciclopedia-Italiana%29/,,False,verified_manual,125716
1048334,C351,087015,VIA PIETRO ANTONELLI,,VIA PIETRO ANTONELLI,Catania,Sicilia,087015,antonelli_pietro,Pietro Antonelli,Pietro Antonelli,100.0,exact_canonical,pietro antonelli,accepted_auto,Pietro Antonelli;Conte Pietro Antonelli,political_and_administration,Ethiopia;Eritrea,1880s-1890s,"Explorer-diplomat central to Italian policy toward Menelik and negotiator of the Treaty of Wuchale, used by Italy to claim a protectorate over Ethiopia.",https://www.treccani.it/enciclopedia/conte-pietro-antonelli_%28Enciclopedia-Italiana%29/,,False,verified_manual,125716
1048352,C351,087015,VIA PIETRO TOSELLI,,VIA PIETRO TOSELLI,Catania,Sicilia,087015,toselli_pietro,Pietro Toselli,Pietro Toselli,100.0,exact_canonical,pietro toselli,accepted_auto,Pietro Toselli;Toselli;Maggiore Toselli,military,Eritrea;Ethiopia,1890s,Italian officer in the colonial campaigns in the Horn of Africa; killed at Amba Alagi in 1895.,https://www.tandfonline.com/doi/full/10.1080/1369801X.2023.2222710,,True,verified,125716
1048920,C351,087015,VIA VITTORIO BOTTEGO,,VIA VITTORIO BOTTEGO,Catania,Sicilia,087015,bottego_vittorio,Vittorio Bottego,Vittorio Bottego,100.0,exact_canonical,vittorio bottego,accepted_auto,Vittorio Bottego,exploration_geography,Somalia;Ethiopia;Eritrea,1887-1897,Army officer and explorer whose expeditions in the Horn of Africa were closely connected with Italian territorial ambitions in Somalia and Ethiopia.,https://www.treccani.it/enciclopedia/vittorio-bottego_%28Dizionario-Biografico%29/,,False,verified_manual,125716
303591,C353,086006,VIA FRANCESCO CRISPI,,VIA FRANCESCO CRISPI,Catenanuova,Sicilia,086006,crispi_francesco,Francesco Crispi,Francesco Crispi,100.0,exact_canonical,francesco crispi,accepted_auto,Francesco Crispi,political_and_administration,Eritrea;Ethiopia;Somalia,1887-1896,Prime minister and a principal political promoter of Italian colonial expansion in the Horn of Africa; his policy culminated in the war ending at Adwa.,https://www.treccani.it/enciclopedia/francesco-crispi/,,False,verified_manual,125716
1221954,C356,084014,VIA FRANCESCO CRISPI,,VIA FRANCESCO CRISPI,Cattolica Eraclea,Sicilia,084014,crispi_francesco,Francesco Crispi,Francesco Crispi,100.0,exact_canonical,francesco crispi,accepted_auto,Francesco Crispi,political_and_administration,Eritrea;Ethiopia;Somalia,1887-1896,Prime minister and a principal political promoter of Italian colonial expansion in the Horn of Africa; his policy culminated in the war ending at Adwa.,https://www.treccani.it/enciclopedia/francesco-crispi/,,False,verified_manual,125716
781579,C421,082027,PIAZZA FRANCESCO CRISPI,,PIAZZA FRANCESCO CRISPI,Cefalù,Sicilia,082027,crispi_francesco,Francesco Crispi,Francesco Crispi,100.0,exact_canonical,francesco crispi,accepted_auto,Francesco Crispi,political_and_administration,Eritrea;Ethiopia;Somalia,1887-1896,Prime minister and a principal political promoter of Italian colonial expansion in the Horn of Africa; his policy culminated in the war ending at Adwa.,https://www.treccani.it/enciclopedia/francesco-crispi/,,False,verified_manual,125716
318471,C471,086007,VIA DUCA DEGLI ABRUZZI,,VIA DUCA DEGLI ABRUZZI,Centuripe,Sicilia,086007,savoiaaosta_luigiamedeo,Luigi Amedeo di Savoia-Aosta,Duca degli Abruzzi,100.0,exact_alias,duca degli abruzzi,accepted_auto,Luigi Amedeo di Savoia-Aosta;Duca degli Abruzzi,economic_and_colonization,Somalia,1919-1933,"Prince, explorer and founder of the large agricultural settlement and company at Villaggio Duca degli Abruzzi in Italian Somalia.",https://www.treccani.it/enciclopedia/savoia-aosta-luigi-amedeo-giuseppe-maria-ferdinando-francesco-di-duca-degli-abruzzi_%28Dizionario-Biografico%29/,,False,verified_manual,125716
318486,C471,086007,VIA FRANCESCO CRISPI,,VIA FRANCESCO CRISPI,Centuripe,Sicilia,086007,crispi_francesco,Francesco Crispi,Francesco Crispi,100.0,exact_canonical,francesco crispi,accepted_auto,Francesco Crispi,political_and_administration,Eritrea;Ethiopia;Somalia,1887-1896,Prime minister and a principal political promoter of Italian colonial expansion in the Horn of Africa; his policy culminated in the war ending at Adwa.,https://www.treccani.it/enciclopedia/francesco-crispi/,,False,verified_manual,125716
1078697,C480,086008,VIA FRANCESCO CRISPI,,VIA FRANCESCO CRISPI,Cerami,Sicilia,086008,crispi_francesco,Francesco Crispi,Francesco Crispi,100.0,exact_canonical,francesco crispi,accepted_auto,Francesco Crispi,political_and_administration,Eritrea;Ethiopia;Somalia,1887-1896,Prime minister and a principal political promoter of Italian colonial expansion in the Horn of Africa; his policy culminated in the war ending at Adwa.,https://www.treccani.it/enciclopedia/francesco-crispi/,,False,verified_manual,125716
604351,C668,084015,VIA FRANCESCO CRISPI,,VIA FRANCESCO CRISPI,Cianciana,Sicilia,084015,crispi_francesco,Francesco Crispi,Francesco Crispi,100.0,exact_canonical,francesco crispi,accepted_auto,Francesco Crispi,political_and_administration,Eritrea;Ethiopia;Somalia,1887-1896,Prime minister and a principal political promoter of Italian colonial expansion in the Horn of Africa; his policy culminated in the war ending at Adwa.,https://www.treccani.it/enciclopedia/francesco-crispi/,,False,verified_manual,125716
654206,C708,082031,VIA FRANCESCO CRISPI,,VIA FRANCESCO CRISPI,Cinisi,Sicilia,082031,crispi_francesco,Francesco Crispi,Francesco Crispi,100.0,exact_canonical,francesco crispi,accepted_auto,Francesco Crispi,political_and_administration,Eritrea;Ethiopia;Somalia,1887-1896,Prime minister and a principal political promoter of Italian colonial expansion in the Horn of Africa; his policy culminated in the war ending at Adwa.,https://www.treccani.it/enciclopedia/francesco-crispi/,,False,verified_manual,125716
157494,C871,082032,VIA DUCA DEGLI ABRUZZI,,VIA DUCA DEGLI ABRUZZI,Collesano,Sicilia,082032,savoiaaosta_luigiamedeo,Luigi Amedeo di Savoia-Aosta,Duca degli Abruzzi,100.0,exact_alias,duca degli abruzzi,accepted_auto,Luigi Amedeo di Savoia-Aosta;Duca degli Abruzzi,economic_and_colonization,Somalia,1919-1933,"Prince, explorer and founder of the large agricultural settlement and company at Villaggio Duca degli Abruzzi in Italian Somalia.",https://www.treccani.it/enciclopedia/savoia-aosta-luigi-amedeo-giuseppe-maria-ferdinando-francesco-di-duca-degli-abruzzi_%28Dizionario-Biografico%29/,,False,verified_manual,125716
157503,C871,082032,VIA FRANCESCO CRISPI,,VIA FRANCESCO CRISPI,Collesano,Sicilia,082032,crispi_francesco,Francesco Crispi,Francesco Crispi,100.0,exact_canonical,francesco crispi,accepted_auto,Francesco Crispi,political_and_administration,Eritrea;Ethiopia;Somalia,1887-1896,Prime minister and a principal political promoter of Italian colonial expansion in the Horn of Africa; his policy culminated in the war ending at Adwa.,https://www.treccani.it/enciclopedia/francesco-crispi/,,False,verified_manual,125716
157572,C871,082032,VIA PIETRO TOSELLI,,VIA PIETRO TOSELLI,Collesano,Sicilia,082032,toselli_pietro,Pietro Toselli,Pietro Toselli,100.0,exact_canonical,pietro toselli,accepted_auto,Pietro Toselli;Toselli;Maggiore Toselli,military,Eritrea;Ethiopia,1890s,Italian officer in the colonial campaigns in the Horn of Africa; killed at Amba Alagi in 1895.,https://www.tandfonline.com/doi/full/10.1080/1369801X.2023.2222710,,True,verified,125716
325276,C927,088003,VIA DUCA DEGLI ABRUZZI,,VIA DUCA DEGLI ABRUZZI,Comiso,Sicilia,088003,savoiaaosta_luigiamedeo,Luigi Amedeo di Savoia-Aosta,Duca degli Abruzzi,100.0,exact_alias,duca degli abruzzi,accepted_auto,Luigi Amedeo di Savoia-Aosta;Duca degli Abruzzi,economic_and_colonization,Somalia,1919-1933,"Prince, explorer and founder of the large agricultural settlement and company at Villaggio Duca degli Abruzzi in Italian Somalia.",https://www.treccani.it/enciclopedia/savoia-aosta-luigi-amedeo-giuseppe-maria-ferdinando-francesco-di-duca-degli-abruzzi_%28Dizionario-Biografico%29/,,False,verified_manual,125716
324826,C927,088003,VIA FRANCESCO CRISPI,,VIA FRANCESCO CRISPI,Comiso,Sicilia,088003,crispi_francesco,Francesco Crispi,Francesco Crispi,100.0,exact_canonical,francesco crispi,accepted_auto,Francesco Crispi,political_and_administration,Eritrea;Ethiopia;Somalia,1887-1896,Prime minister and a principal political promoter of Italian colonial expansion in the Horn of Africa; his policy culminated in the war ending at Adwa.,https://www.treccani.it/enciclopedia/francesco-crispi/,,False,verified_manual,125716
324873,C927,088003,VIA GIUSEPPE GALLIANO,,VIA GIUSEPPE GALLIANO,Comiso,Sicilia,088003,galliano_giuseppe,Giuseppe Galliano,Giuseppe Galliano,100.0,exact_canonical,giuseppe galliano,accepted_auto,Giuseppe Galliano;Galliano,military,Eritrea;Ethiopia,1880s-1890s,Italian officer active in the colonial campaigns in Eritrea and Ethiopia.,https://www.lastampa.it/torino/2023/03/22/news/nomi_vie_piazze_colonialismo-12713667/,,True,verified,125716
325093,C927,088003,VIA TOSELLI,,VIA TOSELLI,Comiso,Sicilia,088003,toselli_pietro,Pietro Toselli,Toselli,100.0,exact_surname,toselli,needs_review,Pietro Toselli;Toselli;Maggiore Toselli,military,Eritrea;Ethiopia,1890s,Italian officer in the colonial campaigns in the Horn of Africa; killed at Amba Alagi in 1895.,https://www.tandfonline.com/doi/full/10.1080/1369801X.2023.2222710,,True,verified,125716
660327,D009,082034,VIA FRANCESCO CRISPI,,VIA FRANCESCO CRISPI,Corleone,Sicilia,082034,crispi_francesco,Francesco Crispi,Francesco Crispi,100.0,exact_canonical,francesco crispi,accepted_auto,Francesco Crispi,political_and_administration,Eritrea;Ethiopia;Somalia,1887-1896,Prime minister and a principal political promoter of Italian colonial expansion in the Horn of Africa; his policy culminated in the war ending at Adwa.,https://www.treccani.it/enciclopedia/francesco-crispi/,,False,verified_manual,125716
465045,D267,085006,VIA FRANCESCO CRISPI,,VIA FRANCESCO CRISPI,Delia,Sicilia,085006,crispi_francesco,Francesco Crispi,Francesco Crispi,100.0,exact_canonical,francesco crispi,accepted_auto,Francesco Crispi,political_and_administration,Eritrea;Ethiopia;Somalia,1887-1896,Prime minister and a principal political promoter of Italian colonial expansion in the Horn of Africa; his policy culminated in the war ending at Adwa.,https://www.treccani.it/enciclopedia/francesco-crispi/,,False,verified_manual,125716
1074946,D474,083019,VIA FRANCESCO CRISPI,,VIA FRANCESCO CRISPI,Falcone,Sicilia,083019,crispi_francesco,Francesco Crispi,Francesco Crispi,100.0,exact_canonical,francesco crispi,accepted_auto,Francesco Crispi,political_and_administration,Eritrea;Ethiopia;Somalia,1887-1896,Prime minister and a principal political promoter of Italian colonial expansion in the Horn of Africa; his policy culminated in the war ending at Adwa.,https://www.treccani.it/enciclopedia/francesco-crispi/,,False,verified_manual,125716
1074965,D474,083019,VIA ITALO BALBO,,VIA ITALO BALBO,Falcone,Sicilia,083019,balbo_italo,Italo Balbo,Italo Balbo,100.0,exact_canonical,italo balbo,accepted_auto,Italo Balbo;Balbo,political_and_administration,Libya,1934-1940,Governor-General of Italian Libya from 1934 to 1940.,https://www.treccani.it/enciclopedia/italo-balbo/,,True,verified,125716
930932,D514,084017,VIA ANTONIO LOCATELLI,,VIA ANTONIO LOCATELLI,Favara,Sicilia,084017,locatelli_antonio,Antonio Locatelli,Antonio Locatelli,100.0,exact_canonical,antonio locatelli,accepted_auto,Antonio Locatelli;Locatelli,military,Ethiopia,1935-1936,"Aviator and volunteer in the war against Ethiopia, later commemorated in Italian public space.",https://www.tandfonline.com/doi/full/10.1080/1369801X.2023.2222710,,False,verified,125716
931268,D514,084017,VIA FRANCESCO CRISPI,,VIA FRANCESCO CRISPI,Favara,Sicilia,084017,crispi_francesco,Francesco Crispi,Francesco Crispi,100.0,exact_canonical,francesco crispi,accepted_auto,Francesco Crispi,political_and_administration,Eritrea;Ethiopia;Somalia,1887-1896,Prime minister and a principal political promoter of Italian colonial expansion in the Horn of Africa; his policy culminated in the war ending at Adwa.,https://www.treccani.it/enciclopedia/francesco-crispi/,,False,verified_manual,125716
931285,D514,084017,VIA GALLIANO,,VIA GALLIANO,Favara,Sicilia,084017,galliano_giuseppe,Giuseppe Galliano,Galliano,100.0,exact_surname,galliano,needs_review,Giuseppe Galliano;Galliano,military,Eritrea;Ethiopia,1880s-1890s,Italian officer active in the colonial campaigns in Eritrea and Ethiopia.,https://www.lastampa.it/torino/2023/03/22/news/nomi_vie_piazze_colonialismo-12713667/,,True,verified,125716
931849,D514,084017,VIA GENERALE VINCENZO MAGLIOCCO,,VIA GENERALE VINCENZO MAGLIOCCO,Favara,Sicilia,084017,magliocco_vincenzo,Vincenzo Magliocco,Vincenzo Magliocco,100.0,exact_canonical,generale vincenzo magliocco,accepted_auto,Vincenzo Magliocco;Magliocco,military,Ethiopia,1935-1936,Italian air-force general active in Ethiopia; commemorated by a street in Milan documented by the colonial-odonymy project.,https://museonazionaleresistenza.it/story/la-storia-raccontata-attraverso-le-vie-della-citta/,,True,verified,125716
1293656,D518,081009,VIA FRANCESCO CRISPI,,VIA FRANCESCO CRISPI,Favignana,Sicilia,081009,crispi_francesco,Francesco Crispi,Francesco Crispi,100.0,exact_canonical,francesco crispi,accepted_auto,Francesco Crispi,political_and_administration,Eritrea;Ethiopia;Somalia,1887-1896,Prime minister and a principal political promoter of Italian colonial expansion in the Horn of Africa; his policy culminated in the war ending at Adwa.,https://www.treccani.it/enciclopedia/francesco-crispi/,,False,verified_manual,125716
788451,D540,089008,PIAZZA FRANCESCO CRISPI,,PIAZZA FRANCESCO CRISPI,Ferla,Sicilia,089008,crispi_francesco,Francesco Crispi,Francesco Crispi,100.0,exact_canonical,francesco crispi,accepted_auto,Francesco Crispi,political_and_administration,Eritrea;Ethiopia;Somalia,1887-1896,Prime minister and a principal political promoter of Italian colonial expansion in the Horn of Africa; his policy culminated in the war ending at Adwa.,https://www.treccani.it/enciclopedia/francesco-crispi/,,False,verified_manual,125716
788567,D540,089008,PIAZZA TOSELLI,,PIAZZA TOSELLI,Ferla,Sicilia,089008,toselli_pietro,Pietro Toselli,Toselli,100.0,exact_surname,toselli,needs_review,Pietro Toselli;Toselli;Maggiore Toselli,military,Eritrea;Ethiopia,1890s,Italian officer in the colonial campaigns in the Horn of Africa; killed at Amba Alagi in 1895.,https://www.tandfonline.com/doi/full/10.1080/1369801X.2023.2222710,,True,verified,125716
788455,D540,089008,VIA GALLIANO,,VIA GALLIANO,Ferla,Sicilia,089008,galliano_giuseppe,Giuseppe Galliano,Galliano,100.0,exact_surname,galliano,needs_review,Giuseppe Galliano;Galliano,military,Eritrea;Ethiopia,1880s-1890s,Italian officer active in the colonial campaigns in Eritrea and Ethiopia.,https://www.lastampa.it/torino/2023/03/22/news/nomi_vie_piazze_colonialismo-12713667/,,True,verified,125716
451238,D567,082035,VIA FRANCESCO CRISPI,,VIA FRANCESCO CRISPI,Ficarazzi,Sicilia,082035,crispi_francesco,Francesco Crispi,Francesco Crispi,100.0,exact_canonical,francesco crispi,accepted_auto,Francesco Crispi,political_and_administration,Eritrea;Ethiopia;Somalia,1887-1896,Prime minister and a principal political promoter of Italian colonial expansion in the Horn of Africa; his policy culminated in the war ending at Adwa.,https://www.treccani.it/enciclopedia/francesco-crispi/,,False,verified_manual,125716
451318,D567,082035,VIA VITTORIO BOTTEGO,,VIA VITTORIO BOTTEGO,Ficarazzi,Sicilia,082035,bottego_vittorio,Vittorio Bottego,Vittorio Bottego,100.0,exact_canonical,vittorio bottego,accepted_auto,Vittorio Bottego,exploration_geography,Somalia;Ethiopia;Eritrea,1887-1897,Army officer and explorer whose expeditions in the Horn of Africa were closely connected with Italian territorial ambitions in Somalia and Ethiopia.,https://www.treccani.it/enciclopedia/vittorio-bottego_%28Dizionario-Biografico%29/,,False,verified_manual,125716
810809,D636,089009,VIA DUCA DEGLI ABRUZZI,,VIA DUCA DEGLI ABRUZZI,Floridia,Sicilia,089009,savoiaaosta_luigiamedeo,Luigi Amedeo di Savoia-Aosta,Duca degli Abruzzi,100.0,exact_alias,duca degli abruzzi,accepted_auto,Luigi Amedeo di Savoia-Aosta;Duca degli Abruzzi,economic_and_colonization,Somalia,1919-1933,"Prince, explorer and founder of the large agricultural settlement and company at Villaggio Duca degli Abruzzi in Italian Somalia.",https://www.treccani.it/enciclopedia/savoia-aosta-luigi-amedeo-giuseppe-maria-ferdinando-francesco-di-duca-degli-abruzzi_%28Dizionario-Biografico%29/,,False,verified_manual,125716
810823,D636,089009,VIA FRANCESCO CRISPI,,VIA FRANCESCO CRISPI,Floridia,Sicilia,089009,crispi_francesco,Francesco Crispi,Francesco Crispi,100.0,exact_canonical,francesco crispi,accepted_auto,Francesco Crispi,political_and_administration,Eritrea;Ethiopia;Somalia,1887-1896,Prime minister and a principal political promoter of Italian colonial expansion in the Horn of Africa; his policy culminated in the war ending at Adwa.,https://www.treccani.it/enciclopedia/francesco-crispi/,,False,verified_manual,125716
1024864,D661,083023,VIA FRANCESCO CRISPI,,VIA FRANCESCO CRISPI,Fondachelli-Fantina,Sicilia,083023,crispi_francesco,Francesco Crispi,Francesco Crispi,100.0,exact_canonical,francesco crispi,accepted_auto,Francesco Crispi,political_and_administration,Eritrea;Ethiopia;Somalia,1887-1896,Prime minister and a principal political promoter of Italian colonial expansion in the Horn of Africa; his policy culminated in the war ending at Adwa.,https://www.treccani.it/enciclopedia/francesco-crispi/,,False,verified_manual,125716
885979,D768,089010,VIA FRANCESCO CRISPI,,VIA FRANCESCO CRISPI,Francofonte,Sicilia,089010,crispi_francesco,Francesco Crispi,Francesco Crispi,100.0,exact_canonical,francesco crispi,accepted_auto,Francesco Crispi,political_and_administration,Eritrea;Ethiopia;Somalia,1887-1896,Prime minister and a principal political promoter of Italian colonial expansion in the Horn of Africa; his policy culminated in the war ending at Adwa.,https://www.treccani.it/enciclopedia/francesco-crispi/,,False,verified_manual,125716
886094,D768,089010,VIA PADRE REGINALDO GIULIANI,,VIA PADRE REGINALDO GIULIANI,Francofonte,Sicilia,089010,giuliani_reginaldo,Reginaldo Giuliani,Reginaldo Giuliani,100.0,exact_canonical,padre reginaldo giuliani,accepted_auto,Reginaldo Giuliani;Giuliani;Padre Reginaldo Giuliani,military_and_religious,Ethiopia,1935-1936,Dominican friar and volunteer military chaplain associated with the war against Ethiopia.,https://www.tandfonline.com/doi/full/10.1080/1369801X.2023.2222710,,False,verified,125716
1020408,D824,083027,VIA FRANCESCO CRISPI,,VIA FRANCESCO CRISPI,Furci Siculo,Sicilia,083027,crispi_francesco,Francesco Crispi,Francesco Crispi,100.0,exact_canonical,francesco crispi,accepted_auto,Francesco Crispi,political_and_administration,Eritrea;Ethiopia;Somalia,1887-1896,Prime minister and a principal political promoter of Italian colonial expansion in the Horn of Africa; his policy culminated in the war ending at Adwa.,https://www.treccani.it/enciclopedia/francesco-crispi/,,False,verified_manual,125716
1087427,D825,083028,VIA FRANCESCO CRISPI,,VIA FRANCESCO CRISPI,Furnari,Sicilia,083028,crispi_francesco,Francesco Crispi,Francesco Crispi,100.0,exact_canonical,francesco crispi,accepted_auto,Francesco Crispi,political_and_administration,Eritrea;Ethiopia;Somalia,1887-1896,Prime minister and a principal political promoter of Italian colonial expansion in the Horn of Africa; his policy culminated in the war ending at Adwa.,https://www.treccani.it/enciclopedia/francesco-crispi/,,False,verified_manual,125716
964100,D844,083029,PIAZZA DUCA DEGLI ABRUZZI,,PIAZZA DUCA DEGLI ABRUZZI,Gaggi,Sicilia,083029,savoiaaosta_luigiamedeo,Luigi Amedeo di Savoia-Aosta,Duca degli Abruzzi,100.0,exact_alias,duca degli abruzzi,accepted_auto,Luigi Amedeo di Savoia-Aosta;Duca degli Abruzzi,economic_and_colonization,Somalia,1919-1933,"Prince, explorer and founder of the large agricultural settlement and company at Villaggio Duca degli Abruzzi in Italian Somalia.",https://www.treccani.it/enciclopedia/savoia-aosta-luigi-amedeo-giuseppe-maria-ferdinando-francesco-di-duca-degli-abruzzi_%28Dizionario-Biografico%29/,,False,verified_manual,125716
1299776,D861,083030,LARGO PIETRO TOSELLI,,LARGO PIETRO TOSELLI,Galati Mamertino,Sicilia,083030,toselli_pietro,Pietro Toselli,Pietro Toselli,100.0,exact_canonical,pietro toselli,accepted_auto,Pietro Toselli;Toselli;Maggiore Toselli,military,Eritrea;Ethiopia,1890s,Italian officer in the colonial campaigns in the Horn of Africa; killed at Amba Alagi in 1895.,https://www.tandfonline.com/doi/full/10.1080/1369801X.2023.2222710,,True,verified,125716
1116794,D861,083030,PIAZZA FRANCESCO CRISPI,,PIAZZA FRANCESCO CRISPI,Galati Mamertino,Sicilia,083030,crispi_francesco,Francesco Crispi,Francesco Crispi,100.0,exact_canonical,francesco crispi,accepted_auto,Francesco Crispi,political_and_administration,Eritrea;Ethiopia;Somalia,1887-1896,Prime minister and a principal political promoter of Italian colonial expansion in the Horn of Africa; his policy culminated in the war ending at Adwa.,https://www.treccani.it/enciclopedia/francesco-crispi/,,False,verified_manual,125716
1116845,D861,083030,VIA MAGGIORE PIETRO TOSELLI,,VIA MAGGIORE PIETRO TOSELLI,Galati Mamertino,Sicilia,083030,toselli_pietro,Pietro Toselli,Pietro Toselli,100.0,exact_canonical,maggiore pietro toselli,accepted_auto,Pietro Toselli;Toselli;Maggiore Toselli,military,Eritrea;Ethiopia,1890s,Italian officer in the colonial campaigns in the Horn of Africa; killed at Amba Alagi in 1895.,https://www.tandfonline.com/doi/full/10.1080/1369801X.2023.2222710,,True,verified,125716
304990,D907,082036,VIA GALLIANO,,VIA GALLIANO,Gangi,Sicilia,082036,galliano_giuseppe,Giuseppe Galliano,Galliano,100.0,exact_surname,galliano,needs_review,Giuseppe Galliano;Galliano,military,Eritrea;Ethiopia,1880s-1890s,Italian officer active in the colonial campaigns in Eritrea and Ethiopia.,https://www.lastampa.it/torino/2023/03/22/news/nomi_vie_piazze_colonialismo-12713667/,,True,verified,125716
202470,D960,085007,PIAZZA TOSELLI,,PIAZZA TOSELLI,Gela,Sicilia,085007,toselli_pietro,Pietro Toselli,Toselli,100.0,exact_surname,toselli,needs_review,Pietro Toselli;Toselli;Maggiore Toselli,military,Eritrea;Ethiopia,1890s,Italian officer in the colonial campaigns in the Horn of Africa; killed at Amba Alagi in 1895.,https://www.tandfonline.com/doi/full/10.1080/1369801X.2023.2222710,,True,verified,125716
201734,D960,085007,VIA DUCA DEGLI ABRUZZI,,VIA DUCA DEGLI ABRUZZI,Gela,Sicilia,085007,savoiaaosta_luigiamedeo,Luigi Amedeo di Savoia-Aosta,Duca degli Abruzzi,100.0,exact_alias,duca degli abruzzi,accepted_auto,Luigi Amedeo di Savoia-Aosta;Duca degli Abruzzi,economic_and_colonization,Somalia,1919-1933,"Prince, explorer and founder of the large agricultural settlement and company at Villaggio Duca degli Abruzzi in Italian Somalia.",https://www.treccani.it/enciclopedia/savoia-aosta-luigi-amedeo-giuseppe-maria-ferdinando-francesco-di-duca-degli-abruzzi_%28Dizionario-Biografico%29/,,False,verified_manual,125716
201819,D960,085007,VIA FRANCESCO CRISPI,,VIA FRANCESCO CRISPI,Gela,Sicilia,085007,crispi_francesco,Francesco Crispi,Francesco Crispi,100.0,exact_canonical,francesco crispi,accepted_auto,Francesco Crispi,political_and_administration,Eritrea;Ethiopia;Somalia,1887-1896,Prime minister and a principal political promoter of Italian colonial expansion in the Horn of Africa; his policy culminated in the war ending at Adwa.,https://www.treccani.it/enciclopedia/francesco-crispi/,,False,verified_manual,125716
1124793,E014,083032,VIA FRANCESCO CRISPI,,VIA FRANCESCO CRISPI,Giardini-Naxos,Sicilia,083032,crispi_francesco,Francesco Crispi,Francesco Crispi,100.0,exact_canonical,francesco crispi,accepted_auto,Francesco Crispi,political_and_administration,Eritrea;Ethiopia;Somalia,1887-1896,Prime minister and a principal political promoter of Italian colonial expansion in the Horn of Africa; his policy culminated in the war ending at Adwa.,https://www.treccani.it/enciclopedia/francesco-crispi/,,False,verified_manual,125716
451353,E016,088004,VIA DUCA DEGLI ABRUZZI,,VIA DUCA DEGLI ABRUZZI,Giarratana,Sicilia,088004,savoiaaosta_luigiamedeo,Luigi Amedeo di Savoia-Aosta,Duca degli Abruzzi,100.0,exact_alias,duca degli abruzzi,accepted_auto,Luigi Amedeo di Savoia-Aosta;Duca degli Abruzzi,economic_and_colonization,Somalia,1919-1933,"Prince, explorer and founder of the large agricultural settlement and company at Villaggio Duca degli Abruzzi in Italian Somalia.",https://www.treccani.it/enciclopedia/savoia-aosta-luigi-amedeo-giuseppe-maria-ferdinando-francesco-di-duca-degli-abruzzi_%28Dizionario-Biografico%29/,,False,verified_manual,125716
451359,E016,088004,VIA FRANCESCO CRISPI,,VIA FRANCESCO CRISPI,Giarratana,Sicilia,088004,crispi_francesco,Francesco Crispi,Francesco Crispi,100.0,exact_canonical,francesco crispi,accepted_auto,Francesco Crispi,political_and_administration,Eritrea;Ethiopia;Somalia,1887-1896,Prime minister and a principal political promoter of Italian colonial expansion in the Horn of Africa; his policy culminated in the war ending at Adwa.,https://www.treccani.it/enciclopedia/francesco-crispi/,,False,verified_manual,125716
1179218,E017,087017,VIA FRANCESCO CRISPI,,VIA FRANCESCO CRISPI,Giarre,Sicilia,087017,crispi_francesco,Francesco Crispi,Francesco Crispi,100.0,exact_canonical,francesco crispi,accepted_auto,Francesco Crispi,political_and_administration,Eritrea;Ethiopia;Somalia,1887-1896,Prime minister and a principal political promoter of Italian colonial expansion in the Horn of Africa; his policy culminated in the war ending at Adwa.,https://www.treccani.it/enciclopedia/francesco-crispi/,,False,verified_manual,125716
1179236,E017,087017,VIA GIOVANNI AMEGLIO,,VIA GIOVANNI AMEGLIO,Giarre,Sicilia,087017,ameglio_giovanni,Giovanni Ameglio,Giovanni Ameglio,100.0,exact_canonical,giovanni ameglio,accepted_auto,Giovanni Ameglio,military_and_administration,Eritrea;Libya,1890s-1918,Officer in the first Italo-Ethiopian conflict and a leading commander in the conquest of Libya; later governor of Cyrenaica and Tripolitania.,https://www.treccani.it/enciclopedia/giovanni-ameglio_%28Dizionario-Biografico%29/,,False,verified_manual,125716
1014680,E043,083033,VIA FRANCESCO CRISPI,,VIA FRANCESCO CRISPI,Gioiosa Marea,Sicilia,083033,crispi_francesco,Francesco Crispi,Francesco Crispi,100.0,exact_canonical,francesco crispi,accepted_auto,Francesco Crispi,political_and_administration,Eritrea;Ethiopia;Somalia,1887-1896,Prime minister and a principal political promoter of Italian colonial expansion in the Horn of Africa; his policy culminated in the war ending at Adwa.,https://www.treccani.it/enciclopedia/francesco-crispi/,,False,verified_manual,125716
1043453,E133,087018,VIA FRANCESCO CRISPI,,VIA FRANCESCO CRISPI,Grammichele,Sicilia,087018,crispi_francesco,Francesco Crispi,Francesco Crispi,100.0,exact_canonical,francesco crispi,accepted_auto,Francesco Crispi,political_and_administration,Eritrea;Ethiopia;Somalia,1887-1896,Prime minister and a principal political promoter of Italian colonial expansion in the Horn of Africa; his policy culminated in the war ending at Adwa.,https://www.treccani.it/enciclopedia/francesco-crispi/,,False,verified_manual,125716
570023,E156,087019,VIA FRANCESCO CRISPI,,VIA FRANCESCO CRISPI,Gravina di Catania,Sicilia,087019,crispi_francesco,Francesco Crispi,Francesco Crispi,100.0,exact_canonical,francesco crispi,accepted_auto,Francesco Crispi,political_and_administration,Eritrea;Ethiopia;Somalia,1887-1896,Prime minister and a principal political promoter of Italian colonial expansion in the Horn of Africa; his policy culminated in the war ending at Adwa.,https://www.treccani.it/enciclopedia/francesco-crispi/,,False,verified_manual,125716
823402,E209,084018,VIA FRANCESCO CRISPI,,VIA FRANCESCO CRISPI,Grotte,Sicilia,084018,crispi_francesco,Francesco Crispi,Francesco Crispi,100.0,exact_canonical,francesco crispi,accepted_auto,Francesco Crispi,political_and_administration,Eritrea;Ethiopia;Somalia,1887-1896,Prime minister and a principal political promoter of Italian colonial expansion in the Horn of Africa; his policy culminated in the war ending at Adwa.,https://www.treccani.it/enciclopedia/francesco-crispi/,,False,verified_manual,125716
823442,E209,084018,VICOLO GALLIANO,,VICOLO GALLIANO,Grotte,Sicilia,084018,galliano_giuseppe,Giuseppe Galliano,Galliano,100.0,exact_surname,galliano,needs_review,Giuseppe Galliano;Galliano,military,Eritrea;Ethiopia,1880s-1890s,Italian officer active in the colonial campaigns in Eritrea and Ethiopia.,https://www.lastampa.it/torino/2023/03/22/news/nomi_vie_piazze_colonialismo-12713667/,,True,verified,125716
823543,E209,084018,VICOLO TOSELLI,,VICOLO TOSELLI,Grotte,Sicilia,084018,toselli_pietro,Pietro Toselli,Toselli,100.0,exact_surname,toselli,needs_review,Pietro Toselli;Toselli;Maggiore Toselli,military,Eritrea;Ethiopia,1890s,Italian officer in the colonial campaigns in the Horn of Africa; killed at Amba Alagi in 1895.,https://www.tandfonline.com/doi/full/10.1080/1369801X.2023.2222710,,True,verified,125716
715698,E337,082042,VIA FRANCESCO CRISPI,,VIA FRANCESCO CRISPI,Isnello,Sicilia,082042,crispi_francesco,Francesco Crispi,Francesco Crispi,100.0,exact_canonical,francesco crispi,accepted_auto,Francesco Crispi,political_and_administration,Eritrea;Ethiopia;Somalia,1887-1896,Prime minister and a principal political promoter of Italian colonial expansion in the Horn of Africa; his policy culminated in the war ending at Adwa.,https://www.treccani.it/enciclopedia/francesco-crispi/,,False,verified_manual,125716
697077,E350,082043,PIAZZA DUCA DEGLI ABRUZZI,,PIAZZA DUCA DEGLI ABRUZZI,Isola delle Femmine,Sicilia,082043,savoiaaosta_luigiamedeo,Luigi Amedeo di Savoia-Aosta,Duca degli Abruzzi,100.0,exact_alias,duca degli abruzzi,accepted_auto,Luigi Amedeo di Savoia-Aosta;Duca degli Abruzzi,economic_and_colonization,Somalia,1919-1933,"Prince, explorer and founder of the large agricultural settlement and company at Villaggio Duca degli Abruzzi in Italian Somalia.",https://www.treccani.it/enciclopedia/savoia-aosta-luigi-amedeo-giuseppe-maria-ferdinando-francesco-di-duca-degli-abruzzi_%28Dizionario-Biografico%29/,,False,verified_manual,125716
485553,E366,088005,CORSO DUCA DEGLI ABRUZZI,,CORSO DUCA DEGLI ABRUZZI,Ispica,Sicilia,088005,savoiaaosta_luigiamedeo,Luigi Amedeo di Savoia-Aosta,Duca degli Abruzzi,100.0,exact_alias,duca degli abruzzi,accepted_auto,Luigi Amedeo di Savoia-Aosta;Duca degli Abruzzi,economic_and_colonization,Somalia,1919-1933,"Prince, explorer and founder of the large agricultural settlement and company at Villaggio Duca degli Abruzzi in Italian Somalia.",https://www.treccani.it/enciclopedia/savoia-aosta-luigi-amedeo-giuseppe-maria-ferdinando-francesco-di-duca-degli-abruzzi_%28Dizionario-Biografico%29/,,False,verified_manual,125716
485572,E366,088005,VIA FRANCESCO CRISPI,,VIA FRANCESCO CRISPI,Ispica,Sicilia,088005,crispi_francesco,Francesco Crispi,Francesco Crispi,100.0,exact_canonical,francesco crispi,accepted_auto,Francesco Crispi,political_and_administration,Eritrea;Ethiopia;Somalia,1887-1896,Prime minister and a principal political promoter of Italian colonial expansion in the Horn of Africa; his policy culminated in the war ending at Adwa.,https://www.treccani.it/enciclopedia/francesco-crispi/,,False,verified_manual,125716
485602,E366,088005,VIA GIUSEPPE GALLIANO,,VIA GIUSEPPE GALLIANO,Ispica,Sicilia,088005,galliano_giuseppe,Giuseppe Galliano,Giuseppe Galliano,100.0,exact_canonical,giuseppe galliano,accepted_auto,Giuseppe Galliano;Galliano,military,Eritrea;Ethiopia,1880s-1890s,Italian officer active in the colonial campaigns in Eritrea and Ethiopia.,https://www.lastampa.it/torino/2023/03/22/news/nomi_vie_piazze_colonialismo-12713667/,,True,verified,125716
485703,E366,088005,VIA PIETRO TOSELLI,,VIA PIETRO TOSELLI,Ispica,Sicilia,088005,toselli_pietro,Pietro Toselli,Pietro Toselli,100.0,exact_canonical,pietro toselli,accepted_auto,Pietro Toselli;Toselli;Maggiore Toselli,military,Eritrea;Ethiopia,1890s,Italian officer in the colonial campaigns in the Horn of Africa; killed at Amba Alagi in 1895.,https://www.tandfonline.com/doi/full/10.1080/1369801X.2023.2222710,,True,verified,125716
1092825,E374,083036,VIA GALLIANO,,VIA GALLIANO,Itala,Sicilia,083036,galliano_giuseppe,Giuseppe Galliano,Galliano,100.0,exact_surname,galliano,needs_review,Giuseppe Galliano;Galliano,military,Eritrea;Ethiopia,1880s-1890s,Italian officer active in the colonial campaigns in Eritrea and Ethiopia.,https://www.lastampa.it/torino/2023/03/22/news/nomi_vie_piazze_colonialismo-12713667/,,True,verified,125716
124963,E390,084019,VIA ITALO BALBO,,VIA ITALO BALBO,Joppolo Giancaxio,Sicilia,084019,balbo_italo,Italo Balbo,Italo Balbo,100.0,exact_canonical,italo balbo,accepted_auto,Italo Balbo;Balbo,political_and_administration,Libya,1934-1940,Governor-General of Italian Libya from 1934 to 1940.,https://www.treccani.it/enciclopedia/italo-balbo/,,True,verified,125716
1218606,E431,084020,VIA FRANCESCO CRISPI,,VIA FRANCESCO CRISPI,Lampedusa e Linosa,Sicilia,084020,crispi_francesco,Francesco Crispi,Francesco Crispi,100.0,exact_canonical,francesco crispi,accepted_auto,Francesco Crispi,political_and_administration,Eritrea;Ethiopia;Somalia,1887-1896,Prime minister and a principal political promoter of Italian colonial expansion in the Horn of Africa; his policy culminated in the war ending at Adwa.,https://www.treccani.it/enciclopedia/francesco-crispi/,,False,verified_manual,125716
1218608,E431,084020,VIA GIUSEPPE GALLIANO,,VIA GIUSEPPE GALLIANO,Lampedusa e Linosa,Sicilia,084020,galliano_giuseppe,Giuseppe Galliano,Giuseppe Galliano,100.0,exact_canonical,giuseppe galliano,accepted_auto,Giuseppe Galliano;Galliano,military,Eritrea;Ethiopia,1880s-1890s,Italian officer active in the colonial campaigns in Eritrea and Ethiopia.,https://www.lastampa.it/torino/2023/03/22/news/nomi_vie_piazze_colonialismo-12713667/,,True,verified,125716
714635,E459,082044,VIA GALLIANO,,VIA GALLIANO,Lascari,Sicilia,082044,galliano_giuseppe,Giuseppe Galliano,Galliano,100.0,exact_surname,galliano,needs_review,Giuseppe Galliano;Galliano,military,Eritrea;Ethiopia,1880s-1890s,Italian officer active in the colonial campaigns in Eritrea and Ethiopia.,https://www.lastampa.it/torino/2023/03/22/news/nomi_vie_piazze_colonialismo-12713667/,,True,verified,125716
1268681,E532,089011,VIA FRANCESCO CRISPI,,VIA FRANCESCO CRISPI,Lentini,Sicilia,089011,crispi_francesco,Francesco Crispi,Francesco Crispi,100.0,exact_canonical,francesco crispi,accepted_auto,Francesco Crispi,political_and_administration,Eritrea;Ethiopia;Somalia,1887-1896,Prime minister and a principal political promoter of Italian colonial expansion in the Horn of Africa; his policy culminated in the war ending at Adwa.,https://www.treccani.it/enciclopedia/francesco-crispi/,,False,verified_manual,125716
1268697,E532,089011,VIA GIUSEPPE GALLIANO,,VIA GIUSEPPE GALLIANO,Lentini,Sicilia,089011,galliano_giuseppe,Giuseppe Galliano,Giuseppe Galliano,100.0,exact_canonical,giuseppe galliano,accepted_auto,Giuseppe Galliano;Galliano,military,Eritrea;Ethiopia,1880s-1890s,Italian officer active in the colonial campaigns in Eritrea and Ethiopia.,https://www.lastampa.it/torino/2023/03/22/news/nomi_vie_piazze_colonialismo-12713667/,,True,verified,125716
1269046,E532,089011,VIA PIETRO TOSELLI,,VIA PIETRO TOSELLI,Lentini,Sicilia,089011,toselli_pietro,Pietro Toselli,Pietro Toselli,100.0,exact_canonical,pietro toselli,accepted_auto,Pietro Toselli;Toselli;Maggiore Toselli,military,Eritrea;Ethiopia,1890s,Italian officer in the colonial campaigns in the Horn of Africa; killed at Amba Alagi in 1895.,https://www.tandfonline.com/doi/full/10.1080/1369801X.2023.2222710,,True,verified,125716
1268503,E532,089011,VIA VITTORIO BOTTEGO,,VIA VITTORIO BOTTEGO,Lentini,Sicilia,089011,bottego_vittorio,Vittorio Bottego,Vittorio Bottego,100.0,exact_canonical,vittorio bottego,accepted_auto,Vittorio Bottego,exploration_geography,Somalia;Ethiopia;Eritrea,1887-1897,Army officer and explorer whose expeditions in the Horn of Africa were closely connected with Italian territorial ambitions in Somalia and Ethiopia.,https://www.treccani.it/enciclopedia/vittorio-bottego_%28Dizionario-Biografico%29/,,False,verified_manual,125716
125945,E536,086011,VIA FRANCESCO CRISPI,,VIA FRANCESCO CRISPI,Leonforte,Sicilia,086011,crispi_francesco,Francesco Crispi,Francesco Crispi,100.0,exact_canonical,francesco crispi,accepted_auto,Francesco Crispi,political_and_administration,Eritrea;Ethiopia;Somalia,1887-1896,Prime minister and a principal political promoter of Italian colonial expansion in the Horn of Africa; his policy culminated in the war ending at Adwa.,https://www.treccani.it/enciclopedia/francesco-crispi/,,False,verified_manual,125716
613927,E541,082045,VIA DUCA DEGLI ABRUZZI,,VIA DUCA DEGLI ABRUZZI,Lercara Friddi,Sicilia,082045,savoiaaosta_luigiamedeo,Luigi Amedeo di Savoia-Aosta,Duca degli Abruzzi,100.0,exact_alias,duca degli abruzzi,accepted_auto,Luigi Amedeo di Savoia-Aosta;Duca degli Abruzzi,economic_and_colonization,Somalia,1919-1933,"Prince, explorer and founder of the large agricultural settlement and company at Villaggio Duca degli Abruzzi in Italian Somalia.",https://www.treccani.it/enciclopedia/savoia-aosta-luigi-amedeo-giuseppe-maria-ferdinando-francesco-di-duca-degli-abruzzi_%28Dizionario-Biografico%29/,,False,verified_manual,125716
613941,E541,082045,VIA FRANCESCO CRISPI,,VIA FRANCESCO CRISPI,Lercara Friddi,Sicilia,082045,crispi_francesco,Francesco Crispi,Francesco Crispi,100.0,exact_canonical,francesco crispi,accepted_auto,Francesco Crispi,political_and_administration,Eritrea;Ethiopia;Somalia,1887-1896,Prime minister and a principal political promoter of Italian colonial expansion in the Horn of Africa; his policy culminated in the war ending at Adwa.,https://www.treccani.it/enciclopedia/francesco-crispi/,,False,verified_manual,125716
1074523,E555,083038,VIA FRANCESCO CRISPI,,VIA FRANCESCO CRISPI,Letojanni,Sicilia,083038,crispi_francesco,Francesco Crispi,Francesco Crispi,100.0,exact_canonical,francesco crispi,accepted_auto,Francesco Crispi,political_and_administration,Eritrea;Ethiopia;Somalia,1887-1896,Prime minister and a principal political promoter of Italian colonial expansion in the Horn of Africa; his policy culminated in the war ending at Adwa.,https://www.treccani.it/enciclopedia/francesco-crispi/,,False,verified_manual,125716
935504,E571,083039,SALITA TOSELLI,,SALITA TOSELLI,Librizzi,Sicilia,083039,toselli_pietro,Pietro Toselli,Toselli,100.0,exact_surname,toselli,needs_review,Pietro Toselli;Toselli;Maggiore Toselli,military,Eritrea;Ethiopia,1890s,Italian officer in the colonial campaigns in the Horn of Africa; killed at Amba Alagi in 1895.,https://www.tandfonline.com/doi/full/10.1080/1369801X.2023.2222710,,True,verified,125716
935454,E571,083039,VIA GALLIANO,,VIA GALLIANO,Librizzi,Sicilia,083039,galliano_giuseppe,Giuseppe Galliano,Galliano,100.0,exact_surname,galliano,needs_review,Giuseppe Galliano;Galliano,military,Eritrea;Ethiopia,1880s-1890s,Italian officer active in the colonial campaigns in Eritrea and Ethiopia.,https://www.lastampa.it/torino/2023/03/22/news/nomi_vie_piazze_colonialismo-12713667/,,True,verified,125716
1300131,E573,084021,VIA FRANCESCO CRISPI,,VIA FRANCESCO CRISPI,Licata,Sicilia,084021,crispi_francesco,Francesco Crispi,Francesco Crispi,100.0,exact_canonical,francesco crispi,accepted_auto,Francesco Crispi,political_and_administration,Eritrea;Ethiopia;Somalia,1887-1896,Prime minister and a principal political promoter of Italian colonial expansion in the Horn of Africa; his policy culminated in the war ending at Adwa.,https://www.treccani.it/enciclopedia/francesco-crispi/,,False,verified_manual,125716
1300159,E573,084021,VIA GENERALE GIOVANNI AMEGLIO,,VIA GENERALE GIOVANNI AMEGLIO,Licata,Sicilia,084021,ameglio_giovanni,Giovanni Ameglio,Giovanni Ameglio,100.0,exact_canonical,generale giovanni ameglio,accepted_auto,Giovanni Ameglio,military_and_administration,Eritrea;Libya,1890s-1918,Officer in the first Italo-Ethiopian conflict and a leading commander in the conquest of Libya; later governor of Cyrenaica and Tripolitania.,https://www.treccani.it/enciclopedia/giovanni-ameglio_%28Dizionario-Biografico%29/,,False,verified_manual,125716
1300274,E573,084021,VIA MAGGIORE PIETRO TOSELLI,,VIA MAGGIORE PIETRO TOSELLI,Licata,Sicilia,084021,toselli_pietro,Pietro Toselli,Pietro Toselli,100.0,exact_canonical,maggiore pietro toselli,accepted_auto,Pietro Toselli;Toselli;Maggiore Toselli,military,Eritrea;Ethiopia,1890s,Italian officer in the colonial campaigns in the Horn of Africa; killed at Amba Alagi in 1895.,https://www.tandfonline.com/doi/full/10.1080/1369801X.2023.2222710,,True,verified,125716
1300674,E573,084021,VIA VITTORIO BOTTEGO,,VIA VITTORIO BOTTEGO,Licata,Sicilia,084021,bottego_vittorio,Vittorio Bottego,Vittorio Bottego,100.0,exact_canonical,vittorio bottego,accepted_auto,Vittorio Bottego,exploration_geography,Somalia;Ethiopia;Eritrea,1887-1897,Army officer and explorer whose expeditions in the Horn of Africa were closely connected with Italian territorial ambitions in Somalia and Ethiopia.,https://www.treccani.it/enciclopedia/vittorio-bottego_%28Dizionario-Biografico%29/,,False,verified_manual,125716
438851,E578,087020,VIA DUCA DEGLI ABRUZZI,,VIA DUCA DEGLI ABRUZZI,Licodia Eubea,Sicilia,087020,savoiaaosta_luigiamedeo,Luigi Amedeo di Savoia-Aosta,Duca degli Abruzzi,100.0,exact_alias,duca degli abruzzi,accepted_auto,Luigi Amedeo di Savoia-Aosta;Duca degli Abruzzi,economic_and_colonization,Somalia,1919-1933,"Prince, explorer and founder of the large agricultural settlement and company at Villaggio Duca degli Abruzzi in Italian Somalia.",https://www.treccani.it/enciclopedia/savoia-aosta-luigi-amedeo-giuseppe-maria-ferdinando-francesco-di-duca-degli-abruzzi_%28Dizionario-Biografico%29/,,False,verified_manual,125716
438926,E578,087020,VIA GALLIANO,,VIA GALLIANO,Licodia Eubea,Sicilia,087020,galliano_giuseppe,Giuseppe Galliano,Galliano,100.0,exact_surname,galliano,needs_review,Giuseppe Galliano;Galliano,military,Eritrea;Ethiopia,1880s-1890s,Italian officer active in the colonial campaigns in Eritrea and Ethiopia.,https://www.lastampa.it/torino/2023/03/22/news/nomi_vie_piazze_colonialismo-12713667/,,True,verified,125716
1299346,E606,083041,VIA FRANCESCO CRISPI,,VIA FRANCESCO CRISPI,Lipari,Sicilia,083041,crispi_francesco,Francesco Crispi,Francesco Crispi,100.0,exact_canonical,francesco crispi,accepted_auto,Francesco Crispi,political_and_administration,Eritrea;Ethiopia;Somalia,1887-1896,Prime minister and a principal political promoter of Italian colonial expansion in the Horn of Africa; his policy culminated in the war ending at Adwa.,https://www.treccani.it/enciclopedia/francesco-crispi/,,False,verified_manual,125716
950779,E714,084022,VIA FRANCESCO CRISPI,,VIA FRANCESCO CRISPI,Lucca Sicula,Sicilia,084022,crispi_francesco,Francesco Crispi,Francesco Crispi,100.0,exact_canonical,francesco crispi,accepted_auto,Francesco Crispi,political_and_administration,Eritrea;Ethiopia;Somalia,1887-1896,Prime minister and a principal political promoter of Italian colonial expansion in the Horn of Africa; his policy culminated in the war ending at Adwa.,https://www.treccani.it/enciclopedia/francesco-crispi/,,False,verified_manual,125716
1037938,E854,087022,VIA PIETRO TOSELLI,,VIA PIETRO TOSELLI,Maletto,Sicilia,087022,toselli_pietro,Pietro Toselli,Pietro Toselli,100.0,exact_canonical,pietro toselli,accepted_auto,Pietro Toselli;Toselli;Maggiore Toselli,military,Eritrea;Ethiopia,1890s,Italian officer in the colonial campaigns in the Horn of Africa; killed at Amba Alagi in 1895.,https://www.tandfonline.com/doi/full/10.1080/1369801X.2023.2222710,,True,verified,125716
998623,E876,083045,VIA GALLIANO,,VIA GALLIANO,Mandanici,Sicilia,083045,galliano_giuseppe,Giuseppe Galliano,Galliano,100.0,exact_surname,galliano,needs_review,Giuseppe Galliano;Galliano,military,Eritrea;Ethiopia,1880s-1890s,Italian officer active in the colonial campaigns in Eritrea and Ethiopia.,https://www.lastampa.it/torino/2023/03/22/news/nomi_vie_piazze_colonialismo-12713667/,,True,verified,125716
449373,E953,085008,VIA DUCA DEGLI ABRUZZI,,VIA DUCA DEGLI ABRUZZI,Marianopoli,Sicilia,085008,savoiaaosta_luigiamedeo,Luigi Amedeo di Savoia-Aosta,Duca degli Abruzzi,100.0,exact_alias,duca degli abruzzi,accepted_auto,Luigi Amedeo di Savoia-Aosta;Duca degli Abruzzi,economic_and_colonization,Somalia,1919-1933,"Prince, explorer and founder of the large agricultural settlement and company at Villaggio Duca degli Abruzzi in Italian Somalia.",https://www.treccani.it/enciclopedia/savoia-aosta-luigi-amedeo-giuseppe-maria-ferdinando-francesco-di-duca-degli-abruzzi_%28Dizionario-Biografico%29/,,False,verified_manual,125716
694599,E957,082046,VIA FRANCESCO CRISPI,,VIA FRANCESCO CRISPI,Marineo,Sicilia,082046,crispi_francesco,Francesco Crispi,Francesco Crispi,100.0,exact_canonical,francesco crispi,accepted_auto,Francesco Crispi,political_and_administration,Eritrea;Ethiopia;Somalia,1887-1896,Prime minister and a principal political promoter of Italian colonial expansion in the Horn of Africa; his policy culminated in the war ending at Adwa.,https://www.treccani.it/enciclopedia/francesco-crispi/,,False,verified_manual,125716
1220938,E974,081011,VIA FRANCESCO CRISPI,,VIA FRANCESCO CRISPI,Marsala,Sicilia,081011,crispi_francesco,Francesco Crispi,Francesco Crispi,100.0,exact_canonical,francesco crispi,accepted_auto,Francesco Crispi,political_and_administration,Eritrea;Ethiopia;Somalia,1887-1896,Prime minister and a principal political promoter of Italian colonial expansion in the Horn of Africa; his policy culminated in the war ending at Adwa.,https://www.treccani.it/enciclopedia/francesco-crispi/,,False,verified_manual,125716
1227921,F004,087023,VIA FRANCESCO CRISPI,,VIA FRANCESCO CRISPI,Mascali,Sicilia,087023,crispi_francesco,Francesco Crispi,Francesco Crispi,100.0,exact_canonical,francesco crispi,accepted_auto,Francesco Crispi,political_and_administration,Eritrea;Ethiopia;Somalia,1887-1896,Prime minister and a principal political promoter of Italian colonial expansion in the Horn of Africa; his policy culminated in the war ending at Adwa.,https://www.treccani.it/enciclopedia/francesco-crispi/,,False,verified_manual,125716
1040528,F005,087024,VIA FRANCESCO CRISPI,,VIA FRANCESCO CRISPI,Mascalucia,Sicilia,087024,crispi_francesco,Francesco Crispi,Francesco Crispi,100.0,exact_canonical,francesco crispi,accepted_auto,Francesco Crispi,political_and_administration,Eritrea;Ethiopia;Somalia,1887-1896,Prime minister and a principal political promoter of Italian colonial expansion in the Horn of Africa; his policy culminated in the war ending at Adwa.,https://www.treccani.it/enciclopedia/francesco-crispi/,,False,verified_manual,125716
601327,F061,081012,VIA FRANCESCO CRISPI,,VIA FRANCESCO CRISPI,Mazara del Vallo,Sicilia,081012,crispi_francesco,Francesco Crispi,Francesco Crispi,100.0,exact_canonical,francesco crispi,accepted_auto,Francesco Crispi,political_and_administration,Eritrea;Ethiopia;Somalia,1887-1896,Prime minister and a principal political promoter of Italian colonial expansion in the Horn of Africa; his policy culminated in the war ending at Adwa.,https://www.treccani.it/enciclopedia/francesco-crispi/,,False,verified_manual,125716
601956,F061,081012,VIA VITTORIO BOTTEGO,,VIA VITTORIO BOTTEGO,Mazara del Vallo,Sicilia,081012,bottego_vittorio,Vittorio Bottego,Vittorio Bottego,100.0,exact_canonical,vittorio bottego,accepted_auto,Vittorio Bottego,exploration_geography,Somalia;Ethiopia;Eritrea,1887-1897,Army officer and explorer whose expeditions in the Horn of Africa were closely connected with Italian territorial ambitions in Somalia and Ethiopia.,https://www.treccani.it/enciclopedia/vittorio-bottego_%28Dizionario-Biografico%29/,,False,verified_manual,125716
935677,F065,085009,PIAZZA FRANCESCO CRISPI,,PIAZZA FRANCESCO CRISPI,Mazzarino,Sicilia,085009,crispi_francesco,Francesco Crispi,Francesco Crispi,100.0,exact_canonical,francesco crispi,accepted_auto,Francesco Crispi,political_and_administration,Eritrea;Ethiopia;Somalia,1887-1896,Prime minister and a principal political promoter of Italian colonial expansion in the Horn of Africa; his policy culminated in the war ending at Adwa.,https://www.treccani.it/enciclopedia/francesco-crispi/,,False,verified_manual,125716
751428,F107,089012,VIA FRANCESCO CRISPI,,VIA FRANCESCO CRISPI,Melilli,Sicilia,089012,crispi_francesco,Francesco Crispi,Francesco Crispi,100.0,exact_canonical,francesco crispi,accepted_auto,Francesco Crispi,political_and_administration,Eritrea;Ethiopia;Somalia,1887-1896,Prime minister and a principal political promoter of Italian colonial expansion in the Horn of Africa; his policy culminated in the war ending at Adwa.,https://www.treccani.it/enciclopedia/francesco-crispi/,,False,verified_manual,125716
751430,F107,089012,VIA GALLIANO,,VIA GALLIANO,Melilli,Sicilia,089012,galliano_giuseppe,Giuseppe Galliano,Galliano,100.0,exact_surname,galliano,needs_review,Giuseppe Galliano;Galliano,military,Eritrea;Ethiopia,1880s-1890s,Italian officer active in the colonial campaigns in Eritrea and Ethiopia.,https://www.lastampa.it/torino/2023/03/22/news/nomi_vie_piazze_colonialismo-12713667/,,True,verified,125716
751618,F107,089012,VIA TOSELLI,,VIA TOSELLI,Melilli,Sicilia,089012,toselli_pietro,Pietro Toselli,Toselli,100.0,exact_surname,toselli,needs_review,Pietro Toselli;Toselli;Maggiore Toselli,military,Eritrea;Ethiopia,1890s,Italian officer in the colonial campaigns in the Horn of Africa; killed at Amba Alagi in 1895.,https://www.tandfonline.com/doi/full/10.1080/1369801X.2023.2222710,,True,verified,125716
1303580,F158,083048,PIAZZA REGINALDO GIULIANI,,PIAZZA REGINALDO GIULIANI,Messina,Sicilia,083048,giuliani_reginaldo,Reginaldo Giuliani,Reginaldo Giuliani,100.0,exact_canonical,reginaldo giuliani,accepted_auto,Reginaldo Giuliani;Giuliani;Padre Reginaldo Giuliani,military_and_religious,Ethiopia,1935-1936,Dominican friar and volunteer military chaplain associated with the war against Ethiopia.,https://www.tandfonline.com/doi/full/10.1080/1369801X.2023.2222710,,False,verified,125716
1301697,F158,083048,VIA DUCA DEGLI ABRUZZI,,VIA DUCA DEGLI ABRUZZI,Messina,Sicilia,083048,savoiaaosta_luigiamedeo,Luigi Amedeo di Savoia-Aosta,Duca degli Abruzzi,100.0,exact_alias,duca degli abruzzi,accepted_auto,Luigi Amedeo di Savoia-Aosta;Duca degli Abruzzi,economic_and_colonization,Somalia,1919-1933,"Prince, explorer and founder of the large agricultural settlement and company at Villaggio Duca degli Abruzzi in Italian Somalia.",https://www.treccani.it/enciclopedia/savoia-aosta-luigi-amedeo-giuseppe-maria-ferdinando-francesco-di-duca-degli-abruzzi_%28Dizionario-Biografico%29/,,False,verified_manual,125716
1301814,F158,083048,VIA FRANCESCO CRISPI,,VIA FRANCESCO CRISPI,Messina,Sicilia,083048,crispi_francesco,Francesco Crispi,Francesco Crispi,100.0,exact_canonical,francesco crispi,accepted_auto,Francesco Crispi,political_and_administration,Eritrea;Ethiopia;Somalia,1887-1896,Prime minister and a principal political promoter of Italian colonial expansion in the Horn of Africa; his policy culminated in the war ending at Adwa.,https://www.treccani.it/enciclopedia/francesco-crispi/,,False,verified_manual,125716
1301815,F158,083048,VIA FRANCESCO CRISPI,,VIA FRANCESCO CRISPI,Messina,Sicilia,083048,crispi_francesco,Francesco Crispi,Francesco Crispi,100.0,exact_canonical,francesco crispi,accepted_auto,Francesco Crispi,political_and_administration,Eritrea;Ethiopia;Somalia,1887-1896,Prime minister and a principal political promoter of Italian colonial expansion in the Horn of Africa; his policy culminated in the war ending at Adwa.,https://www.treccani.it/enciclopedia/francesco-crispi/,,False,verified_manual,125716
1303534,F158,083048,VIA ORAZIO ANTINORI,,VIA ORAZIO ANTINORI,Messina,Sicilia,083048,antinori_orazio,Orazio Antinori,Orazio Antinori,100.0,exact_canonical,orazio antinori,accepted_auto,Orazio Antinori,exploration_geography,Ethiopia;Eritrea,1870s-1882,Explorer and naturalist whose Ethiopian expeditions and diplomatic role helped establish early Italian political influence in Shoa.,https://www.treccani.it/enciclopedia/orazio-antinori_%28Enciclopedia-Italiana%29/,,False,verified_manual,125716
1303138,F158,083048,VIA VITTORIO BOTTEGO,,VIA VITTORIO BOTTEGO,Messina,Sicilia,083048,bottego_vittorio,Vittorio Bottego,Vittorio Bottego,100.0,exact_canonical,vittorio bottego,accepted_auto,Vittorio Bottego,exploration_geography,Somalia;Ethiopia;Eritrea,1887-1897,Army officer and explorer whose expeditions in the Horn of Africa were closely connected with Italian territorial ambitions in Somalia and Ethiopia.,https://www.treccani.it/enciclopedia/vittorio-bottego_%28Dizionario-Biografico%29/,,False,verified_manual,125716
583459,F184,082047,VIA DUCA DEGLI ABRUZZI,,VIA DUCA DEGLI ABRUZZI,Mezzojuso,Sicilia,082047,savoiaaosta_luigiamedeo,Luigi Amedeo di Savoia-Aosta,Duca degli Abruzzi,100.0,exact_alias,duca degli abruzzi,accepted_auto,Luigi Amedeo di Savoia-Aosta;Duca degli Abruzzi,economic_and_colonization,Somalia,1919-1933,"Prince, explorer and founder of the large agricultural settlement and company at Villaggio Duca degli Abruzzi in Italian Somalia.",https://www.treccani.it/enciclopedia/savoia-aosta-luigi-amedeo-giuseppe-maria-ferdinando-francesco-di-duca-degli-abruzzi_%28Dizionario-Biografico%29/,,False,verified_manual,125716
583475,F184,082047,VIA FRANCESCO CRISPI,,VIA FRANCESCO CRISPI,Mezzojuso,Sicilia,082047,crispi_francesco,Francesco Crispi,Francesco Crispi,100.0,exact_canonical,francesco crispi,accepted_auto,Francesco Crispi,political_and_administration,Eritrea;Ethiopia;Somalia,1887-1896,Prime minister and a principal political promoter of Italian colonial expansion in the Horn of Africa; his policy culminated in the war ending at Adwa.,https://www.treccani.it/enciclopedia/francesco-crispi/,,False,verified_manual,125716
583505,F184,082047,VIA MAGGIORE TOSELLI,,VIA MAGGIORE TOSELLI,Mezzojuso,Sicilia,082047,toselli_pietro,Pietro Toselli,Toselli,100.0,exact_surname,maggiore toselli,needs_review,Pietro Toselli;Toselli;Maggiore Toselli,military,Eritrea;Ethiopia,1890s,Italian officer in the colonial campaigns in the Horn of Africa; killed at Amba Alagi in 1895.,https://www.tandfonline.com/doi/full/10.1080/1369801X.2023.2222710,,True,verified,125716
1032222,F206,083049,VIA FRANCESCO CRISPI,,VIA FRANCESCO CRISPI,Milazzo,Sicilia,083049,crispi_francesco,Francesco Crispi,Francesco Crispi,100.0,exact_canonical,francesco crispi,accepted_auto,Francesco Crispi,political_and_administration,Eritrea;Ethiopia;Somalia,1887-1896,Prime minister and a principal political promoter of Italian colonial expansion in the Horn of Africa; his policy culminated in the war ending at Adwa.,https://www.treccani.it/enciclopedia/francesco-crispi/,,False,verified_manual,125716
779935,F209,087025,VIA DUCA DEGLI ABRUZZI,,VIA DUCA DEGLI ABRUZZI,Militello in Val di Catania,Sicilia,087025,savoiaaosta_luigiamedeo,Luigi Amedeo di Savoia-Aosta,Duca degli Abruzzi,100.0,exact_alias,duca degli abruzzi,accepted_auto,Luigi Amedeo di Savoia-Aosta;Duca degli Abruzzi,economic_and_colonization,Somalia,1919-1933,"Prince, explorer and founder of the large agricultural settlement and company at Villaggio Duca degli Abruzzi in Italian Somalia.",https://www.treccani.it/enciclopedia/savoia-aosta-luigi-amedeo-giuseppe-maria-ferdinando-francesco-di-duca-degli-abruzzi_%28Dizionario-Biografico%29/,,False,verified_manual,125716
1188598,F214,087026,VIA FRANCESCO CRISPI,,VIA FRANCESCO CRISPI,Milo,Sicilia,087026,crispi_francesco,Francesco Crispi,Francesco Crispi,100.0,exact_canonical,francesco crispi,accepted_auto,Francesco Crispi,political_and_administration,Eritrea;Ethiopia;Somalia,1887-1896,Prime minister and a principal political promoter of Italian colonial expansion in the Horn of Africa; his policy culminated in the war ending at Adwa.,https://www.treccani.it/enciclopedia/francesco-crispi/,,False,verified_manual,125716
1040926,F217,087027,VIALE FRANCESCO CRISPI,,VIALE FRANCESCO CRISPI,Mineo,Sicilia,087027,crispi_francesco,Francesco Crispi,Francesco Crispi,100.0,exact_canonical,francesco crispi,accepted_auto,Francesco Crispi,political_and_administration,Eritrea;Ethiopia;Somalia,1887-1896,Prime minister and a principal political promoter of Italian colonial expansion in the Horn of Africa; his policy culminated in the war ending at Adwa.,https://www.treccani.it/enciclopedia/francesco-crispi/,,False,verified_manual,125716
1238648,F231,087028,VIA FRANCESCO CRISPI,,VIA FRANCESCO CRISPI,Mirabella Imbaccari,Sicilia,087028,crispi_francesco,Francesco Crispi,Francesco Crispi,100.0,exact_canonical,francesco crispi,accepted_auto,Francesco Crispi,political_and_administration,Eritrea;Ethiopia;Somalia,1887-1896,Prime minister and a principal political promoter of Italian colonial expansion in the Horn of Africa; his policy culminated in the war ending at Adwa.,https://www.treccani.it/enciclopedia/francesco-crispi/,,False,verified_manual,125716
1176726,F246,082048,VIA FRANCESCO CRISPI,,VIA FRANCESCO CRISPI,Misilmeri,Sicilia,082048,crispi_francesco,Francesco Crispi,Francesco Crispi,100.0,exact_canonical,francesco crispi,accepted_auto,Francesco Crispi,political_and_administration,Eritrea;Ethiopia;Somalia,1887-1896,Prime minister and a principal political promoter of Italian colonial expansion in the Horn of Africa; his policy culminated in the war ending at Adwa.,https://www.treccani.it/enciclopedia/francesco-crispi/,,False,verified_manual,125716
1093684,F250,087029,VIA GALLIANO,,VIA GALLIANO,Misterbianco,Sicilia,087029,galliano_giuseppe,Giuseppe Galliano,Galliano,100.0,exact_surname,galliano,needs_review,Giuseppe Galliano;Galliano,military,Eritrea;Ethiopia,1880s-1890s,Italian officer active in the colonial campaigns in Eritrea and Ethiopia.,https://www.lastampa.it/torino/2023/03/22/news/nomi_vie_piazze_colonialismo-12713667/,,True,verified,125716
741083,F251,083052,VIA GALLIANO,,VIA GALLIANO,Mistretta,Sicilia,083052,galliano_giuseppe,Giuseppe Galliano,Galliano,100.0,exact_surname,galliano,needs_review,Giuseppe Galliano;Galliano,military,Eritrea;Ethiopia,1880s-1890s,Italian officer active in the colonial campaigns in Eritrea and Ethiopia.,https://www.lastampa.it/torino/2023/03/22/news/nomi_vie_piazze_colonialismo-12713667/,,True,verified,125716
235643,F258,088006,CORSO FRANCESCO CRISPI,,CORSO FRANCESCO CRISPI,Modica,Sicilia,088006,crispi_francesco,Francesco Crispi,Francesco Crispi,100.0,exact_canonical,francesco crispi,accepted_auto,Francesco Crispi,political_and_administration,Eritrea;Ethiopia;Somalia,1887-1896,Prime minister and a principal political promoter of Italian colonial expansion in the Horn of Africa; his policy culminated in the war ending at Adwa.,https://www.treccani.it/enciclopedia/francesco-crispi/,,False,verified_manual,125716
1224813,F299,084028,VIA FRANCESCO CRISPI,,VIA FRANCESCO CRISPI,Porto Empedocle,Sicilia,084028,crispi_francesco,Francesco Crispi,Francesco Crispi,100.0,exact_canonical,francesco crispi,accepted_auto,Francesco Crispi,political_and_administration,Eritrea;Ethiopia;Somalia,1887-1896,Prime minister and a principal political promoter of Italian colonial expansion in the Horn of Africa; his policy culminated in the war ending at Adwa.,https://www.treccani.it/enciclopedia/francesco-crispi/,,False,verified_manual,125716
775077,F359,083054,VIA DUCA DEGLI ABRUZZI,,VIA DUCA DEGLI ABRUZZI,Monforte San Giorgio,Sicilia,083054,savoiaaosta_luigiamedeo,Luigi Amedeo di Savoia-Aosta,Duca degli Abruzzi,100.0,exact_alias,duca degli abruzzi,accepted_auto,Luigi Amedeo di Savoia-Aosta;Duca degli Abruzzi,economic_and_colonization,Somalia,1919-1933,"Prince, explorer and founder of the large agricultural settlement and company at Villaggio Duca degli Abruzzi in Italian Somalia.",https://www.treccani.it/enciclopedia/savoia-aosta-luigi-amedeo-giuseppe-maria-ferdinando-francesco-di-duca-degli-abruzzi_%28Dizionario-Biografico%29/,,False,verified_manual,125716
1020778,F368,083055,VIA FRANCESCO CRISPI,,VIA FRANCESCO CRISPI,Mongiuffi Melia,Sicilia,083055,crispi_francesco,Francesco Crispi,Francesco Crispi,100.0,exact_canonical,francesco crispi,accepted_auto,Francesco Crispi,political_and_administration,Eritrea;Ethiopia;Somalia,1887-1896,Prime minister and a principal political promoter of Italian colonial expansion in the Horn of Africa; his policy culminated in the war ending at Adwa.,https://www.treccani.it/enciclopedia/francesco-crispi/,,False,verified_manual,125716
952341,F377,082049,VIA DUCA DEGLI ABRUZZI,,VIA DUCA DEGLI ABRUZZI,Monreale,Sicilia,082049,savoiaaosta_luigiamedeo,Luigi Amedeo di Savoia-Aosta,Duca degli Abruzzi,100.0,exact_alias,duca degli abruzzi,accepted_auto,Luigi Amedeo di Savoia-Aosta;Duca degli Abruzzi,economic_and_colonization,Somalia,1919-1933,"Prince, explorer and founder of the large agricultural settlement and company at Villaggio Duca degli Abruzzi in Italian Somalia.",https://www.treccani.it/enciclopedia/savoia-aosta-luigi-amedeo-giuseppe-maria-ferdinando-francesco-di-duca-degli-abruzzi_%28Dizionario-Biografico%29/,,False,verified_manual,125716
1114236,F400,083057,VIA DUCA DEGLI ABRUZZI,,VIA DUCA DEGLI ABRUZZI,Montalbano Elicona,Sicilia,083057,savoiaaosta_luigiamedeo,Luigi Amedeo di Savoia-Aosta,Duca degli Abruzzi,100.0,exact_alias,duca degli abruzzi,accepted_auto,Luigi Amedeo di Savoia-Aosta;Duca degli Abruzzi,economic_and_colonization,Somalia,1919-1933,"Prince, explorer and founder of the large agricultural settlement and company at Villaggio Duca degli Abruzzi in Italian Somalia.",https://www.treccani.it/enciclopedia/savoia-aosta-luigi-amedeo-giuseppe-maria-ferdinando-francesco-di-duca-degli-abruzzi_%28Dizionario-Biografico%29/,,False,verified_manual,125716
1114253,F400,083057,VIA FRANCESCO CRISPI,,VIA FRANCESCO CRISPI,Montalbano Elicona,Sicilia,083057,crispi_francesco,Francesco Crispi,Francesco Crispi,100.0,exact_canonical,francesco crispi,accepted_auto,Francesco Crispi,political_and_administration,Eritrea;Ethiopia;Somalia,1887-1896,Prime minister and a principal political promoter of Italian colonial expansion in the Horn of Africa; his policy culminated in the war ending at Adwa.,https://www.treccani.it/enciclopedia/francesco-crispi/,,False,verified_manual,125716
262651,F414,084024,PIAZZA FRANCESCO CRISPI,,PIAZZA FRANCESCO CRISPI,Montallegro,Sicilia,084024,crispi_francesco,Francesco Crispi,Francesco Crispi,100.0,exact_canonical,francesco crispi,accepted_auto,Francesco Crispi,political_and_administration,Eritrea;Ethiopia;Somalia,1887-1896,Prime minister and a principal political promoter of Italian colonial expansion in the Horn of Africa; his policy culminated in the war ending at Adwa.,https://www.treccani.it/enciclopedia/francesco-crispi/,,False,verified_manual,125716
334332,F489,085011,SALITA FRANCESCO CRISPI,,SALITA FRANCESCO CRISPI,Montedoro,Sicilia,085011,crispi_francesco,Francesco Crispi,Francesco Crispi,100.0,exact_canonical,francesco crispi,accepted_auto,Francesco Crispi,political_and_administration,Eritrea;Ethiopia;Somalia,1887-1896,Prime minister and a principal political promoter of Italian colonial expansion in the Horn of Africa; his policy culminated in the war ending at Adwa.,https://www.treccani.it/enciclopedia/francesco-crispi/,,False,verified_manual,125716
612879,F553,082051,PIAZZA FRANCESCO CRISPI,,PIAZZA FRANCESCO CRISPI,Montemaggiore Belsito,Sicilia,082051,crispi_francesco,Francesco Crispi,Francesco Crispi,100.0,exact_canonical,francesco crispi,accepted_auto,Francesco Crispi,political_and_administration,Eritrea;Ethiopia;Somalia,1887-1896,Prime minister and a principal political promoter of Italian colonial expansion in the Horn of Africa; his policy culminated in the war ending at Adwa.,https://www.treccani.it/enciclopedia/francesco-crispi/,,False,verified_manual,125716
1038514,F781,087030,PIAZZA DUCA DEGLI ABRUZZI,,PIAZZA DUCA DEGLI ABRUZZI,Motta Sant'Anastasia,Sicilia,087030,savoiaaosta_luigiamedeo,Luigi Amedeo di Savoia-Aosta,Duca degli Abruzzi,100.0,exact_alias,duca degli abruzzi,accepted_auto,Luigi Amedeo di Savoia-Aosta;Duca degli Abruzzi,economic_and_colonization,Somalia,1919-1933,"Prince, explorer and founder of the large agricultural settlement and company at Villaggio Duca degli Abruzzi in Italian Somalia.",https://www.treccani.it/enciclopedia/savoia-aosta-luigi-amedeo-giuseppe-maria-ferdinando-francesco-di-duca-degli-abruzzi_%28Dizionario-Biografico%29/,,False,verified_manual,125716
1038534,F781,087030,VIA FRANCESCO CRISPI,,VIA FRANCESCO CRISPI,Motta Sant'Anastasia,Sicilia,087030,crispi_francesco,Francesco Crispi,Francesco Crispi,100.0,exact_canonical,francesco crispi,accepted_auto,Francesco Crispi,political_and_administration,Eritrea;Ethiopia;Somalia,1887-1896,Prime minister and a principal political promoter of Italian colonial expansion in the Horn of Africa; his policy culminated in the war ending at Adwa.,https://www.treccani.it/enciclopedia/francesco-crispi/,,False,verified_manual,125716
1038539,F781,087030,VIA GALLIANO,,VIA GALLIANO,Motta Sant'Anastasia,Sicilia,087030,galliano_giuseppe,Giuseppe Galliano,Galliano,100.0,exact_surname,galliano,needs_review,Giuseppe Galliano;Galliano,military,Eritrea;Ethiopia,1880s-1890s,Italian officer active in the colonial campaigns in Eritrea and Ethiopia.,https://www.lastampa.it/torino/2023/03/22/news/nomi_vie_piazze_colonialismo-12713667/,,True,verified,125716
1038605,F781,087030,VIA PIETRO TOSELLI,,VIA PIETRO TOSELLI,Motta Sant'Anastasia,Sicilia,087030,toselli_pietro,Pietro Toselli,Pietro Toselli,100.0,exact_canonical,pietro toselli,accepted_auto,Pietro Toselli;Toselli;Maggiore Toselli,military,Eritrea;Ethiopia,1890s,Italian officer in the colonial campaigns in the Horn of Africa; killed at Amba Alagi in 1895.,https://www.tandfonline.com/doi/full/10.1080/1369801X.2023.2222710,,True,verified,125716
859765,F830,085012,VIA FRANCESCO CRISPI,,VIA FRANCESCO CRISPI,Mussomeli,Sicilia,085012,crispi_francesco,Francesco Crispi,Francesco Crispi,100.0,exact_canonical,francesco crispi,accepted_auto,Francesco Crispi,political_and_administration,Eritrea;Ethiopia;Somalia,1887-1896,Prime minister and a principal political promoter of Italian colonial expansion in the Horn of Africa; his policy culminated in the war ending at Adwa.,https://www.treccani.it/enciclopedia/francesco-crispi/,,False,verified_manual,125716
958029,F845,084026,PIAZZA FRANCESCO CRISPI,,PIAZZA FRANCESCO CRISPI,Naro,Sicilia,084026,crispi_francesco,Francesco Crispi,Francesco Crispi,100.0,exact_canonical,francesco crispi,accepted_auto,Francesco Crispi,political_and_administration,Eritrea;Ethiopia;Somalia,1887-1896,Prime minister and a principal political promoter of Italian colonial expansion in the Horn of Africa; his policy culminated in the war ending at Adwa.,https://www.treccani.it/enciclopedia/francesco-crispi/,,False,verified_manual,125716
1094318,F848,083060,VIA GIUSEPPE GALLIANO,,VIA GIUSEPPE GALLIANO,Naso,Sicilia,083060,galliano_giuseppe,Giuseppe Galliano,Giuseppe Galliano,100.0,exact_canonical,giuseppe galliano,accepted_auto,Giuseppe Galliano;Galliano,military,Eritrea;Ethiopia,1880s-1890s,Italian officer active in the colonial campaigns in Eritrea and Ethiopia.,https://www.lastampa.it/torino/2023/03/22/news/nomi_vie_piazze_colonialismo-12713667/,,True,verified,125716
1069694,F892,086012,VIA DUCA DEGLI ABRUZZI,,VIA DUCA DEGLI ABRUZZI,Nicosia,Sicilia,086012,savoiaaosta_luigiamedeo,Luigi Amedeo di Savoia-Aosta,Duca degli Abruzzi,100.0,exact_alias,duca degli abruzzi,accepted_auto,Luigi Amedeo di Savoia-Aosta;Duca degli Abruzzi,economic_and_colonization,Somalia,1919-1933,"Prince, explorer and founder of the large agricultural settlement and company at Villaggio Duca degli Abruzzi in Italian Somalia.",https://www.treccani.it/enciclopedia/savoia-aosta-luigi-amedeo-giuseppe-maria-ferdinando-francesco-di-duca-degli-abruzzi_%28Dizionario-Biografico%29/,,False,verified_manual,125716
1069589,F892,086012,VICOLO BALBO,,VICOLO BALBO,Nicosia,Sicilia,086012,balbo_italo,Italo Balbo,Balbo,100.0,exact_surname,balbo,needs_review,Italo Balbo;Balbo,political_and_administration,Libya,1934-1940,Governor-General of Italian Libya from 1934 to 1940.,https://www.treccani.it/enciclopedia/italo-balbo/,,True,verified,125716
842687,F899,085013,VIA FRANCESCO CRISPI,,VIA FRANCESCO CRISPI,Niscemi,Sicilia,085013,crispi_francesco,Francesco Crispi,Francesco Crispi,100.0,exact_canonical,francesco crispi,accepted_auto,Francesco Crispi,political_and_administration,Eritrea;Ethiopia;Somalia,1887-1896,Prime minister and a principal political promoter of Italian colonial expansion in the Horn of Africa; his policy culminated in the war ending at Adwa.,https://www.treccani.it/enciclopedia/francesco-crispi/,,False,verified_manual,125716
1004577,F901,083061,VIA GIUSEPPE GALLIANO,,VIA GIUSEPPE GALLIANO,Nizza di Sicilia,Sicilia,083061,galliano_giuseppe,Giuseppe Galliano,Giuseppe Galliano,100.0,exact_canonical,giuseppe galliano,accepted_auto,Giuseppe Galliano;Galliano,military,Eritrea;Ethiopia,1880s-1890s,Italian officer active in the colonial campaigns in Eritrea and Ethiopia.,https://www.lastampa.it/torino/2023/03/22/news/nomi_vie_piazze_colonialismo-12713667/,,True,verified,125716
697708,F943,089013,PIAZZA FRANCESCO CRISPI,,PIAZZA FRANCESCO CRISPI,Noto,Sicilia,089013,crispi_francesco,Francesco Crispi,Francesco Crispi,100.0,exact_canonical,francesco crispi,accepted_auto,Francesco Crispi,political_and_administration,Eritrea;Ethiopia;Somalia,1887-1896,Prime minister and a principal political promoter of Italian colonial expansion in the Horn of Africa; his policy culminated in the war ending at Adwa.,https://www.treccani.it/enciclopedia/francesco-crispi/,,False,verified_manual,125716
1074242,F951,083062,PIAZZA FRANCESCO CRISPI,,PIAZZA FRANCESCO CRISPI,Novara di Sicilia,Sicilia,083062,crispi_francesco,Francesco Crispi,Francesco Crispi,100.0,exact_canonical,francesco crispi,accepted_auto,Francesco Crispi,political_and_administration,Eritrea;Ethiopia;Somalia,1887-1896,Prime minister and a principal political promoter of Italian colonial expansion in the Horn of Africa; his policy culminated in the war ending at Adwa.,https://www.treccani.it/enciclopedia/francesco-crispi/,,False,verified_manual,125716
1054017,G036,083063,VIA FRANCESCO CRISPI,,VIA FRANCESCO CRISPI,Oliveri,Sicilia,083063,crispi_francesco,Francesco Crispi,Francesco Crispi,100.0,exact_canonical,francesco crispi,accepted_auto,Francesco Crispi,political_and_administration,Eritrea;Ethiopia;Somalia,1887-1896,Prime minister and a principal political promoter of Italian colonial expansion in the Horn of Africa; his policy culminated in the war ending at Adwa.,https://www.treccani.it/enciclopedia/francesco-crispi/,,False,verified_manual,125716
512618,G208,081013,VIA FRANCESCO CRISPI,,VIA FRANCESCO CRISPI,Paceco,Sicilia,081013,crispi_francesco,Francesco Crispi,Francesco Crispi,100.0,exact_canonical,francesco crispi,accepted_auto,Francesco Crispi,political_and_administration,Eritrea;Ethiopia;Somalia,1887-1896,Prime minister and a principal political promoter of Italian colonial expansion in the Horn of Africa; his policy culminated in the war ending at Adwa.,https://www.treccani.it/enciclopedia/francesco-crispi/,,False,verified_manual,125716
512673,G208,081013,VIA MAGGIORE PIETRO TOSELLI,,VIA MAGGIORE PIETRO TOSELLI,Paceco,Sicilia,081013,toselli_pietro,Pietro Toselli,Pietro Toselli,100.0,exact_canonical,maggiore pietro toselli,accepted_auto,Pietro Toselli;Toselli;Maggiore Toselli,military,Eritrea;Ethiopia,1890s,Italian officer in the colonial campaigns in the Horn of Africa; killed at Amba Alagi in 1895.,https://www.tandfonline.com/doi/full/10.1080/1369801X.2023.2222710,,True,verified,125716
1228221,G253,087032,VIA DUCA DEGLI ABRUZZI,,VIA DUCA DEGLI ABRUZZI,Palagonia,Sicilia,087032,savoiaaosta_luigiamedeo,Luigi Amedeo di Savoia-Aosta,Duca degli Abruzzi,100.0,exact_alias,duca degli abruzzi,accepted_auto,Luigi Amedeo di Savoia-Aosta;Duca degli Abruzzi,economic_and_colonization,Somalia,1919-1933,"Prince, explorer and founder of the large agricultural settlement and company at Villaggio Duca degli Abruzzi in Italian Somalia.",https://www.treccani.it/enciclopedia/savoia-aosta-luigi-amedeo-giuseppe-maria-ferdinando-francesco-di-duca-degli-abruzzi_%28Dizionario-Biografico%29/,,False,verified_manual,125716
1228242,G253,087032,VIA FRANCESCO CRISPI,,VIA FRANCESCO CRISPI,Palagonia,Sicilia,087032,crispi_francesco,Francesco Crispi,Francesco Crispi,100.0,exact_canonical,francesco crispi,accepted_auto,Francesco Crispi,political_and_administration,Eritrea;Ethiopia;Somalia,1887-1896,Prime minister and a principal political promoter of Italian colonial expansion in the Horn of Africa; his policy culminated in the war ending at Adwa.,https://www.treccani.it/enciclopedia/francesco-crispi/,,False,verified_manual,125716
1228121,G253,087032,VIA PIETRO ANTONELLI,,VIA PIETRO ANTONELLI,Palagonia,Sicilia,087032,antonelli_pietro,Pietro Antonelli,Pietro Antonelli,100.0,exact_canonical,pietro antonelli,accepted_auto,Pietro Antonelli;Conte Pietro Antonelli,political_and_administration,Ethiopia;Eritrea,1880s-1890s,"Explorer-diplomat central to Italian policy toward Menelik and negotiator of the Treaty of Wuchale, used by Italy to claim a protectorate over Ethiopia.",https://www.treccani.it/enciclopedia/conte-pietro-antonelli_%28Enciclopedia-Italiana%29/,,False,verified_manual,125716
593641,G263,082052,VIA FRANCESCO CRISPI,,VIA FRANCESCO CRISPI,Palazzo Adriano,Sicilia,082052,crispi_francesco,Francesco Crispi,Francesco Crispi,100.0,exact_canonical,francesco crispi,accepted_auto,Francesco Crispi,political_and_administration,Eritrea;Ethiopia;Somalia,1887-1896,Prime minister and a principal political promoter of Italian colonial expansion in the Horn of Africa; his policy culminated in the war ending at Adwa.,https://www.treccani.it/enciclopedia/francesco-crispi/,,False,verified_manual,125716
573870,G273,082053,PIAZZA DEL BONO,,PIAZZA DEL BONO,Palermo,Sicilia,082053,debono_emilio,Emilio De Bono,De Bono,93.33333333333333,fuzzy_full_or_alias,del bono,needs_review,Emilio De Bono;De Bono;Emilio De Bòno,military_political_administration,Libya;Eritrea;Ethiopia,1925-1935,"Governor of Tripolitania, minister of the Colonies, and commander in the first phase of the war against Ethiopia.",https://www.treccani.it/enciclopedia/emilio-de-bono/,,True,verified,125716
574546,G273,082053,PIAZZA FRANCESCO CRISPI,,PIAZZA FRANCESCO CRISPI,Palermo,Sicilia,082053,crispi_francesco,Francesco Crispi,Francesco Crispi,100.0,exact_canonical,francesco crispi,accepted_auto,Francesco Crispi,political_and_administration,Eritrea;Ethiopia;Somalia,1887-1896,Prime minister and a principal political promoter of Italian colonial expansion in the Horn of Africa; his policy culminated in the war ending at Adwa.,https://www.treccani.it/enciclopedia/francesco-crispi/,,False,verified_manual,125716
577226,G273,082053,PIAZZA VITTORIO BOTTEGO,,PIAZZA VITTORIO BOTTEGO,Palermo,Sicilia,082053,bottego_vittorio,Vittorio Bottego,Vittorio Bottego,100.0,exact_canonical,vittorio bottego,accepted_auto,Vittorio Bottego,exploration_geography,Somalia;Ethiopia;Eritrea,1887-1897,Army officer and explorer whose expeditions in the Horn of Africa were closely connected with Italian territorial ambitions in Somalia and Ethiopia.,https://www.treccani.it/enciclopedia/vittorio-bottego_%28Dizionario-Biografico%29/,,False,verified_manual,125716
573869,G273,082053,VIA DEL BONO,,VIA DEL BONO,Palermo,Sicilia,082053,debono_emilio,Emilio De Bono,De Bono,93.33333333333333,fuzzy_full_or_alias,del bono,needs_review,Emilio De Bono;De Bono;Emilio De Bòno,military_political_administration,Libya;Eritrea;Ethiopia,1925-1935,"Governor of Tripolitania, minister of the Colonies, and commander in the first phase of the war against Ethiopia.",https://www.treccani.it/enciclopedia/emilio-de-bono/,,True,verified,125716
574547,G273,082053,VIA FRANCESCO CRISPI,,VIA FRANCESCO CRISPI,Palermo,Sicilia,082053,crispi_francesco,Francesco Crispi,Francesco Crispi,100.0,exact_canonical,francesco crispi,accepted_auto,Francesco Crispi,political_and_administration,Eritrea;Ethiopia;Somalia,1887-1896,Prime minister and a principal political promoter of Italian colonial expansion in the Horn of Africa; his policy culminated in the war ending at Adwa.,https://www.treccani.it/enciclopedia/francesco-crispi/,,False,verified_manual,125716
574721,G273,082053,VIA GENERALE ANTONIO BALDISSERA,,VIA GENERALE ANTONIO BALDISSERA,Palermo,Sicilia,082053,baldissera_antonio,Antonio Baldissera,Antonio Baldissera,100.0,exact_canonical,generale antonio baldissera,accepted_auto,Antonio Baldissera;Baldissera,military_and_administration,Eritrea;Ethiopia,1880s-1890s,General associated with the occupation and military administration of Eritrea.,https://www.tandfonline.com/doi/full/10.1080/1369801X.2023.2222710,,True,verified,125716
574734,G273,082053,VIA GENERALE GIOVANNI AMEGLIO,,VIA GENERALE GIOVANNI AMEGLIO,Palermo,Sicilia,082053,ameglio_giovanni,Giovanni Ameglio,Giovanni Ameglio,100.0,exact_canonical,generale giovanni ameglio,accepted_auto,Giovanni Ameglio,military_and_administration,Eritrea;Libya,1890s-1918,Officer in the first Italo-Ethiopian conflict and a leading commander in the conquest of Libya; later governor of Cyrenaica and Tripolitania.,https://www.treccani.it/enciclopedia/giovanni-ameglio_%28Dizionario-Biografico%29/,,False,verified_manual,125716
574744,G273,082053,VIA GENERALE VINCENZO MAGLIOCCO,,VIA GENERALE VINCENZO MAGLIOCCO,Palermo,Sicilia,082053,magliocco_vincenzo,Vincenzo Magliocco,Vincenzo Magliocco,100.0,exact_canonical,generale vincenzo magliocco,accepted_auto,Vincenzo Magliocco;Magliocco,military,Ethiopia,1935-1936,Italian air-force general active in Ethiopia; commemorated by a street in Milan documented by the colonial-odonymy project.,https://museonazionaleresistenza.it/story/la-storia-raccontata-attraverso-le-vie-della-citta/,,True,verified,125716
575483,G273,082053,VIA MAGGIORE GIUSEPPE GALLIANO,,VIA MAGGIORE GIUSEPPE GALLIANO,Palermo,Sicilia,082053,galliano_giuseppe,Giuseppe Galliano,Giuseppe Galliano,100.0,exact_canonical,maggiore giuseppe galliano,accepted_auto,Giuseppe Galliano;Galliano,military,Eritrea;Ethiopia,1880s-1890s,Italian officer active in the colonial campaigns in Eritrea and Ethiopia.,https://www.lastampa.it/torino/2023/03/22/news/nomi_vie_piazze_colonialismo-12713667/,,True,verified,125716
575485,G273,082053,VIA MAGGIORE PIETRO TOSELLI,,VIA MAGGIORE PIETRO TOSELLI,Palermo,Sicilia,082053,toselli_pietro,Pietro Toselli,Pietro Toselli,100.0,exact_canonical,maggiore pietro toselli,accepted_auto,Pietro Toselli;Toselli;Maggiore Toselli,military,Eritrea;Ethiopia,1890s,Italian officer in the colonial campaigns in the Horn of Africa; killed at Amba Alagi in 1895.,https://www.tandfonline.com/doi/full/10.1080/1369801X.2023.2222710,,True,verified,125716
575920,G273,082053,VIA ORAZIO ANTINORI,,VIA ORAZIO ANTINORI,Palermo,Sicilia,082053,antinori_orazio,Orazio Antinori,Orazio Antinori,100.0,exact_canonical,orazio antinori,accepted_auto,Orazio Antinori,exploration_geography,Ethiopia;Eritrea,1870s-1882,Explorer and naturalist whose Ethiopian expeditions and diplomatic role helped establish early Italian political influence in Shoa.,https://www.treccani.it/enciclopedia/orazio-antinori_%28Enciclopedia-Italiana%29/,,False,verified_manual,125716
574263,G273,082053,VIALE DUCA DEGLI ABRUZZI,,VIALE DUCA DEGLI ABRUZZI,Palermo,Sicilia,082053,savoiaaosta_luigiamedeo,Luigi Amedeo di Savoia-Aosta,Duca degli Abruzzi,100.0,exact_alias,duca degli abruzzi,accepted_auto,Luigi Amedeo di Savoia-Aosta;Duca degli Abruzzi,economic_and_colonization,Somalia,1919-1933,"Prince, explorer and founder of the large agricultural settlement and company at Villaggio Duca degli Abruzzi in Italian Somalia.",https://www.treccani.it/enciclopedia/savoia-aosta-luigi-amedeo-giuseppe-maria-ferdinando-francesco-di-duca-degli-abruzzi_%28Dizionario-Biografico%29/,,False,verified_manual,125716
949254,G282,084027,LARGO PIETRO TOSELLI,,LARGO PIETRO TOSELLI,Palma di Montechiaro,Sicilia,084027,toselli_pietro,Pietro Toselli,Pietro Toselli,100.0,exact_canonical,pietro toselli,accepted_auto,Pietro Toselli;Toselli;Maggiore Toselli,military,Eritrea;Ethiopia,1890s,Italian officer in the colonial campaigns in the Horn of Africa; killed at Amba Alagi in 1895.,https://www.tandfonline.com/doi/full/10.1080/1369801X.2023.2222710,,True,verified,125716
948893,G282,084027,VIA FRANCESCO CRISPI,,VIA FRANCESCO CRISPI,Palma di Montechiaro,Sicilia,084027,crispi_francesco,Francesco Crispi,Francesco Crispi,100.0,exact_canonical,francesco crispi,accepted_auto,Francesco Crispi,political_and_administration,Eritrea;Ethiopia;Somalia,1887-1896,Prime minister and a principal political promoter of Italian colonial expansion in the Horn of Africa; his policy culminated in the war ending at Adwa.,https://www.treccani.it/enciclopedia/francesco-crispi/,,False,verified_manual,125716
948711,G282,084027,VIA VITTORIO BOTTEGO,,VIA VITTORIO BOTTEGO,Palma di Montechiaro,Sicilia,084027,bottego_vittorio,Vittorio Bottego,Vittorio Bottego,100.0,exact_canonical,vittorio bottego,accepted_auto,Vittorio Bottego,exploration_geography,Somalia;Ethiopia;Eritrea,1887-1897,Army officer and explorer whose expeditions in the Horn of Africa were closely connected with Italian territorial ambitions in Somalia and Ethiopia.,https://www.treccani.it/enciclopedia/vittorio-bottego_%28Dizionario-Biografico%29/,,False,verified_manual,125716
1232476,G315,081014,VIA FRANCESCO CRISPI,,VIA FRANCESCO CRISPI,Pantelleria,Sicilia,081014,crispi_francesco,Francesco Crispi,Francesco Crispi,100.0,exact_canonical,francesco crispi,accepted_auto,Francesco Crispi,political_and_administration,Eritrea;Ethiopia;Somalia,1887-1896,Prime minister and a principal political promoter of Italian colonial expansion in the Horn of Africa; his policy culminated in the war ending at Adwa.,https://www.treccani.it/enciclopedia/francesco-crispi/,,False,verified_manual,125716
1237209,G347,081015,VIA FRANCESCO CRISPI,,VIA FRANCESCO CRISPI,Partanna,Sicilia,081015,crispi_francesco,Francesco Crispi,Francesco Crispi,100.0,exact_canonical,francesco crispi,accepted_auto,Francesco Crispi,political_and_administration,Eritrea;Ethiopia;Somalia,1887-1896,Prime minister and a principal political promoter of Italian colonial expansion in the Horn of Africa; his policy culminated in the war ending at Adwa.,https://www.treccani.it/enciclopedia/francesco-crispi/,,False,verified_manual,125716
717529,G348,082054,VIA FRANCESCO CRISPI,,VIA FRANCESCO CRISPI,Partinico,Sicilia,082054,crispi_francesco,Francesco Crispi,Francesco Crispi,100.0,exact_canonical,francesco crispi,accepted_auto,Francesco Crispi,political_and_administration,Eritrea;Ethiopia;Somalia,1887-1896,Prime minister and a principal political promoter of Italian colonial expansion in the Horn of Africa; his policy culminated in the war ending at Adwa.,https://www.treccani.it/enciclopedia/francesco-crispi/,,False,verified_manual,125716
1134938,G371,087033,VIA DUCA DEGLI ABRUZZI,,VIA DUCA DEGLI ABRUZZI,Paternò,Sicilia,087033,savoiaaosta_luigiamedeo,Luigi Amedeo di Savoia-Aosta,Duca degli Abruzzi,100.0,exact_alias,duca degli abruzzi,accepted_auto,Luigi Amedeo di Savoia-Aosta;Duca degli Abruzzi,economic_and_colonization,Somalia,1919-1933,"Prince, explorer and founder of the large agricultural settlement and company at Villaggio Duca degli Abruzzi in Italian Somalia.",https://www.treccani.it/enciclopedia/savoia-aosta-luigi-amedeo-giuseppe-maria-ferdinando-francesco-di-duca-degli-abruzzi_%28Dizionario-Biografico%29/,,False,verified_manual,125716
1134967,G371,087033,VIA FRANCESCO CRISPI,,VIA FRANCESCO CRISPI,Paternò,Sicilia,087033,crispi_francesco,Francesco Crispi,Francesco Crispi,100.0,exact_canonical,francesco crispi,accepted_auto,Francesco Crispi,political_and_administration,Eritrea;Ethiopia;Somalia,1887-1896,Prime minister and a principal political promoter of Italian colonial expansion in the Horn of Africa; his policy culminated in the war ending at Adwa.,https://www.treccani.it/enciclopedia/francesco-crispi/,,False,verified_manual,125716
1135083,G371,087033,VIA MAGGIORE PIETRO TOSELLI,,VIA MAGGIORE PIETRO TOSELLI,Paternò,Sicilia,087033,toselli_pietro,Pietro Toselli,Pietro Toselli,100.0,exact_canonical,maggiore pietro toselli,accepted_auto,Pietro Toselli;Toselli;Maggiore Toselli,military,Eritrea;Ethiopia,1890s,Italian officer in the colonial campaigns in the Horn of Africa; killed at Amba Alagi in 1895.,https://www.tandfonline.com/doi/full/10.1080/1369801X.2023.2222710,,True,verified,125716
1082597,G377,083066,SALITA TOSELLI,,SALITA TOSELLI,Patti,Sicilia,083066,toselli_pietro,Pietro Toselli,Toselli,100.0,exact_surname,toselli,needs_review,Pietro Toselli;Toselli;Maggiore Toselli,military,Eritrea;Ethiopia,1890s,Italian officer in the colonial campaigns in the Horn of Africa; killed at Amba Alagi in 1895.,https://www.tandfonline.com/doi/full/10.1080/1369801X.2023.2222710,,True,verified,125716
1082356,G377,083066,VIA FRANCESCO CRISPI,,VIA FRANCESCO CRISPI,Patti,Sicilia,083066,crispi_francesco,Francesco Crispi,Francesco Crispi,100.0,exact_canonical,francesco crispi,accepted_auto,Francesco Crispi,political_and_administration,Eritrea;Ethiopia;Somalia,1887-1896,Prime minister and a principal political promoter of Italian colonial expansion in the Horn of Africa; his policy culminated in the war ending at Adwa.,https://www.treccani.it/enciclopedia/francesco-crispi/,,False,verified_manual,125716
852897,G510,082055,VIA FRANCESCO CRISPI,,VIA FRANCESCO CRISPI,Petralia Soprana,Sicilia,082055,crispi_francesco,Francesco Crispi,Francesco Crispi,100.0,exact_canonical,francesco crispi,accepted_auto,Francesco Crispi,political_and_administration,Eritrea;Ethiopia;Somalia,1887-1896,Prime minister and a principal political promoter of Italian colonial expansion in the Horn of Africa; his policy culminated in the war ending at Adwa.,https://www.treccani.it/enciclopedia/francesco-crispi/,,False,verified_manual,125716
533384,G511,082056,VIA BALBO,,VIA BALBO,Petralia Sottana,Sicilia,082056,balbo_italo,Italo Balbo,Balbo,100.0,exact_surname,balbo,needs_review,Italo Balbo;Balbo,political_and_administration,Libya,1934-1940,Governor-General of Italian Libya from 1934 to 1940.,https://www.treccani.it/enciclopedia/italo-balbo/,,True,verified,125716
533436,G511,082056,VIA GALLIANO,,VIA GALLIANO,Petralia Sottana,Sicilia,082056,galliano_giuseppe,Giuseppe Galliano,Galliano,100.0,exact_surname,galliano,needs_review,Giuseppe Galliano;Galliano,military,Eritrea;Ethiopia,1880s-1890s,Italian officer active in the colonial campaigns in Eritrea and Ethiopia.,https://www.lastampa.it/torino/2023/03/22/news/nomi_vie_piazze_colonialismo-12713667/,,True,verified,125716
533526,G511,082056,VIA TOSELLI,,VIA TOSELLI,Petralia Sottana,Sicilia,082056,toselli_pietro,Pietro Toselli,Toselli,100.0,exact_surname,toselli,needs_review,Pietro Toselli;Toselli;Maggiore Toselli,military,Eritrea;Ethiopia,1890s,Italian officer in the colonial campaigns in the Horn of Africa; killed at Amba Alagi in 1895.,https://www.tandfonline.com/doi/full/10.1080/1369801X.2023.2222710,,True,verified,125716
654758,G543,082057,VIA FRANCESCO CRISPI,,VIA FRANCESCO CRISPI,Piana degli Albanesi,Sicilia,082057,crispi_francesco,Francesco Crispi,Francesco Crispi,100.0,exact_canonical,francesco crispi,accepted_auto,Francesco Crispi,political_and_administration,Eritrea;Ethiopia;Somalia,1887-1896,Prime minister and a principal political promoter of Italian colonial expansion in the Horn of Africa; his policy culminated in the war ending at Adwa.,https://www.treccani.it/enciclopedia/francesco-crispi/,,False,verified_manual,125716
327025,G580,086014,VIA FRANCESCO CRISPI,,VIA FRANCESCO CRISPI,Piazza Armerina,Sicilia,086014,crispi_francesco,Francesco Crispi,Francesco Crispi,100.0,exact_canonical,francesco crispi,accepted_auto,Francesco Crispi,political_and_administration,Eritrea;Ethiopia;Somalia,1887-1896,Prime minister and a principal political promoter of Italian colonial expansion in the Horn of Africa; his policy culminated in the war ending at Adwa.,https://www.treccani.it/enciclopedia/francesco-crispi/,,False,verified_manual,125716
327402,G580,086014,VIA TOSELLI,,VIA TOSELLI,Piazza Armerina,Sicilia,086014,toselli_pietro,Pietro Toselli,Toselli,100.0,exact_surname,toselli,needs_review,Pietro Toselli;Toselli;Maggiore Toselli,military,Eritrea;Ethiopia,1890s,Italian officer in the colonial campaigns in the Horn of Africa; killed at Amba Alagi in 1895.,https://www.tandfonline.com/doi/full/10.1080/1369801X.2023.2222710,,True,verified,125716
1242827,G597,087035,VIA FRANCESCO CRISPI,,VIA FRANCESCO CRISPI,Piedimonte Etneo,Sicilia,087035,crispi_francesco,Francesco Crispi,Francesco Crispi,100.0,exact_canonical,francesco crispi,accepted_auto,Francesco Crispi,political_and_administration,Eritrea;Ethiopia;Somalia,1887-1896,Prime minister and a principal political promoter of Italian colonial expansion in the Horn of Africa; his policy culminated in the war ending at Adwa.,https://www.treccani.it/enciclopedia/francesco-crispi/,,False,verified_manual,125716
1068728,G624,086015,VIA FRANCESCO CRISPI,,VIA FRANCESCO CRISPI,Pietraperzia,Sicilia,086015,crispi_francesco,Francesco Crispi,Francesco Crispi,100.0,exact_canonical,francesco crispi,accepted_auto,Francesco Crispi,political_and_administration,Eritrea;Ethiopia;Somalia,1887-1896,Prime minister and a principal political promoter of Italian colonial expansion in the Horn of Africa; his policy culminated in the war ending at Adwa.,https://www.treccani.it/enciclopedia/francesco-crispi/,,False,verified_manual,125716
1068734,G624,086015,VIA GALLIANO,,VIA GALLIANO,Pietraperzia,Sicilia,086015,galliano_giuseppe,Giuseppe Galliano,Galliano,100.0,exact_surname,galliano,needs_review,Giuseppe Galliano;Galliano,military,Eritrea;Ethiopia,1880s-1890s,Italian officer active in the colonial campaigns in Eritrea and Ethiopia.,https://www.lastampa.it/torino/2023/03/22/news/nomi_vie_piazze_colonialismo-12713667/,,True,verified,125716
1068783,G624,086015,VIA MAGGIORE PIETRO TOSELLI,,VIA MAGGIORE PIETRO TOSELLI,Pietraperzia,Sicilia,086015,toselli_pietro,Pietro Toselli,Pietro Toselli,100.0,exact_canonical,maggiore pietro toselli,accepted_auto,Pietro Toselli;Toselli;Maggiore Toselli,military,Eritrea;Ethiopia,1890s,Italian officer in the colonial campaigns in the Horn of Africa; killed at Amba Alagi in 1895.,https://www.tandfonline.com/doi/full/10.1080/1369801X.2023.2222710,,True,verified,125716
1088119,G699,083068,VIA FRANCESCO CRISPI,,VIA FRANCESCO CRISPI,Piraino,Sicilia,083068,crispi_francesco,Francesco Crispi,Francesco Crispi,100.0,exact_canonical,francesco crispi,accepted_auto,Francesco Crispi,political_and_administration,Eritrea;Ethiopia;Somalia,1887-1896,Prime minister and a principal political promoter of Italian colonial expansion in the Horn of Africa; his policy culminated in the war ending at Adwa.,https://www.treccani.it/enciclopedia/francesco-crispi/,,False,verified_manual,125716
696212,G767,081016,VIA FRANCESCO CRISPI,,VIA FRANCESCO CRISPI,Poggioreale,Sicilia,081016,crispi_francesco,Francesco Crispi,Francesco Crispi,100.0,exact_canonical,francesco crispi,accepted_auto,Francesco Crispi,political_and_administration,Eritrea;Ethiopia;Somalia,1887-1896,Prime minister and a principal political promoter of Italian colonial expansion in the Horn of Africa; his policy culminated in the war ending at Adwa.,https://www.treccani.it/enciclopedia/francesco-crispi/,,False,verified_manual,125716
777200,G797,082059,VIA FRANCESCO CRISPI,,VIA FRANCESCO CRISPI,Pollina,Sicilia,082059,crispi_francesco,Francesco Crispi,Francesco Crispi,100.0,exact_canonical,francesco crispi,accepted_auto,Francesco Crispi,political_and_administration,Eritrea;Ethiopia;Somalia,1887-1896,Prime minister and a principal political promoter of Italian colonial expansion in the Horn of Africa; his policy culminated in the war ending at Adwa.,https://www.treccani.it/enciclopedia/francesco-crispi/,,False,verified_manual,125716
440960,G953,088008,VIA FRANCESCO CRISPI,,VIA FRANCESCO CRISPI,Pozzallo,Sicilia,088008,crispi_francesco,Francesco Crispi,Francesco Crispi,100.0,exact_canonical,francesco crispi,accepted_auto,Francesco Crispi,political_and_administration,Eritrea;Ethiopia;Somalia,1887-1896,Prime minister and a principal political promoter of Italian colonial expansion in the Horn of Africa; his policy culminated in the war ending at Adwa.,https://www.treccani.it/enciclopedia/francesco-crispi/,,False,verified_manual,125716
610737,H070,082060,PIAZZA FRANCESCO CRISPI,,PIAZZA FRANCESCO CRISPI,Prizzi,Sicilia,082060,crispi_francesco,Francesco Crispi,Francesco Crispi,100.0,exact_canonical,francesco crispi,accepted_auto,Francesco Crispi,political_and_administration,Eritrea;Ethiopia;Somalia,1887-1896,Prime minister and a principal political promoter of Italian colonial expansion in the Horn of Africa; his policy culminated in the war ending at Adwa.,https://www.treccani.it/enciclopedia/francesco-crispi/,,False,verified_manual,125716
614576,H148,084029,PIAZZA FRANCESCO CRISPI,,PIAZZA FRANCESCO CRISPI,Racalmuto,Sicilia,084029,crispi_francesco,Francesco Crispi,Francesco Crispi,100.0,exact_canonical,francesco crispi,accepted_auto,Francesco Crispi,political_and_administration,Eritrea;Ethiopia;Somalia,1887-1896,Prime minister and a principal political promoter of Italian colonial expansion in the Horn of Africa; his policy culminated in the war ending at Adwa.,https://www.treccani.it/enciclopedia/francesco-crispi/,,False,verified_manual,125716
1194775,H154,087036,VIA FRANCESCO CRISPI,,VIA FRANCESCO CRISPI,Raddusa,Sicilia,087036,crispi_francesco,Francesco Crispi,Francesco Crispi,100.0,exact_canonical,francesco crispi,accepted_auto,Francesco Crispi,political_and_administration,Eritrea;Ethiopia;Somalia,1887-1896,Prime minister and a principal political promoter of Italian colonial expansion in the Horn of Africa; his policy culminated in the war ending at Adwa.,https://www.treccani.it/enciclopedia/francesco-crispi/,,False,verified_manual,125716
362442,H163,088009,PIAZZA DUCA DEGLI ABRUZZI,,PIAZZA DUCA DEGLI ABRUZZI,Ragusa,Sicilia,088009,savoiaaosta_luigiamedeo,Luigi Amedeo di Savoia-Aosta,Duca degli Abruzzi,100.0,exact_alias,duca degli abruzzi,accepted_auto,Luigi Amedeo di Savoia-Aosta;Duca degli Abruzzi,economic_and_colonization,Somalia,1919-1933,"Prince, explorer and founder of the large agricultural settlement and company at Villaggio Duca degli Abruzzi in Italian Somalia.",https://www.treccani.it/enciclopedia/savoia-aosta-luigi-amedeo-giuseppe-maria-ferdinando-francesco-di-duca-degli-abruzzi_%28Dizionario-Biografico%29/,,False,verified_manual,125716
362441,H163,088009,VIA DUCA DEGLI ABRUZZI,,VIA DUCA DEGLI ABRUZZI,Ragusa,Sicilia,088009,savoiaaosta_luigiamedeo,Luigi Amedeo di Savoia-Aosta,Duca degli Abruzzi,100.0,exact_alias,duca degli abruzzi,accepted_auto,Luigi Amedeo di Savoia-Aosta;Duca degli Abruzzi,economic_and_colonization,Somalia,1919-1933,"Prince, explorer and founder of the large agricultural settlement and company at Villaggio Duca degli Abruzzi in Italian Somalia.",https://www.treccani.it/enciclopedia/savoia-aosta-luigi-amedeo-giuseppe-maria-ferdinando-francesco-di-duca-degli-abruzzi_%28Dizionario-Biografico%29/,,False,verified_manual,125716
362535,H163,088009,VIA FRANCESCO CRISPI,,VIA FRANCESCO CRISPI,Ragusa,Sicilia,088009,crispi_francesco,Francesco Crispi,Francesco Crispi,100.0,exact_canonical,francesco crispi,accepted_auto,Francesco Crispi,political_and_administration,Eritrea;Ethiopia;Somalia,1887-1896,Prime minister and a principal political promoter of Italian colonial expansion in the Horn of Africa; his policy culminated in the war ending at Adwa.,https://www.treccani.it/enciclopedia/francesco-crispi/,,False,verified_manual,125716
1193261,H168,087037,VIA DUCA DEGLI ABRUZZI,,VIA DUCA DEGLI ABRUZZI,Ramacca,Sicilia,087037,savoiaaosta_luigiamedeo,Luigi Amedeo di Savoia-Aosta,Duca degli Abruzzi,100.0,exact_alias,duca degli abruzzi,accepted_auto,Luigi Amedeo di Savoia-Aosta;Duca degli Abruzzi,economic_and_colonization,Somalia,1919-1933,"Prince, explorer and founder of the large agricultural settlement and company at Villaggio Duca degli Abruzzi in Italian Somalia.",https://www.treccani.it/enciclopedia/savoia-aosta-luigi-amedeo-giuseppe-maria-ferdinando-francesco-di-duca-degli-abruzzi_%28Dizionario-Biografico%29/,,False,verified_manual,125716
1193274,H168,087037,VIA FRANCESCO CRISPI,,VIA FRANCESCO CRISPI,Ramacca,Sicilia,087037,crispi_francesco,Francesco Crispi,Francesco Crispi,100.0,exact_canonical,francesco crispi,accepted_auto,Francesco Crispi,political_and_administration,Eritrea;Ethiopia;Somalia,1887-1896,Prime minister and a principal political promoter of Italian colonial expansion in the Horn of Africa; his policy culminated in the war ending at Adwa.,https://www.treccani.it/enciclopedia/francesco-crispi/,,False,verified_manual,125716
1228640,H175,087038,VIA DUCA DEGLI ABRUZZI,,VIA DUCA DEGLI ABRUZZI,Randazzo,Sicilia,087038,savoiaaosta_luigiamedeo,Luigi Amedeo di Savoia-Aosta,Duca degli Abruzzi,100.0,exact_alias,duca degli abruzzi,accepted_auto,Luigi Amedeo di Savoia-Aosta;Duca degli Abruzzi,economic_and_colonization,Somalia,1919-1933,"Prince, explorer and founder of the large agricultural settlement and company at Villaggio Duca degli Abruzzi in Italian Somalia.",https://www.treccani.it/enciclopedia/savoia-aosta-luigi-amedeo-giuseppe-maria-ferdinando-francesco-di-duca-degli-abruzzi_%28Dizionario-Biografico%29/,,False,verified_manual,125716
1228668,H175,087038,VIA FRANCESCO CRISPI,,VIA FRANCESCO CRISPI,Randazzo,Sicilia,087038,crispi_francesco,Francesco Crispi,Francesco Crispi,100.0,exact_canonical,francesco crispi,accepted_auto,Francesco Crispi,political_and_administration,Eritrea;Ethiopia;Somalia,1887-1896,Prime minister and a principal political promoter of Italian colonial expansion in the Horn of Africa; his policy culminated in the war ending at Adwa.,https://www.treccani.it/enciclopedia/francesco-crispi/,,False,verified_manual,125716
1228678,H175,087038,VIA GALLIANO,,VIA GALLIANO,Randazzo,Sicilia,087038,galliano_giuseppe,Giuseppe Galliano,Galliano,100.0,exact_surname,galliano,needs_review,Giuseppe Galliano;Galliano,military,Eritrea;Ethiopia,1880s-1890s,Italian officer active in the colonial campaigns in Eritrea and Ethiopia.,https://www.lastampa.it/torino/2023/03/22/news/nomi_vie_piazze_colonialismo-12713667/,,True,verified,125716
866849,H194,084031,PIAZZA FRANCESCO CRISPI,,PIAZZA FRANCESCO CRISPI,Ravanusa,Sicilia,084031,crispi_francesco,Francesco Crispi,Francesco Crispi,100.0,exact_canonical,francesco crispi,accepted_auto,Francesco Crispi,political_and_administration,Eritrea;Ethiopia;Somalia,1887-1896,Prime minister and a principal political promoter of Italian colonial expansion in the Horn of Africa; his policy culminated in the war ending at Adwa.,https://www.treccani.it/enciclopedia/francesco-crispi/,,False,verified_manual,125716
961174,H221,086016,VIA FRANCESCO CRISPI,,VIA FRANCESCO CRISPI,Regalbuto,Sicilia,086016,crispi_francesco,Francesco Crispi,Francesco Crispi,100.0,exact_canonical,francesco crispi,accepted_auto,Francesco Crispi,political_and_administration,Eritrea;Ethiopia;Somalia,1887-1896,Prime minister and a principal political promoter of Italian colonial expansion in the Horn of Africa; his policy culminated in the war ending at Adwa.,https://www.treccani.it/enciclopedia/francesco-crispi/,,False,verified_manual,125716
815766,H269,084033,CORSO FRANCESCO CRISPI,,CORSO FRANCESCO CRISPI,Ribera,Sicilia,084033,crispi_francesco,Francesco Crispi,Francesco Crispi,100.0,exact_canonical,francesco crispi,accepted_auto,Francesco Crispi,political_and_administration,Eritrea;Ethiopia;Somalia,1887-1896,Prime minister and a principal political promoter of Italian colonial expansion in the Horn of Africa; his policy culminated in the war ending at Adwa.,https://www.treccani.it/enciclopedia/francesco-crispi/,,False,verified_manual,125716
937019,H281,085015,VIA DUCA DEGLI ABRUZZI,,VIA DUCA DEGLI ABRUZZI,Riesi,Sicilia,085015,savoiaaosta_luigiamedeo,Luigi Amedeo di Savoia-Aosta,Duca degli Abruzzi,100.0,exact_alias,duca degli abruzzi,accepted_auto,Luigi Amedeo di Savoia-Aosta;Duca degli Abruzzi,economic_and_colonization,Somalia,1919-1933,"Prince, explorer and founder of the large agricultural settlement and company at Villaggio Duca degli Abruzzi in Italian Somalia.",https://www.treccani.it/enciclopedia/savoia-aosta-luigi-amedeo-giuseppe-maria-ferdinando-francesco-di-duca-degli-abruzzi_%28Dizionario-Biografico%29/,,False,verified_manual,125716
937035,H281,085015,VIA FRANCESCO CRISPI,,VIA FRANCESCO CRISPI,Riesi,Sicilia,085015,crispi_francesco,Francesco Crispi,Francesco Crispi,100.0,exact_canonical,francesco crispi,accepted_auto,Francesco Crispi,political_and_administration,Eritrea;Ethiopia;Somalia,1887-1896,Prime minister and a principal political promoter of Italian colonial expansion in the Horn of Africa; his policy culminated in the war ending at Adwa.,https://www.treccani.it/enciclopedia/francesco-crispi/,,False,verified_manual,125716
1243022,H325,087039,VIA DUCA DEGLI ABRUZZI,,VIA DUCA DEGLI ABRUZZI,Riposto,Sicilia,087039,savoiaaosta_luigiamedeo,Luigi Amedeo di Savoia-Aosta,Duca degli Abruzzi,100.0,exact_alias,duca degli abruzzi,accepted_auto,Luigi Amedeo di Savoia-Aosta;Duca degli Abruzzi,economic_and_colonization,Somalia,1919-1933,"Prince, explorer and founder of the large agricultural settlement and company at Villaggio Duca degli Abruzzi in Italian Somalia.",https://www.treccani.it/enciclopedia/savoia-aosta-luigi-amedeo-giuseppe-maria-ferdinando-francesco-di-duca-degli-abruzzi_%28Dizionario-Biografico%29/,,False,verified_manual,125716
1243036,H325,087039,VIA FRANCESCO CRISPI,,VIA FRANCESCO CRISPI,Riposto,Sicilia,087039,crispi_francesco,Francesco Crispi,Francesco Crispi,100.0,exact_canonical,francesco crispi,accepted_auto,Francesco Crispi,political_and_administration,Eritrea;Ethiopia;Somalia,1887-1896,Prime minister and a principal political promoter of Italian colonial expansion in the Horn of Africa; his policy culminated in the war ending at Adwa.,https://www.treccani.it/enciclopedia/francesco-crispi/,,False,verified_manual,125716
1243104,H325,087039,VIA PIETRO TOSELLI,,VIA PIETRO TOSELLI,Riposto,Sicilia,087039,toselli_pietro,Pietro Toselli,Pietro Toselli,100.0,exact_canonical,pietro toselli,accepted_auto,Pietro Toselli;Toselli;Maggiore Toselli,military,Eritrea;Ethiopia,1890s,Italian officer in the colonial campaigns in the Horn of Africa; killed at Amba Alagi in 1895.,https://www.tandfonline.com/doi/full/10.1080/1369801X.2023.2222710,,True,verified,125716
416434,H422,082061,VIA FRANCESCO CRISPI,,VIA FRANCESCO CRISPI,Roccamena,Sicilia,082061,crispi_francesco,Francesco Crispi,Francesco Crispi,100.0,exact_canonical,francesco crispi,accepted_auto,Francesco Crispi,political_and_administration,Eritrea;Ethiopia;Somalia,1887-1896,Prime minister and a principal political promoter of Italian colonial expansion in the Horn of Africa; his policy culminated in the war ending at Adwa.,https://www.treccani.it/enciclopedia/francesco-crispi/,,False,verified_manual,125716
415804,H428,082062,VIA FRANCESCO CRISPI,,VIA FRANCESCO CRISPI,Roccapalumba,Sicilia,082062,crispi_francesco,Francesco Crispi,Francesco Crispi,100.0,exact_canonical,francesco crispi,accepted_auto,Francesco Crispi,political_and_administration,Eritrea;Ethiopia;Somalia,1887-1896,Prime minister and a principal political promoter of Italian colonial expansion in the Horn of Africa; his policy culminated in the war ending at Adwa.,https://www.treccani.it/enciclopedia/francesco-crispi/,,False,verified_manual,125716
978754,H479,083075,VIA FRANCESCO CRISPI,,VIA FRANCESCO CRISPI,Rodì Milici,Sicilia,083075,crispi_francesco,Francesco Crispi,Francesco Crispi,100.0,exact_canonical,francesco crispi,accepted_auto,Francesco Crispi,political_and_administration,Eritrea;Ethiopia;Somalia,1887-1896,Prime minister and a principal political promoter of Italian colonial expansion in the Horn of Africa; his policy culminated in the war ending at Adwa.,https://www.treccani.it/enciclopedia/francesco-crispi/,,False,verified_manual,125716
843602,H574,089016,VIA FRANCESCO CRISPI,,VIA FRANCESCO CRISPI,Rosolini,Sicilia,089016,crispi_francesco,Francesco Crispi,Francesco Crispi,100.0,exact_canonical,francesco crispi,accepted_auto,Francesco Crispi,political_and_administration,Eritrea;Ethiopia;Somalia,1887-1896,Prime minister and a principal political promoter of Italian colonial expansion in the Horn of Africa; his policy culminated in the war ending at Adwa.,https://www.treccani.it/enciclopedia/francesco-crispi/,,False,verified_manual,125716
599824,H688,081017,VIALE FRANCESCO CRISPI,,VIALE FRANCESCO CRISPI,Salaparuta,Sicilia,081017,crispi_francesco,Francesco Crispi,Francesco Crispi,100.0,exact_canonical,francesco crispi,accepted_auto,Francesco Crispi,political_and_administration,Eritrea;Ethiopia;Somalia,1887-1896,Prime minister and a principal political promoter of Italian colonial expansion in the Horn of Africa; his policy culminated in the war ending at Adwa.,https://www.treccani.it/enciclopedia/francesco-crispi/,,False,verified_manual,125716
309173,H700,081018,VIA DUCA DEGLI ABRUZZI,,VIA DUCA DEGLI ABRUZZI,Salemi,Sicilia,081018,savoiaaosta_luigiamedeo,Luigi Amedeo di Savoia-Aosta,Duca degli Abruzzi,100.0,exact_alias,duca degli abruzzi,accepted_auto,Luigi Amedeo di Savoia-Aosta;Duca degli Abruzzi,economic_and_colonization,Somalia,1919-1933,"Prince, explorer and founder of the large agricultural settlement and company at Villaggio Duca degli Abruzzi in Italian Somalia.",https://www.treccani.it/enciclopedia/savoia-aosta-luigi-amedeo-giuseppe-maria-ferdinando-francesco-di-duca-degli-abruzzi_%28Dizionario-Biografico%29/,,False,verified_manual,125716
309212,H700,081018,VIA FRANCESCO CRISPI,,VIA FRANCESCO CRISPI,Salemi,Sicilia,081018,crispi_francesco,Francesco Crispi,Francesco Crispi,100.0,exact_canonical,francesco crispi,accepted_auto,Francesco Crispi,political_and_administration,Eritrea;Ethiopia;Somalia,1887-1896,Prime minister and a principal political promoter of Italian colonial expansion in the Horn of Africa; his policy culminated in the war ending at Adwa.,https://www.treccani.it/enciclopedia/francesco-crispi/,,False,verified_manual,125716
997842,H743,084034,VIA FRANCESCO CRISPI,,VIA FRANCESCO CRISPI,Sambuca di Sicilia,Sicilia,084034,crispi_francesco,Francesco Crispi,Francesco Crispi,100.0,exact_canonical,francesco crispi,accepted_auto,Francesco Crispi,political_and_administration,Eritrea;Ethiopia;Somalia,1887-1896,Prime minister and a principal political promoter of Italian colonial expansion in the Horn of Africa; his policy culminated in the war ending at Adwa.,https://www.treccani.it/enciclopedia/francesco-crispi/,,False,verified_manual,125716
378525,H778,084035,VIA DUCA DEGLI ABRUZZI,,VIA DUCA DEGLI ABRUZZI,San Biagio Platani,Sicilia,084035,savoiaaosta_luigiamedeo,Luigi Amedeo di Savoia-Aosta,Duca degli Abruzzi,100.0,exact_alias,duca degli abruzzi,accepted_auto,Luigi Amedeo di Savoia-Aosta;Duca degli Abruzzi,economic_and_colonization,Somalia,1919-1933,"Prince, explorer and founder of the large agricultural settlement and company at Villaggio Duca degli Abruzzi in Italian Somalia.",https://www.treccani.it/enciclopedia/savoia-aosta-luigi-amedeo-giuseppe-maria-ferdinando-francesco-di-duca-degli-abruzzi_%28Dizionario-Biografico%29/,,False,verified_manual,125716
378540,H778,084035,VIA FRANCESCO CRISPI,,VIA FRANCESCO CRISPI,San Biagio Platani,Sicilia,084035,crispi_francesco,Francesco Crispi,Francesco Crispi,100.0,exact_canonical,francesco crispi,accepted_auto,Francesco Crispi,political_and_administration,Eritrea;Ethiopia;Somalia,1887-1896,Prime minister and a principal political promoter of Italian colonial expansion in the Horn of Africa; his policy culminated in the war ending at Adwa.,https://www.treccani.it/enciclopedia/francesco-crispi/,,False,verified_manual,125716
630622,H792,085016,PIAZZA FRANCESCO CRISPI,,PIAZZA FRANCESCO CRISPI,San Cataldo,Sicilia,085016,crispi_francesco,Francesco Crispi,Francesco Crispi,100.0,exact_canonical,francesco crispi,accepted_auto,Francesco Crispi,political_and_administration,Eritrea;Ethiopia;Somalia,1887-1896,Prime minister and a principal political promoter of Italian colonial expansion in the Horn of Africa; his policy culminated in the war ending at Adwa.,https://www.treccani.it/enciclopedia/francesco-crispi/,,False,verified_manual,125716
788027,H805,087040,VIA FRANCESCO CRISPI,,VIA FRANCESCO CRISPI,San Cono,Sicilia,087040,crispi_francesco,Francesco Crispi,Francesco Crispi,100.0,exact_canonical,francesco crispi,accepted_auto,Francesco Crispi,political_and_administration,Eritrea;Ethiopia;Somalia,1887-1896,Prime minister and a principal political promoter of Italian colonial expansion in the Horn of Africa; his policy culminated in the war ending at Adwa.,https://www.treccani.it/enciclopedia/francesco-crispi/,,False,verified_manual,125716
991295,H842,083077,VIA FRANCESCO CRISPI,,VIA FRANCESCO CRISPI,San Filippo del Mela,Sicilia,083077,crispi_francesco,Francesco Crispi,Francesco Crispi,100.0,exact_canonical,francesco crispi,accepted_auto,Francesco Crispi,political_and_administration,Eritrea;Ethiopia;Somalia,1887-1896,Prime minister and a principal political promoter of Italian colonial expansion in the Horn of Africa; his policy culminated in the war ending at Adwa.,https://www.treccani.it/enciclopedia/francesco-crispi/,,False,verified_manual,125716
828854,H850,083078,VIA FRANCESCO CRISPI,,VIA FRANCESCO CRISPI,San Fratello,Sicilia,083078,crispi_francesco,Francesco Crispi,Francesco Crispi,100.0,exact_canonical,francesco crispi,accepted_auto,Francesco Crispi,political_and_administration,Eritrea;Ethiopia;Somalia,1887-1896,Prime minister and a principal political promoter of Italian colonial expansion in the Horn of Africa; his policy culminated in the war ending at Adwa.,https://www.treccani.it/enciclopedia/francesco-crispi/,,False,verified_manual,125716
944264,H914,084036,CORSO FRANCESCO CRISPI,,CORSO FRANCESCO CRISPI,San Giovanni Gemini,Sicilia,084036,crispi_francesco,Francesco Crispi,Francesco Crispi,100.0,exact_canonical,francesco crispi,accepted_auto,Francesco Crispi,political_and_administration,Eritrea;Ethiopia;Somalia,1887-1896,Prime minister and a principal political promoter of Italian colonial expansion in the Horn of Africa; his policy culminated in the war ending at Adwa.,https://www.treccani.it/enciclopedia/francesco-crispi/,,False,verified_manual,125716
944189,H914,084036,PIAZZA GIOVANNI AMEGLIO,,PIAZZA GIOVANNI AMEGLIO,San Giovanni Gemini,Sicilia,084036,ameglio_giovanni,Giovanni Ameglio,Giovanni Ameglio,100.0,exact_canonical,giovanni ameglio,accepted_auto,Giovanni Ameglio,military_and_administration,Eritrea;Libya,1890s-1918,Officer in the first Italo-Ethiopian conflict and a leading commander in the conquest of Libya; later governor of Cyrenaica and Tripolitania.,https://www.treccani.it/enciclopedia/giovanni-ameglio_%28Dizionario-Biografico%29/,,False,verified_manual,125716
944190,H914,084036,VIA GIOVANNI AMEGLIO,,VIA GIOVANNI AMEGLIO,San Giovanni Gemini,Sicilia,084036,ameglio_giovanni,Giovanni Ameglio,Giovanni Ameglio,100.0,exact_canonical,giovanni ameglio,accepted_auto,Giovanni Ameglio,military_and_administration,Eritrea;Libya,1890s-1918,Officer in the first Italo-Ethiopian conflict and a leading commander in the conquest of Libya; later governor of Cyrenaica and Tripolitania.,https://www.treccani.it/enciclopedia/giovanni-ameglio_%28Dizionario-Biografico%29/,,False,verified_manual,125716
825475,H922,087041,VIA DUCA DEGLI ABRUZZI,,VIA DUCA DEGLI ABRUZZI,San Giovanni la Punta,Sicilia,087041,savoiaaosta_luigiamedeo,Luigi Amedeo di Savoia-Aosta,Duca degli Abruzzi,100.0,exact_alias,duca degli abruzzi,accepted_auto,Luigi Amedeo di Savoia-Aosta;Duca degli Abruzzi,economic_and_colonization,Somalia,1919-1933,"Prince, explorer and founder of the large agricultural settlement and company at Villaggio Duca degli Abruzzi in Italian Somalia.",https://www.treccani.it/enciclopedia/savoia-aosta-luigi-amedeo-giuseppe-maria-ferdinando-francesco-di-duca-degli-abruzzi_%28Dizionario-Biografico%29/,,False,verified_manual,125716
605136,H933,082064,VIA DUCA DEGLI ABRUZZI,,VIA DUCA DEGLI ABRUZZI,San Giuseppe Jato,Sicilia,082064,savoiaaosta_luigiamedeo,Luigi Amedeo di Savoia-Aosta,Duca degli Abruzzi,100.0,exact_alias,duca degli abruzzi,accepted_auto,Luigi Amedeo di Savoia-Aosta;Duca degli Abruzzi,economic_and_colonization,Somalia,1919-1933,"Prince, explorer and founder of the large agricultural settlement and company at Villaggio Duca degli Abruzzi in Italian Somalia.",https://www.treccani.it/enciclopedia/savoia-aosta-luigi-amedeo-giuseppe-maria-ferdinando-francesco-di-duca-degli-abruzzi_%28Dizionario-Biografico%29/,,False,verified_manual,125716
605145,H933,082064,VIA FRANCESCO CRISPI,,VIA FRANCESCO CRISPI,San Giuseppe Jato,Sicilia,082064,crispi_francesco,Francesco Crispi,Francesco Crispi,100.0,exact_canonical,francesco crispi,accepted_auto,Francesco Crispi,political_and_administration,Eritrea;Ethiopia;Somalia,1887-1896,Prime minister and a principal political promoter of Italian colonial expansion in the Horn of Africa; his policy culminated in the war ending at Adwa.,https://www.treccani.it/enciclopedia/francesco-crispi/,,False,verified_manual,125716
585960,I028,082065,VIA BALBO,,VIA BALBO,San Mauro Castelverde,Sicilia,082065,balbo_italo,Italo Balbo,Balbo,100.0,exact_surname,balbo,needs_review,Italo Balbo;Balbo,political_and_administration,Libya,1934-1940,Governor-General of Italian Libya from 1934 to 1940.,https://www.treccani.it/enciclopedia/italo-balbo/,,True,verified,125716
585999,I028,082065,VIA GALLIANO,,VIA GALLIANO,San Mauro Castelverde,Sicilia,082065,galliano_giuseppe,Giuseppe Galliano,Galliano,100.0,exact_surname,galliano,needs_review,Giuseppe Galliano;Galliano,military,Eritrea;Ethiopia,1880s-1890s,Italian officer active in the colonial campaigns in Eritrea and Ethiopia.,https://www.lastampa.it/torino/2023/03/22/news/nomi_vie_piazze_colonialismo-12713667/,,True,verified,125716
586122,I028,082065,VIA TOSELLI,,VIA TOSELLI,San Mauro Castelverde,Sicilia,082065,toselli_pietro,Pietro Toselli,Toselli,100.0,exact_surname,toselli,needs_review,Pietro Toselli;Toselli;Maggiore Toselli,military,Eritrea;Ethiopia,1890s,Italian officer in the colonial campaigns in the Horn of Africa; killed at Amba Alagi in 1895.,https://www.tandfonline.com/doi/full/10.1080/1369801X.2023.2222710,,True,verified,125716
1080330,I086,083081,VIA FRANCESCO CRISPI,,VIA FRANCESCO CRISPI,San Piero Patti,Sicilia,083081,crispi_francesco,Francesco Crispi,Francesco Crispi,100.0,exact_canonical,francesco crispi,accepted_auto,Francesco Crispi,political_and_administration,Eritrea;Ethiopia;Somalia,1887-1896,Prime minister and a principal political promoter of Italian colonial expansion in the Horn of Africa; his policy culminated in the war ending at Adwa.,https://www.treccani.it/enciclopedia/francesco-crispi/,,False,verified_manual,125716
311377,I169,085017,VIA FRANCESCO CRISPI,,VIA FRANCESCO CRISPI,Santa Caterina Villarmosa,Sicilia,085017,crispi_francesco,Francesco Crispi,Francesco Crispi,100.0,exact_canonical,francesco crispi,accepted_auto,Francesco Crispi,political_and_administration,Eritrea;Ethiopia;Somalia,1887-1896,Prime minister and a principal political promoter of Italian colonial expansion in the Horn of Africa; his policy culminated in the war ending at Adwa.,https://www.treccani.it/enciclopedia/francesco-crispi/,,False,verified_manual,125716
1265934,I174,082066,VIA FRANCESCO CRISPI,,VIA FRANCESCO CRISPI,Santa Cristina Gela,Sicilia,082066,crispi_francesco,Francesco Crispi,Francesco Crispi,100.0,exact_canonical,francesco crispi,accepted_auto,Francesco Crispi,political_and_administration,Eritrea;Ethiopia;Somalia,1887-1896,Prime minister and a principal political promoter of Italian colonial expansion in the Horn of Africa; his policy culminated in the war ending at Adwa.,https://www.treccani.it/enciclopedia/francesco-crispi/,,False,verified_manual,125716
228553,I178,088010,VIA DUCA DEGLI ABRUZZI,,VIA DUCA DEGLI ABRUZZI,Santa Croce Camerina,Sicilia,088010,savoiaaosta_luigiamedeo,Luigi Amedeo di Savoia-Aosta,Duca degli Abruzzi,100.0,exact_alias,duca degli abruzzi,accepted_auto,Luigi Amedeo di Savoia-Aosta;Duca degli Abruzzi,economic_and_colonization,Somalia,1919-1933,"Prince, explorer and founder of the large agricultural settlement and company at Villaggio Duca degli Abruzzi in Italian Somalia.",https://www.treccani.it/enciclopedia/savoia-aosta-luigi-amedeo-giuseppe-maria-ferdinando-francesco-di-duca-degli-abruzzi_%28Dizionario-Biografico%29/,,False,verified_manual,125716
228448,I178,088010,VIA FRANCESCO CRISPI,,VIA FRANCESCO CRISPI,Santa Croce Camerina,Sicilia,088010,crispi_francesco,Francesco Crispi,Francesco Crispi,100.0,exact_canonical,francesco crispi,accepted_auto,Francesco Crispi,political_and_administration,Eritrea;Ethiopia;Somalia,1887-1896,Prime minister and a principal political promoter of Italian colonial expansion in the Horn of Africa; his policy culminated in the war ending at Adwa.,https://www.treccani.it/enciclopedia/francesco-crispi/,,False,verified_manual,125716
1217992,I185,084037,VIA FRANCESCO CRISPI,,VIA FRANCESCO CRISPI,Santa Elisabetta,Sicilia,084037,crispi_francesco,Francesco Crispi,Francesco Crispi,100.0,exact_canonical,francesco crispi,accepted_auto,Francesco Crispi,political_and_administration,Eritrea;Ethiopia;Somalia,1887-1896,Prime minister and a principal political promoter of Italian colonial expansion in the Horn of Africa; his policy culminated in the war ending at Adwa.,https://www.treccani.it/enciclopedia/francesco-crispi/,,False,verified_manual,125716
786990,I188,082067,VIA FRANCESCO CRISPI,,VIA FRANCESCO CRISPI,Santa Flavia,Sicilia,082067,crispi_francesco,Francesco Crispi,Francesco Crispi,100.0,exact_canonical,francesco crispi,accepted_auto,Francesco Crispi,political_and_administration,Eritrea;Ethiopia;Somalia,1887-1896,Prime minister and a principal political promoter of Italian colonial expansion in the Horn of Africa; his policy culminated in the war ending at Adwa.,https://www.treccani.it/enciclopedia/francesco-crispi/,,False,verified_manual,125716
1124230,I199,083084,PIAZZA FRANCESCO CRISPI,,PIAZZA FRANCESCO CRISPI,Sant'Agata di Militello,Sicilia,083084,crispi_francesco,Francesco Crispi,Francesco Crispi,100.0,exact_canonical,francesco crispi,accepted_auto,Francesco Crispi,political_and_administration,Eritrea;Ethiopia;Somalia,1887-1896,Prime minister and a principal political promoter of Italian colonial expansion in the Horn of Africa; his policy culminated in the war ending at Adwa.,https://www.treccani.it/enciclopedia/francesco-crispi/,,False,verified_manual,125716
1124235,I199,083084,VIA GIUSEPPE GALLIANO,,VIA GIUSEPPE GALLIANO,Sant'Agata di Militello,Sicilia,083084,galliano_giuseppe,Giuseppe Galliano,Giuseppe Galliano,100.0,exact_canonical,giuseppe galliano,accepted_auto,Giuseppe Galliano;Galliano,military,Eritrea;Ethiopia,1880s-1890s,Italian officer active in the colonial campaigns in Eritrea and Ethiopia.,https://www.lastampa.it/torino/2023/03/22/news/nomi_vie_piazze_colonialismo-12713667/,,True,verified,125716
1124312,I199,083084,VIA PIETRO TOSELLI,,VIA PIETRO TOSELLI,Sant'Agata di Militello,Sicilia,083084,toselli_pietro,Pietro Toselli,Pietro Toselli,100.0,exact_canonical,pietro toselli,accepted_auto,Pietro Toselli;Toselli;Maggiore Toselli,military,Eritrea;Ethiopia,1890s,Italian officer in the colonial campaigns in the Horn of Africa; killed at Amba Alagi in 1895.,https://www.tandfonline.com/doi/full/10.1080/1369801X.2023.2222710,,True,verified,125716
1124376,I199,083084,VIA VITTORIO BOTTEGO,,VIA VITTORIO BOTTEGO,Sant'Agata di Militello,Sicilia,083084,bottego_vittorio,Vittorio Bottego,Vittorio Bottego,100.0,exact_canonical,vittorio bottego,accepted_auto,Vittorio Bottego,exploration_geography,Somalia;Ethiopia;Eritrea,1887-1897,Army officer and explorer whose expeditions in the Horn of Africa were closely connected with Italian territorial ambitions in Somalia and Ethiopia.,https://www.treccani.it/enciclopedia/vittorio-bottego_%28Dizionario-Biografico%29/,,False,verified_manual,125716
996720,I215,083085,VIA FRANCESCO CRISPI,,VIA FRANCESCO CRISPI,Sant'Alessio Siculo,Sicilia,083085,crispi_francesco,Francesco Crispi,Francesco Crispi,100.0,exact_canonical,francesco crispi,accepted_auto,Francesco Crispi,political_and_administration,Eritrea;Ethiopia;Somalia,1887-1896,Prime minister and a principal political promoter of Italian colonial expansion in the Horn of Africa; his policy culminated in the war ending at Adwa.,https://www.treccani.it/enciclopedia/francesco-crispi/,,False,verified_manual,125716
621671,I216,087046,VIA FRANCESCO CRISPI,,VIA FRANCESCO CRISPI,Sant'Alfio,Sicilia,087046,crispi_francesco,Francesco Crispi,Francesco Crispi,100.0,exact_canonical,francesco crispi,accepted_auto,Francesco Crispi,political_and_administration,Eritrea;Ethiopia;Somalia,1887-1896,Prime minister and a principal political promoter of Italian colonial expansion in the Horn of Africa; his policy culminated in the war ending at Adwa.,https://www.treccani.it/enciclopedia/francesco-crispi/,,False,verified_manual,125716
1148283,I220,083086,PIAZZA FRANCESCO CRISPI,,PIAZZA FRANCESCO CRISPI,Santa Lucia del Mela,Sicilia,083086,crispi_francesco,Francesco Crispi,Francesco Crispi,100.0,exact_canonical,francesco crispi,accepted_auto,Francesco Crispi,political_and_administration,Eritrea;Ethiopia;Somalia,1887-1896,Prime minister and a principal political promoter of Italian colonial expansion in the Horn of Africa; his policy culminated in the war ending at Adwa.,https://www.treccani.it/enciclopedia/francesco-crispi/,,False,verified_manual,125716
1148282,I220,083086,VIA FRANCESCO CRISPI,,VIA FRANCESCO CRISPI,Santa Lucia del Mela,Sicilia,083086,crispi_francesco,Francesco Crispi,Francesco Crispi,100.0,exact_canonical,francesco crispi,accepted_auto,Francesco Crispi,political_and_administration,Eritrea;Ethiopia;Somalia,1887-1896,Prime minister and a principal political promoter of Italian colonial expansion in the Horn of Africa; his policy culminated in the war ending at Adwa.,https://www.treccani.it/enciclopedia/francesco-crispi/,,False,verified_manual,125716
1161265,I224,084038,VIA ANTONINO LOCATELLI,,VIA ANTONINO LOCATELLI,Santa Margherita di Belice,Sicilia,084038,locatelli_antonio,Antonio Locatelli,Antonio Locatelli,97.14285714285714,fuzzy_full_or_alias,antonino locatelli,needs_review,Antonio Locatelli;Locatelli,military,Ethiopia,1935-1936,"Aviator and volunteer in the war against Ethiopia, later commemorated in Italian public space.",https://www.tandfonline.com/doi/full/10.1080/1369801X.2023.2222710,,False,verified,125716
1161281,I224,084038,VIA FRANCESCO CRISPI,,VIA FRANCESCO CRISPI,Santa Margherita di Belice,Sicilia,084038,crispi_francesco,Francesco Crispi,Francesco Crispi,100.0,exact_canonical,francesco crispi,accepted_auto,Francesco Crispi,political_and_administration,Eritrea;Ethiopia;Somalia,1887-1896,Prime minister and a principal political promoter of Italian colonial expansion in the Horn of Africa; his policy culminated in the war ending at Adwa.,https://www.treccani.it/enciclopedia/francesco-crispi/,,False,verified_manual,125716
1161141,I224,084038,VIA GENERALE MAGLIOCCO,,VIA GENERALE MAGLIOCCO,Santa Margherita di Belice,Sicilia,084038,magliocco_vincenzo,Vincenzo Magliocco,Magliocco,100.0,exact_surname,generale magliocco,needs_review,Vincenzo Magliocco;Magliocco,military,Ethiopia,1935-1936,Italian air-force general active in Ethiopia; commemorated by a street in Milan documented by the colonial-odonymy project.,https://museonazionaleresistenza.it/story/la-storia-raccontata-attraverso-le-vie-della-citta/,,True,verified,125716
1161183,I224,084038,VIA MAGGIORE TOSELLI,,VIA MAGGIORE TOSELLI,Santa Margherita di Belice,Sicilia,084038,toselli_pietro,Pietro Toselli,Toselli,100.0,exact_surname,maggiore toselli,needs_review,Pietro Toselli;Toselli;Maggiore Toselli,military,Eritrea;Ethiopia,1890s,Italian officer in the colonial campaigns in the Horn of Africa; killed at Amba Alagi in 1895.,https://www.tandfonline.com/doi/full/10.1080/1369801X.2023.2222710,,True,verified,125716
1161233,I224,084038,VIA TOSELLI,,VIA TOSELLI,Santa Margherita di Belice,Sicilia,084038,toselli_pietro,Pietro Toselli,Toselli,100.0,exact_surname,toselli,needs_review,Pietro Toselli;Toselli;Maggiore Toselli,military,Eritrea;Ethiopia,1890s,Italian officer in the colonial campaigns in the Horn of Africa; killed at Amba Alagi in 1895.,https://www.tandfonline.com/doi/full/10.1080/1369801X.2023.2222710,,True,verified,125716
1243312,I240,087047,VIA FRANCESCO CRISPI,,VIA FRANCESCO CRISPI,Santa Maria di Licodia,Sicilia,087047,crispi_francesco,Francesco Crispi,Francesco Crispi,100.0,exact_canonical,francesco crispi,accepted_auto,Francesco Crispi,political_and_administration,Eritrea;Ethiopia;Somalia,1887-1896,Prime minister and a principal political promoter of Italian colonial expansion in the Horn of Africa; his policy culminated in the war ending at Adwa.,https://www.treccani.it/enciclopedia/francesco-crispi/,,False,verified_manual,125716
990149,I254,083087,VIA FRANCESCO CRISPI,,VIA FRANCESCO CRISPI,Santa Marina Salina,Sicilia,083087,crispi_francesco,Francesco Crispi,Francesco Crispi,100.0,exact_canonical,francesco crispi,accepted_auto,Francesco Crispi,political_and_administration,Eritrea;Ethiopia;Somalia,1887-1896,Prime minister and a principal political promoter of Italian colonial expansion in the Horn of Africa; his policy culminated in the war ending at Adwa.,https://www.treccani.it/enciclopedia/francesco-crispi/,,False,verified_manual,125716
970977,I290,084039,VIA FRANCESCO CRISPI,,VIA FRANCESCO CRISPI,Sant'Angelo Muxaro,Sicilia,084039,crispi_francesco,Francesco Crispi,Francesco Crispi,100.0,exact_canonical,francesco crispi,accepted_auto,Francesco Crispi,political_and_administration,Eritrea;Ethiopia;Somalia,1887-1896,Prime minister and a principal political promoter of Italian colonial expansion in the Horn of Africa; his policy culminated in the war ending at Adwa.,https://www.treccani.it/enciclopedia/francesco-crispi/,,False,verified_manual,125716
1237468,I291,081019,VIA FRANCESCO CRISPI,,VIA FRANCESCO CRISPI,Santa Ninfa,Sicilia,081019,crispi_francesco,Francesco Crispi,Francesco Crispi,100.0,exact_canonical,francesco crispi,accepted_auto,Francesco Crispi,political_and_administration,Eritrea;Ethiopia;Somalia,1887-1896,Prime minister and a principal political promoter of Italian colonial expansion in the Horn of Africa; his policy culminated in the war ending at Adwa.,https://www.treccani.it/enciclopedia/francesco-crispi/,,False,verified_manual,125716
1108883,I311,083089,VIA FRANCESCO CRISPI,,VIA FRANCESCO CRISPI,Santa Teresa di Riva,Sicilia,083089,crispi_francesco,Francesco Crispi,Francesco Crispi,100.0,exact_canonical,francesco crispi,accepted_auto,Francesco Crispi,political_and_administration,Eritrea;Ethiopia;Somalia,1887-1896,Prime minister and a principal political promoter of Italian colonial expansion in the Horn of Africa; his policy culminated in the war ending at Adwa.,https://www.treccani.it/enciclopedia/francesco-crispi/,,False,verified_manual,125716
796585,I314,087048,VIA FRANCESCO CRISPI,,VIA FRANCESCO CRISPI,Santa Venerina,Sicilia,087048,crispi_francesco,Francesco Crispi,Francesco Crispi,100.0,exact_canonical,francesco crispi,accepted_auto,Francesco Crispi,political_and_administration,Eritrea;Ethiopia;Somalia,1887-1896,Prime minister and a principal political promoter of Italian colonial expansion in the Horn of Africa; his policy culminated in the war ending at Adwa.,https://www.treccani.it/enciclopedia/francesco-crispi/,,False,verified_manual,125716
796589,I314,087048,VIA GALLIANO,,VIA GALLIANO,Santa Venerina,Sicilia,087048,galliano_giuseppe,Giuseppe Galliano,Galliano,100.0,exact_surname,galliano,needs_review,Giuseppe Galliano;Galliano,military,Eritrea;Ethiopia,1880s-1890s,Italian officer active in the colonial campaigns in Eritrea and Ethiopia.,https://www.lastampa.it/torino/2023/03/22/news/nomi_vie_piazze_colonialismo-12713667/,,True,verified,125716
796660,I314,087048,VIA TOSELLI,,VIA TOSELLI,Santa Venerina,Sicilia,087048,toselli_pietro,Pietro Toselli,Toselli,100.0,exact_surname,toselli,needs_review,Pietro Toselli;Toselli;Maggiore Toselli,military,Eritrea;Ethiopia,1890s,Italian officer in the colonial campaigns in the Horn of Africa; killed at Amba Alagi in 1895.,https://www.tandfonline.com/doi/full/10.1080/1369801X.2023.2222710,,True,verified,125716
980846,I356,084040,VIA FRANCESCO CRISPI,,VIA FRANCESCO CRISPI,Santo Stefano Quisquina,Sicilia,084040,crispi_francesco,Francesco Crispi,Francesco Crispi,100.0,exact_canonical,francesco crispi,accepted_auto,Francesco Crispi,political_and_administration,Eritrea;Ethiopia;Somalia,1887-1896,Prime minister and a principal political promoter of Italian colonial expansion in the Horn of Africa; his policy culminated in the war ending at Adwa.,https://www.treccani.it/enciclopedia/francesco-crispi/,,False,verified_manual,125716
1015297,I370,083091,VIA GIOVANNI AMEGLIO,,VIA GIOVANNI AMEGLIO,Santo Stefano di Camastra,Sicilia,083091,ameglio_giovanni,Giovanni Ameglio,Giovanni Ameglio,100.0,exact_canonical,giovanni ameglio,accepted_auto,Giovanni Ameglio,military_and_administration,Eritrea;Libya,1890s-1918,Officer in the first Italo-Ethiopian conflict and a leading commander in the conquest of Libya; later governor of Cyrenaica and Tripolitania.,https://www.treccani.it/enciclopedia/giovanni-ameglio_%28Dizionario-Biografico%29/,,False,verified_manual,125716
935982,I407,081020,VIA DUCA DEGLI ABRUZZI,,VIA DUCA DEGLI ABRUZZI,San Vito Lo Capo,Sicilia,081020,savoiaaosta_luigiamedeo,Luigi Amedeo di Savoia-Aosta,Duca degli Abruzzi,100.0,exact_alias,duca degli abruzzi,accepted_auto,Luigi Amedeo di Savoia-Aosta;Duca degli Abruzzi,economic_and_colonization,Somalia,1919-1933,"Prince, explorer and founder of the large agricultural settlement and company at Villaggio Duca degli Abruzzi in Italian Somalia.",https://www.treccani.it/enciclopedia/savoia-aosta-luigi-amedeo-giuseppe-maria-ferdinando-francesco-di-duca-degli-abruzzi_%28Dizionario-Biografico%29/,,False,verified_manual,125716
1225709,I533,084041,VIA FRANCESCO CRISPI,,VIA FRANCESCO CRISPI,Sciacca,Sicilia,084041,crispi_francesco,Francesco Crispi,Francesco Crispi,100.0,exact_canonical,francesco crispi,accepted_auto,Francesco Crispi,political_and_administration,Eritrea;Ethiopia;Somalia,1887-1896,Prime minister and a principal political promoter of Italian colonial expansion in the Horn of Africa; his policy culminated in the war ending at Adwa.,https://www.treccani.it/enciclopedia/francesco-crispi/,,False,verified_manual,125716
292785,I535,088011,PIAZZA FRANCESCO CRISPI,,PIAZZA FRANCESCO CRISPI,Scicli,Sicilia,088011,crispi_francesco,Francesco Crispi,Francesco Crispi,100.0,exact_canonical,francesco crispi,accepted_auto,Francesco Crispi,political_and_administration,Eritrea;Ethiopia;Somalia,1887-1896,Prime minister and a principal political promoter of Italian colonial expansion in the Horn of Africa; his policy culminated in the war ending at Adwa.,https://www.treccani.it/enciclopedia/francesco-crispi/,,False,verified_manual,125716
292719,I535,088011,VIA DUCA DEGLI ABRUZZI,,VIA DUCA DEGLI ABRUZZI,Scicli,Sicilia,088011,savoiaaosta_luigiamedeo,Luigi Amedeo di Savoia-Aosta,Duca degli Abruzzi,100.0,exact_alias,duca degli abruzzi,accepted_auto,Luigi Amedeo di Savoia-Aosta;Duca degli Abruzzi,economic_and_colonization,Somalia,1919-1933,"Prince, explorer and founder of the large agricultural settlement and company at Villaggio Duca degli Abruzzi in Italian Somalia.",https://www.treccani.it/enciclopedia/savoia-aosta-luigi-amedeo-giuseppe-maria-ferdinando-francesco-di-duca-degli-abruzzi_%28Dizionario-Biografico%29/,,False,verified_manual,125716
292803,I535,088011,VIA GALLIANO,,VIA GALLIANO,Scicli,Sicilia,088011,galliano_giuseppe,Giuseppe Galliano,Galliano,100.0,exact_surname,galliano,needs_review,Giuseppe Galliano;Galliano,military,Eritrea;Ethiopia,1880s-1890s,Italian officer active in the colonial campaigns in Eritrea and Ethiopia.,https://www.lastampa.it/torino/2023/03/22/news/nomi_vie_piazze_colonialismo-12713667/,,True,verified,125716
293427,I535,088011,VIA TOSELLI,,VIA TOSELLI,Scicli,Sicilia,088011,toselli_pietro,Pietro Toselli,Toselli,100.0,exact_surname,toselli,needs_review,Pietro Toselli;Toselli;Maggiore Toselli,military,Eritrea;Ethiopia,1890s,Italian officer in the colonial campaigns in the Horn of Africa; killed at Amba Alagi in 1895.,https://www.tandfonline.com/doi/full/10.1080/1369801X.2023.2222710,,True,verified,125716
884790,I548,087049,VIA DUCA DEGLI ABRUZZI,,VIA DUCA DEGLI ABRUZZI,Scordia,Sicilia,087049,savoiaaosta_luigiamedeo,Luigi Amedeo di Savoia-Aosta,Duca degli Abruzzi,100.0,exact_alias,duca degli abruzzi,accepted_auto,Luigi Amedeo di Savoia-Aosta;Duca degli Abruzzi,economic_and_colonization,Somalia,1919-1933,"Prince, explorer and founder of the large agricultural settlement and company at Villaggio Duca degli Abruzzi in Italian Somalia.",https://www.treccani.it/enciclopedia/savoia-aosta-luigi-amedeo-giuseppe-maria-ferdinando-francesco-di-duca-degli-abruzzi_%28Dizionario-Biografico%29/,,False,verified_manual,125716
884802,I548,087049,VIA FRANCESCO CRISPI,,VIA FRANCESCO CRISPI,Scordia,Sicilia,087049,crispi_francesco,Francesco Crispi,Francesco Crispi,100.0,exact_canonical,francesco crispi,accepted_auto,Francesco Crispi,political_and_administration,Eritrea;Ethiopia;Somalia,1887-1896,Prime minister and a principal political promoter of Italian colonial expansion in the Horn of Africa; his policy culminated in the war ending at Adwa.,https://www.treccani.it/enciclopedia/francesco-crispi/,,False,verified_manual,125716
884804,I548,087049,VIA GALLIANO,,VIA GALLIANO,Scordia,Sicilia,087049,galliano_giuseppe,Giuseppe Galliano,Galliano,100.0,exact_surname,galliano,needs_review,Giuseppe Galliano;Galliano,military,Eritrea;Ethiopia,1880s-1890s,Italian officer active in the colonial campaigns in Eritrea and Ethiopia.,https://www.lastampa.it/torino/2023/03/22/news/nomi_vie_piazze_colonialismo-12713667/,,True,verified,125716
884920,I548,087049,VIA TOSELLI,,VIA TOSELLI,Scordia,Sicilia,087049,toselli_pietro,Pietro Toselli,Toselli,100.0,exact_surname,toselli,needs_review,Pietro Toselli;Toselli;Maggiore Toselli,military,Eritrea;Ethiopia,1890s,Italian officer in the colonial campaigns in the Horn of Africa; killed at Amba Alagi in 1895.,https://www.tandfonline.com/doi/full/10.1080/1369801X.2023.2222710,,True,verified,125716
435970,I644,085018,VIA FRANCESCO CRISPI,,VIA FRANCESCO CRISPI,Serradifalco,Sicilia,085018,crispi_francesco,Francesco Crispi,Francesco Crispi,100.0,exact_canonical,francesco crispi,accepted_auto,Francesco Crispi,political_and_administration,Eritrea;Ethiopia;Somalia,1887-1896,Prime minister and a principal political promoter of Italian colonial expansion in the Horn of Africa; his policy culminated in the war ending at Adwa.,https://www.treccani.it/enciclopedia/francesco-crispi/,,False,verified_manual,125716
990264,I723,084042,VIA FRANCESCO CRISPI,,VIA FRANCESCO CRISPI,Siculiana,Sicilia,084042,crispi_francesco,Francesco Crispi,Francesco Crispi,100.0,exact_canonical,francesco crispi,accepted_auto,Francesco Crispi,political_and_administration,Eritrea;Ethiopia;Somalia,1887-1896,Prime minister and a principal political promoter of Italian colonial expansion in the Horn of Africa; his policy culminated in the war ending at Adwa.,https://www.treccani.it/enciclopedia/francesco-crispi/,,False,verified_manual,125716
226449,I754,089017,VIA DUCA DEGLI ABRUZZI,,VIA DUCA DEGLI ABRUZZI,Siracusa,Sicilia,089017,savoiaaosta_luigiamedeo,Luigi Amedeo di Savoia-Aosta,Duca degli Abruzzi,100.0,exact_alias,duca degli abruzzi,accepted_auto,Luigi Amedeo di Savoia-Aosta;Duca degli Abruzzi,economic_and_colonization,Somalia,1919-1933,"Prince, explorer and founder of the large agricultural settlement and company at Villaggio Duca degli Abruzzi in Italian Somalia.",https://www.treccani.it/enciclopedia/savoia-aosta-luigi-amedeo-giuseppe-maria-ferdinando-francesco-di-duca-degli-abruzzi_%28Dizionario-Biografico%29/,,False,verified_manual,125716
226516,I754,089017,VIA FRANCESCO CRISPI,,VIA FRANCESCO CRISPI,Siracusa,Sicilia,089017,crispi_francesco,Francesco Crispi,Francesco Crispi,100.0,exact_canonical,francesco crispi,accepted_auto,Francesco Crispi,political_and_administration,Eritrea;Ethiopia;Somalia,1887-1896,Prime minister and a principal political promoter of Italian colonial expansion in the Horn of Africa; his policy culminated in the war ending at Adwa.,https://www.treccani.it/enciclopedia/francesco-crispi/,,False,verified_manual,125716
227388,I754,089017,VIA VITTORIO BOTTEGO,,VIA VITTORIO BOTTEGO,Siracusa,Sicilia,089017,bottego_vittorio,Vittorio Bottego,Vittorio Bottego,100.0,exact_canonical,vittorio bottego,accepted_auto,Vittorio Bottego,exploration_geography,Somalia;Ethiopia;Eritrea,1887-1897,Army officer and explorer whose expeditions in the Horn of Africa were closely connected with Italian territorial ambitions in Somalia and Ethiopia.,https://www.treccani.it/enciclopedia/vittorio-bottego_%28Dizionario-Biografico%29/,,False,verified_manual,125716
390163,I824,085019,VIA FRANCESCO CRISPI,,VIA FRANCESCO CRISPI,Sommatino,Sicilia,085019,crispi_francesco,Francesco Crispi,Francesco Crispi,100.0,exact_canonical,francesco crispi,accepted_auto,Francesco Crispi,political_and_administration,Eritrea;Ethiopia;Somalia,1887-1896,Prime minister and a principal political promoter of Italian colonial expansion in the Horn of Africa; his policy culminated in the war ending at Adwa.,https://www.treccani.it/enciclopedia/francesco-crispi/,,False,verified_manual,125716
390168,I824,085019,VIA GALLIANO,,VIA GALLIANO,Sommatino,Sicilia,085019,galliano_giuseppe,Giuseppe Galliano,Galliano,100.0,exact_surname,galliano,needs_review,Giuseppe Galliano;Galliano,military,Eritrea;Ethiopia,1880s-1890s,Italian officer active in the colonial campaigns in Eritrea and Ethiopia.,https://www.lastampa.it/torino/2023/03/22/news/nomi_vie_piazze_colonialismo-12713667/,,True,verified,125716
390306,I824,085019,VIA PIETRO TOSELLI,,VIA PIETRO TOSELLI,Sommatino,Sicilia,085019,toselli_pietro,Pietro Toselli,Pietro Toselli,100.0,exact_canonical,pietro toselli,accepted_auto,Pietro Toselli;Toselli;Maggiore Toselli,military,Eritrea;Ethiopia,1890s,Italian officer in the colonial campaigns in the Horn of Africa; killed at Amba Alagi in 1895.,https://www.tandfonline.com/doi/full/10.1080/1369801X.2023.2222710,,True,verified,125716
260799,I864,089019,VIA FRANCESCO CRISPI,,VIA FRANCESCO CRISPI,Sortino,Sicilia,089019,crispi_francesco,Francesco Crispi,Francesco Crispi,100.0,exact_canonical,francesco crispi,accepted_auto,Francesco Crispi,political_and_administration,Eritrea;Ethiopia;Somalia,1887-1896,Prime minister and a principal political promoter of Italian colonial expansion in the Horn of Africa; his policy culminated in the war ending at Adwa.,https://www.treccani.it/enciclopedia/francesco-crispi/,,False,verified_manual,125716
260904,I864,089019,VIA PIETRO TOSELLI,,VIA PIETRO TOSELLI,Sortino,Sicilia,089019,toselli_pietro,Pietro Toselli,Pietro Toselli,100.0,exact_canonical,pietro toselli,accepted_auto,Pietro Toselli;Toselli;Maggiore Toselli,military,Eritrea;Ethiopia,1890s,Italian officer in the colonial campaigns in the Horn of Africa; killed at Amba Alagi in 1895.,https://www.tandfonline.com/doi/full/10.1080/1369801X.2023.2222710,,True,verified,125716
107209,I891,086017,PIAZZA FRANCESCO CRISPI,,PIAZZA FRANCESCO CRISPI,Sperlinga,Sicilia,086017,crispi_francesco,Francesco Crispi,Francesco Crispi,100.0,exact_canonical,francesco crispi,accepted_auto,Francesco Crispi,political_and_administration,Eritrea;Ethiopia;Somalia,1887-1896,Prime minister and a principal political promoter of Italian colonial expansion in the Horn of Africa; his policy culminated in the war ending at Adwa.,https://www.treccani.it/enciclopedia/francesco-crispi/,,False,verified_manual,125716
335189,L016,085020,VIA FRANCESCO CRISPI,,VIA FRANCESCO CRISPI,Sutera,Sicilia,085020,crispi_francesco,Francesco Crispi,Francesco Crispi,100.0,exact_canonical,francesco crispi,accepted_auto,Francesco Crispi,political_and_administration,Eritrea;Ethiopia;Somalia,1887-1896,Prime minister and a principal political promoter of Italian colonial expansion in the Horn of Africa; his policy culminated in the war ending at Adwa.,https://www.treccani.it/enciclopedia/francesco-crispi/,,False,verified_manual,125716
892489,L042,083097,VIALE PIETRO TOSELLI,,VIALE PIETRO TOSELLI,Taormina,Sicilia,083097,toselli_pietro,Pietro Toselli,Pietro Toselli,100.0,exact_canonical,pietro toselli,accepted_auto,Pietro Toselli;Toselli;Maggiore Toselli,military,Eritrea;Ethiopia,1890s,Italian officer in the colonial campaigns in the Horn of Africa; killed at Amba Alagi in 1895.,https://www.tandfonline.com/doi/full/10.1080/1369801X.2023.2222710,,True,verified,125716
792852,L112,082070,PIAZZA FRANCESCO CRISPI,,PIAZZA FRANCESCO CRISPI,Termini Imerese,Sicilia,082070,crispi_francesco,Francesco Crispi,Francesco Crispi,100.0,exact_canonical,francesco crispi,accepted_auto,Francesco Crispi,political_and_administration,Eritrea;Ethiopia;Somalia,1887-1896,Prime minister and a principal political promoter of Italian colonial expansion in the Horn of Africa; his policy culminated in the war ending at Adwa.,https://www.treccani.it/enciclopedia/francesco-crispi/,,False,verified_manual,125716
792851,L112,082070,VIA FRANCESCO CRISPI,,VIA FRANCESCO CRISPI,Termini Imerese,Sicilia,082070,crispi_francesco,Francesco Crispi,Francesco Crispi,100.0,exact_canonical,francesco crispi,accepted_auto,Francesco Crispi,political_and_administration,Eritrea;Ethiopia;Somalia,1887-1896,Prime minister and a principal political promoter of Italian colonial expansion in the Horn of Africa; his policy culminated in the war ending at Adwa.,https://www.treccani.it/enciclopedia/francesco-crispi/,,False,verified_manual,125716
300830,L131,082071,VIA FRANCESCO CRISPI,,VIA FRANCESCO CRISPI,Terrasini,Sicilia,082071,crispi_francesco,Francesco Crispi,Francesco Crispi,100.0,exact_canonical,francesco crispi,accepted_auto,Francesco Crispi,political_and_administration,Eritrea;Ethiopia;Somalia,1887-1896,Prime minister and a principal political promoter of Italian colonial expansion in the Horn of Africa; his policy culminated in the war ending at Adwa.,https://www.treccani.it/enciclopedia/francesco-crispi/,,False,verified_manual,125716
705103,L282,082072,VIA FRANCESCO CRISPI,,VIA FRANCESCO CRISPI,Torretta,Sicilia,082072,crispi_francesco,Francesco Crispi,Francesco Crispi,100.0,exact_canonical,francesco crispi,accepted_auto,Francesco Crispi,political_and_administration,Eritrea;Ethiopia;Somalia,1887-1896,Prime minister and a principal political promoter of Italian colonial expansion in the Horn of Africa; his policy culminated in the war ending at Adwa.,https://www.treccani.it/enciclopedia/francesco-crispi/,,False,verified_manual,125716
245468,L331,081021,VIA FRANCESCO CRISPI,,VIA FRANCESCO CRISPI,Trapani,Sicilia,081021,crispi_francesco,Francesco Crispi,Francesco Crispi,100.0,exact_canonical,francesco crispi,accepted_auto,Francesco Crispi,political_and_administration,Eritrea;Ethiopia;Somalia,1887-1896,Prime minister and a principal political promoter of Italian colonial expansion in the Horn of Africa; his policy culminated in the war ending at Adwa.,https://www.treccani.it/enciclopedia/francesco-crispi/,,False,verified_manual,125716
245497,L331,081021,VIA GENERALE GIOVANNI AMEGLIO,,VIA GENERALE GIOVANNI AMEGLIO,Trapani,Sicilia,081021,ameglio_giovanni,Giovanni Ameglio,Giovanni Ameglio,100.0,exact_canonical,generale giovanni ameglio,accepted_auto,Giovanni Ameglio,military_and_administration,Eritrea;Libya,1890s-1918,Officer in the first Italo-Ethiopian conflict and a leading commander in the conquest of Libya; later governor of Cyrenaica and Tripolitania.,https://www.treccani.it/enciclopedia/giovanni-ameglio_%28Dizionario-Biografico%29/,,False,verified_manual,125716
1243648,L355,087050,VIA FRANCESCO CRISPI,,VIA FRANCESCO CRISPI,Trecastagni,Sicilia,087050,crispi_francesco,Francesco Crispi,Francesco Crispi,100.0,exact_canonical,francesco crispi,accepted_auto,Francesco Crispi,political_and_administration,Eritrea;Ethiopia;Somalia,1887-1896,Prime minister and a principal political promoter of Italian colonial expansion in the Horn of Africa; his policy culminated in the war ending at Adwa.,https://www.treccani.it/enciclopedia/francesco-crispi/,,False,verified_manual,125716
1243755,L355,087050,VIA PIETRO TOSELLI,,VIA PIETRO TOSELLI,Trecastagni,Sicilia,087050,toselli_pietro,Pietro Toselli,Pietro Toselli,100.0,exact_canonical,pietro toselli,accepted_auto,Pietro Toselli;Toselli;Maggiore Toselli,military,Eritrea;Ethiopia,1890s,Italian officer in the colonial campaigns in the Horn of Africa; killed at Amba Alagi in 1895.,https://www.tandfonline.com/doi/full/10.1080/1369801X.2023.2222710,,True,verified,125716
1243677,L355,087050,VICOLO GIUSEPPE GALLIANO,,VICOLO GIUSEPPE GALLIANO,Trecastagni,Sicilia,087050,galliano_giuseppe,Giuseppe Galliano,Giuseppe Galliano,100.0,exact_canonical,giuseppe galliano,accepted_auto,Giuseppe Galliano;Galliano,military,Eritrea;Ethiopia,1880s-1890s,Italian officer active in the colonial campaigns in Eritrea and Ethiopia.,https://www.lastampa.it/torino/2023/03/22/news/nomi_vie_piazze_colonialismo-12713667/,,True,verified,125716
1003570,L431,083100,VIA FRANCESCO CRISPI,,VIA FRANCESCO CRISPI,Tripi - Abakainon,Sicilia,083100,crispi_francesco,Francesco Crispi,Francesco Crispi,100.0,exact_canonical,francesco crispi,accepted_auto,Francesco Crispi,political_and_administration,Eritrea;Ethiopia;Somalia,1887-1896,Prime minister and a principal political promoter of Italian colonial expansion in the Horn of Africa; his policy culminated in the war ending at Adwa.,https://www.treccani.it/enciclopedia/francesco-crispi/,,False,verified_manual,125716
967990,L448,086018,VIA FRANCESCO CRISPI,,VIA FRANCESCO CRISPI,Troina,Sicilia,086018,crispi_francesco,Francesco Crispi,Francesco Crispi,100.0,exact_canonical,francesco crispi,accepted_auto,Francesco Crispi,political_and_administration,Eritrea;Ethiopia;Somalia,1887-1896,Prime minister and a principal political promoter of Italian colonial expansion in the Horn of Africa; his policy culminated in the war ending at Adwa.,https://www.treccani.it/enciclopedia/francesco-crispi/,,False,verified_manual,125716
968194,L448,086018,VIA TOSELLI,,VIA TOSELLI,Troina,Sicilia,086018,toselli_pietro,Pietro Toselli,Toselli,100.0,exact_surname,toselli,needs_review,Pietro Toselli;Toselli;Maggiore Toselli,military,Eritrea;Ethiopia,1890s,Italian officer in the colonial campaigns in the Horn of Africa; killed at Amba Alagi in 1895.,https://www.tandfonline.com/doi/full/10.1080/1369801X.2023.2222710,,True,verified,125716
827476,L482,083102,VIA FRANCESCO CRISPI,,VIA FRANCESCO CRISPI,Ucria,Sicilia,083102,crispi_francesco,Francesco Crispi,Francesco Crispi,100.0,exact_canonical,francesco crispi,accepted_auto,Francesco Crispi,political_and_administration,Eritrea;Ethiopia;Somalia,1887-1896,Prime minister and a principal political promoter of Italian colonial expansion in the Horn of Africa; his policy culminated in the war ending at Adwa.,https://www.treccani.it/enciclopedia/francesco-crispi/,,False,verified_manual,125716
1171987,L583,086019,VIA FRANCESCO CRISPI,,VIA FRANCESCO CRISPI,Valguarnera Caropepe,Sicilia,086019,crispi_francesco,Francesco Crispi,Francesco Crispi,100.0,exact_canonical,francesco crispi,accepted_auto,Francesco Crispi,political_and_administration,Eritrea;Ethiopia;Somalia,1887-1896,Prime minister and a principal political promoter of Italian colonial expansion in the Horn of Africa; his policy culminated in the war ending at Adwa.,https://www.treccani.it/enciclopedia/francesco-crispi/,,False,verified_manual,125716
1172102,L583,086019,VIA TOSELLI,,VIA TOSELLI,Valguarnera Caropepe,Sicilia,086019,toselli_pietro,Pietro Toselli,Toselli,100.0,exact_surname,toselli,needs_review,Pietro Toselli;Toselli;Maggiore Toselli,military,Eritrea;Ethiopia,1890s,Italian officer in the colonial campaigns in the Horn of Africa; killed at Amba Alagi in 1895.,https://www.tandfonline.com/doi/full/10.1080/1369801X.2023.2222710,,True,verified,125716
482772,L603,082076,VIA FRANCESCO CRISPI,,VIA FRANCESCO CRISPI,Valledolmo,Sicilia,082076,crispi_francesco,Francesco Crispi,Francesco Crispi,100.0,exact_canonical,francesco crispi,accepted_auto,Francesco Crispi,political_and_administration,Eritrea;Ethiopia;Somalia,1887-1896,Prime minister and a principal political promoter of Italian colonial expansion in the Horn of Africa; his policy culminated in the war ending at Adwa.,https://www.treccani.it/enciclopedia/francesco-crispi/,,False,verified_manual,125716
652626,L609,085021,VIA FRANCESCO CRISPI,,VIA FRANCESCO CRISPI,Vallelunga Pratameno,Sicilia,085021,crispi_francesco,Francesco Crispi,Francesco Crispi,100.0,exact_canonical,francesco crispi,accepted_auto,Francesco Crispi,political_and_administration,Eritrea;Ethiopia;Somalia,1887-1896,Prime minister and a principal political promoter of Italian colonial expansion in the Horn of Africa; his policy culminated in the war ending at Adwa.,https://www.treccani.it/enciclopedia/francesco-crispi/,,False,verified_manual,125716
778399,L658,087052,VIA FRANCESCO CRISPI,,VIA FRANCESCO CRISPI,Valverde,Sicilia,087052,crispi_francesco,Francesco Crispi,Francesco Crispi,100.0,exact_canonical,francesco crispi,accepted_auto,Francesco Crispi,political_and_administration,Eritrea;Ethiopia;Somalia,1887-1896,Prime minister and a principal political promoter of Italian colonial expansion in the Horn of Africa; his policy culminated in the war ending at Adwa.,https://www.treccani.it/enciclopedia/francesco-crispi/,,False,verified_manual,125716
297277,L740,082077,VIA GALLIANO,,VIA GALLIANO,Ventimiglia di Sicilia,Sicilia,082077,galliano_giuseppe,Giuseppe Galliano,Galliano,100.0,exact_surname,galliano,needs_review,Giuseppe Galliano;Galliano,military,Eritrea;Ethiopia,1880s-1890s,Italian officer active in the colonial campaigns in Eritrea and Ethiopia.,https://www.lastampa.it/torino/2023/03/22/news/nomi_vie_piazze_colonialismo-12713667/,,True,verified,125716
297293,L740,082077,VIA MAGGIORE TOSELLI,,VIA MAGGIORE TOSELLI,Ventimiglia di Sicilia,Sicilia,082077,toselli_pietro,Pietro Toselli,Toselli,100.0,exact_surname,maggiore toselli,needs_review,Pietro Toselli;Toselli;Maggiore Toselli,military,Eritrea;Ethiopia,1890s,Italian officer in the colonial campaigns in the Horn of Africa; killed at Amba Alagi in 1895.,https://www.tandfonline.com/doi/full/10.1080/1369801X.2023.2222710,,True,verified,125716
809001,L828,087053,VIA FRANCESCO CRISPI,,VIA FRANCESCO CRISPI,Viagrande,Sicilia,087053,crispi_francesco,Francesco Crispi,Francesco Crispi,100.0,exact_canonical,francesco crispi,accepted_auto,Francesco Crispi,political_and_administration,Eritrea;Ethiopia;Somalia,1887-1896,Prime minister and a principal political promoter of Italian colonial expansion in the Horn of Africa; his policy culminated in the war ending at Adwa.,https://www.treccani.it/enciclopedia/francesco-crispi/,,False,verified_manual,125716
729271,L916,082079,VIA FRANCESCO CRISPI,,VIA FRANCESCO CRISPI,Villabate,Sicilia,082079,crispi_francesco,Francesco Crispi,Francesco Crispi,100.0,exact_canonical,francesco crispi,accepted_auto,Francesco Crispi,political_and_administration,Eritrea;Ethiopia;Somalia,1887-1896,Prime minister and a principal political promoter of Italian colonial expansion in the Horn of Africa; his policy culminated in the war ending at Adwa.,https://www.treccani.it/enciclopedia/francesco-crispi/,,False,verified_manual,125716
378814,L944,084043,VIA FRANCESCO CRISPI,,VIA FRANCESCO CRISPI,Villafranca Sicula,Sicilia,084043,crispi_francesco,Francesco Crispi,Francesco Crispi,100.0,exact_canonical,francesco crispi,accepted_auto,Francesco Crispi,political_and_administration,Eritrea;Ethiopia;Somalia,1887-1896,Prime minister and a principal political promoter of Italian colonial expansion in the Horn of Africa; his policy culminated in the war ending at Adwa.,https://www.treccani.it/enciclopedia/francesco-crispi/,,False,verified_manual,125716
1057603,L950,083105,VIA FRANCESCO CRISPI,,VIA FRANCESCO CRISPI,Villafranca Tirrena,Sicilia,083105,crispi_francesco,Francesco Crispi,Francesco Crispi,100.0,exact_canonical,francesco crispi,accepted_auto,Francesco Crispi,political_and_administration,Eritrea;Ethiopia;Somalia,1887-1896,Prime minister and a principal political promoter of Italian colonial expansion in the Horn of Africa; his policy culminated in the war ending at Adwa.,https://www.treccani.it/enciclopedia/francesco-crispi/,,False,verified_manual,125716
586334,L951,082080,VIA GALLIANO,,VIA GALLIANO,Villafrati,Sicilia,082080,galliano_giuseppe,Giuseppe Galliano,Galliano,100.0,exact_surname,galliano,needs_review,Giuseppe Galliano;Galliano,military,Eritrea;Ethiopia,1880s-1890s,Italian officer active in the colonial campaigns in Eritrea and Ethiopia.,https://www.lastampa.it/torino/2023/03/22/news/nomi_vie_piazze_colonialismo-12713667/,,True,verified,125716
666529,L959,085022,VIA FRANCESCO CRISPI,,VIA FRANCESCO CRISPI,Villalba,Sicilia,085022,crispi_francesco,Francesco Crispi,Francesco Crispi,100.0,exact_canonical,francesco crispi,accepted_auto,Francesco Crispi,political_and_administration,Eritrea;Ethiopia;Somalia,1887-1896,Prime minister and a principal political promoter of Italian colonial expansion in the Horn of Africa; his policy culminated in the war ending at Adwa.,https://www.treccani.it/enciclopedia/francesco-crispi/,,False,verified_manual,125716
666540,L959,085022,VIA MAGGIORE TOSELLI,,VIA MAGGIORE TOSELLI,Villalba,Sicilia,085022,toselli_pietro,Pietro Toselli,Toselli,100.0,exact_surname,maggiore toselli,needs_review,Pietro Toselli;Toselli;Maggiore Toselli,military,Eritrea;Ethiopia,1890s,Italian officer in the colonial campaigns in the Horn of Africa; killed at Amba Alagi in 1895.,https://www.tandfonline.com/doi/full/10.1080/1369801X.2023.2222710,,True,verified,125716
580712,M081,081023,VIA FRANCESCO CRISPI,,VIA FRANCESCO CRISPI,Vita,Sicilia,081023,crispi_francesco,Francesco Crispi,Francesco Crispi,100.0,exact_canonical,francesco crispi,accepted_auto,Francesco Crispi,political_and_administration,Eritrea;Ethiopia;Somalia,1887-1896,Prime minister and a principal political promoter of Italian colonial expansion in the Horn of Africa; his policy culminated in the war ending at Adwa.,https://www.treccani.it/enciclopedia/francesco-crispi/,,False,verified_manual,125716
1229364,M100,087054,VIA DUCA DEGLI ABRUZZI,,VIA DUCA DEGLI ABRUZZI,Vizzini,Sicilia,087054,savoiaaosta_luigiamedeo,Luigi Amedeo di Savoia-Aosta,Duca degli Abruzzi,100.0,exact_alias,duca degli abruzzi,accepted_auto,Luigi Amedeo di Savoia-Aosta;Duca degli Abruzzi,economic_and_colonization,Somalia,1919-1933,"Prince, explorer and founder of the large agricultural settlement and company at Villaggio Duca degli Abruzzi in Italian Somalia.",https://www.treccani.it/enciclopedia/savoia-aosta-luigi-amedeo-giuseppe-maria-ferdinando-francesco-di-duca-degli-abruzzi_%28Dizionario-Biografico%29/,,False,verified_manual,125716
1120588,M211,083107,VIA DUCA DEGLI ABRUZZI,,VIA DUCA DEGLI ABRUZZI,Acquedolci,Sicilia,083107,savoiaaosta_luigiamedeo,Luigi Amedeo di Savoia-Aosta,Duca degli Abruzzi,100.0,exact_alias,duca degli abruzzi,accepted_auto,Luigi Amedeo di Savoia-Aosta;Duca degli Abruzzi,economic_and_colonization,Somalia,1919-1933,"Prince, explorer and founder of the large agricultural settlement and company at Villaggio Duca degli Abruzzi in Italian Somalia.",https://www.treccani.it/enciclopedia/savoia-aosta-luigi-amedeo-giuseppe-maria-ferdinando-francesco-di-duca-degli-abruzzi_%28Dizionario-Biografico%29/,,False,verified_manual,125716
1120600,M211,083107,VIA FRANCESCO CRISPI,,VIA FRANCESCO CRISPI,Acquedolci,Sicilia,083107,crispi_francesco,Francesco Crispi,Francesco Crispi,100.0,exact_canonical,francesco crispi,accepted_auto,Francesco Crispi,political_and_administration,Eritrea;Ethiopia;Somalia,1887-1896,Prime minister and a principal political promoter of Italian colonial expansion in the Horn of Africa; his policy culminated in the war ending at Adwa.,https://www.treccani.it/enciclopedia/francesco-crispi/,,False,verified_manual,125716
1120623,M211,083107,VIA ITALO BALBO,,VIA ITALO BALBO,Acquedolci,Sicilia,083107,balbo_italo,Italo Balbo,Italo Balbo,100.0,exact_canonical,italo balbo,accepted_auto,Italo Balbo;Balbo,political_and_administration,Libya,1934-1940,Governor-General of Italian Libya from 1934 to 1940.,https://www.treccani.it/enciclopedia/italo-balbo/,,True,verified,125716
696369,M257,089020,VIA FRANCESCO CRISPI,,VIA FRANCESCO CRISPI,Portopalo di Capo Passero,Sicilia,089020,crispi_francesco,Francesco Crispi,Francesco Crispi,100.0,exact_canonical,francesco crispi,accepted_auto,Francesco Crispi,political_and_administration,Eritrea;Ethiopia;Somalia,1887-1896,Prime minister and a principal political promoter of Italian colonial expansion in the Horn of Africa; his policy culminated in the war ending at Adwa.,https://www.treccani.it/enciclopedia/francesco-crispi/,,False,verified_manual,125716
506452,M268,082082,VIA FRANCESCO CRISPI,,VIA FRANCESCO CRISPI,Blufi,Sicilia,082082,crispi_francesco,Francesco Crispi,Francesco Crispi,100.0,exact_canonical,francesco crispi,accepted_auto,Francesco Crispi,political_and_administration,Eritrea;Ethiopia;Somalia,1887-1896,Prime minister and a principal political promoter of Italian colonial expansion in the Horn of Africa; his policy culminated in the war ending at Adwa.,https://www.treccani.it/enciclopedia/francesco-crispi/,,False,verified_manual,125716
1229702,M271,087056,VIA FRANCESCO CRISPI,,VIA FRANCESCO CRISPI,Mazzarrone,Sicilia,087056,crispi_francesco,Francesco Crispi,Francesco Crispi,100.0,exact_canonical,francesco crispi,accepted_auto,Francesco Crispi,political_and_administration,Eritrea;Ethiopia;Somalia,1887-1896,Prime minister and a principal political promoter of Italian colonial expansion in the Horn of Africa; his policy culminated in the war ending at Adwa.,https://www.treccani.it/enciclopedia/francesco-crispi/,,False,verified_manual,125716
1234010,M281,081024,VIA FRANCESCO CRISPI,,VIA FRANCESCO CRISPI,Petrosino,Sicilia,081024,crispi_francesco,Francesco Crispi,Francesco Crispi,100.0,exact_canonical,francesco crispi,accepted_auto,Francesco Crispi,political_and_administration,Eritrea;Ethiopia;Somalia,1887-1896,Prime minister and a principal political promoter of Italian colonial expansion in the Horn of Africa; his policy culminated in the war ending at Adwa.,https://www.treccani.it/enciclopedia/francesco-crispi/,,False,verified_manual,125716
1050547,M287,087058,VIA FRANCESCO CRISPI,,VIA FRANCESCO CRISPI,Ragalna,Sicilia,087058,crispi_francesco,Francesco Crispi,Francesco Crispi,100.0,exact_canonical,francesco crispi,accepted_auto,Francesco Crispi,political_and_administration,Eritrea;Ethiopia;Somalia,1887-1896,Prime minister and a principal political promoter of Italian colonial expansion in the Horn of Africa; his policy culminated in the war ending at Adwa.,https://www.treccani.it/enciclopedia/francesco-crispi/,,False,verified_manual,125716
491095,A006,052001,VIA GALLIANO,,VIA GALLIANO,Abbadia San Salvatore,Toscana,052001,galliano_giuseppe,Giuseppe Galliano,Galliano,100.0,exact_surname,galliano,needs_review,Giuseppe Galliano;Galliano,military,Eritrea;Ethiopia,1880s-1890s,Italian officer active in the colonial campaigns in Eritrea and Ethiopia.,https://www.lastampa.it/torino/2023/03/22/news/nomi_vie_piazze_colonialismo-12713667/,,True,verified,87147
580080,A390,051002,VIA FRANCESCO CRISPI,,VIA FRANCESCO CRISPI,Arezzo,Toscana,051002,crispi_francesco,Francesco Crispi,Francesco Crispi,100.0,exact_canonical,francesco crispi,accepted_auto,Francesco Crispi,political_and_administration,Eritrea;Ethiopia;Somalia,1887-1896,Prime minister and a principal political promoter of Italian colonial expansion in the Horn of Africa; his policy culminated in the war ending at Adwa.,https://www.treccani.it/enciclopedia/francesco-crispi/,,False,verified_manual,87147
580229,A390,051002,VIA MAGGIORE GALLIANO,,VIA MAGGIORE GALLIANO,Arezzo,Toscana,051002,galliano_giuseppe,Giuseppe Galliano,Galliano,100.0,exact_surname,maggiore galliano,needs_review,Giuseppe Galliano;Galliano,military,Eritrea;Ethiopia,1880s-1890s,Italian officer active in the colonial campaigns in Eritrea and Ethiopia.,https://www.lastampa.it/torino/2023/03/22/news/nomi_vie_piazze_colonialismo-12713667/,,True,verified,87147
580230,A390,051002,VIA MAGGIORE TOSELLI,,VIA MAGGIORE TOSELLI,Arezzo,Toscana,051002,toselli_pietro,Pietro Toselli,Toselli,100.0,exact_surname,maggiore toselli,needs_review,Pietro Toselli;Toselli;Maggiore Toselli,military,Eritrea;Ethiopia,1890s,Italian officer in the colonial campaigns in the Horn of Africa; killed at Amba Alagi in 1895.,https://www.tandfonline.com/doi/full/10.1080/1369801X.2023.2222710,,True,verified,87147
580507,A390,051002,VIA VITTORIO BOTTEGO,,VIA VITTORIO BOTTEGO,Arezzo,Toscana,051002,bottego_vittorio,Vittorio Bottego,Vittorio Bottego,100.0,exact_canonical,vittorio bottego,accepted_auto,Vittorio Bottego,exploration_geography,Somalia;Ethiopia;Eritrea,1887-1897,Army officer and explorer whose expeditions in the Horn of Africa were closely connected with Italian territorial ambitions in Somalia and Ethiopia.,https://www.treccani.it/enciclopedia/vittorio-bottego_%28Dizionario-Biografico%29/,,False,verified_manual,87147
468990,A561,047011,VIALE FERDINANDO MARTINI,,VIALE FERDINANDO MARTINI,Montecatini-Terme,Toscana,047011,martini_ferdinando,Ferdinando Martini,Ferdinando Martini,100.0,exact_canonical,ferdinando martini,accepted_auto,Ferdinando Martini;Martini,political_and_administration,Eritrea,1897-1907,Italian politician and governor of Eritrea from 1897 to 1907.,https://www.tandfonline.com/doi/full/10.1080/1369801X.2023.2222710,,False,verified,87147
854393,A632,048002,VIA GALLIANO,,VIA GALLIANO,Barberino di Mugello,Toscana,048002,galliano_giuseppe,Giuseppe Galliano,Galliano,100.0,exact_surname,galliano,needs_review,Giuseppe Galliano;Galliano,military,Eritrea;Ethiopia,1880s-1890s,Italian officer active in the colonial campaigns in Eritrea and Ethiopia.,https://www.lastampa.it/torino/2023/03/22/news/nomi_vie_piazze_colonialismo-12713667/,,True,verified,87147
1021482,B455,046005,VIA FRANCESCO CRISPI,,VIA FRANCESCO CRISPI,Camaiore,Toscana,046005,crispi_francesco,Francesco Crispi,Francesco Crispi,100.0,exact_canonical,francesco crispi,accepted_auto,Francesco Crispi,political_and_administration,Eritrea;Ethiopia;Somalia,1887-1896,Prime minister and a principal political promoter of Italian colonial expansion in the Horn of Africa; his policy culminated in the war ending at Adwa.,https://www.treccani.it/enciclopedia/francesco-crispi/,,False,verified_manual,87147
260196,B669,049004,VICOLO GALLIANO,,VICOLO GALLIANO,Capoliveri,Toscana,049004,galliano_giuseppe,Giuseppe Galliano,Galliano,100.0,exact_surname,galliano,needs_review,Giuseppe Galliano;Galliano,military,Eritrea;Ethiopia,1880s-1890s,Italian officer active in the colonial campaigns in Eritrea and Ethiopia.,https://www.lastampa.it/torino/2023/03/22/news/nomi_vie_piazze_colonialismo-12713667/,,True,verified,87147
159257,B832,045003,VIA GIUSEPPE VOLPI,,VIA GIUSEPPE VOLPI,Carrara,Toscana,045003,volpi_giuseppe,Giuseppe Volpi,Giuseppe Volpi,100.0,exact_canonical,giuseppe volpi,accepted_auto,Giuseppe Volpi;Giuseppe Volpi di Misurata;Volpi di Misurata;Volpi,political_economic_administration,Libya,1921-1925,Governor of Tripolitania and a major political-economic figure in Italian colonial policy.,https://www.treccani.it/enciclopedia/volpi-giuseppe-conte-di-misurata/,,False,verified,87147
159392,B832,045003,VIA PIETRO TOSELLI,,VIA PIETRO TOSELLI,Carrara,Toscana,045003,toselli_pietro,Pietro Toselli,Pietro Toselli,100.0,exact_canonical,pietro toselli,accepted_auto,Pietro Toselli;Toselli;Maggiore Toselli,military,Eritrea;Ethiopia,1890s,Italian officer in the colonial campaigns in the Horn of Africa; killed at Amba Alagi in 1895.,https://www.tandfonline.com/doi/full/10.1080/1369801X.2023.2222710,,True,verified,87147
793557,B950,050008,VIA FRANCESCO CRISPI,,VIA FRANCESCO CRISPI,Cascina,Toscana,050008,crispi_francesco,Francesco Crispi,Francesco Crispi,100.0,exact_canonical,francesco crispi,accepted_auto,Francesco Crispi,political_and_administration,Eritrea;Ethiopia;Somalia,1887-1896,Prime minister and a principal political promoter of Italian colonial expansion in the Horn of Africa; his policy culminated in the war ending at Adwa.,https://www.treccani.it/enciclopedia/francesco-crispi/,,False,verified_manual,87147
646609,C415,049007,VIA BALDISSERA,,VIA BALDISSERA,Cecina,Toscana,049007,baldissera_antonio,Antonio Baldissera,Baldissera,100.0,exact_surname,baldissera,needs_review,Antonio Baldissera;Baldissera,military_and_administration,Eritrea;Ethiopia,1880s-1890s,General associated with the occupation and military administration of Eritrea.,https://www.tandfonline.com/doi/full/10.1080/1369801X.2023.2222710,,True,verified,87147
646946,C415,049007,VIA TOSELLI,,VIA TOSELLI,Cecina,Toscana,049007,toselli_pietro,Pietro Toselli,Toselli,100.0,exact_surname,toselli,needs_review,Pietro Toselli;Toselli;Maggiore Toselli,military,Eritrea;Ethiopia,1890s,Italian officer in the colonial campaigns in the Horn of Africa; killed at Amba Alagi in 1895.,https://www.tandfonline.com/doi/full/10.1080/1369801X.2023.2222710,,True,verified,87147
646787,C415,049007,VIALE GALLIANO,,VIALE GALLIANO,Cecina,Toscana,049007,galliano_giuseppe,Giuseppe Galliano,Galliano,100.0,exact_surname,galliano,needs_review,Giuseppe Galliano;Galliano,military,Eritrea;Ethiopia,1880s-1890s,Italian officer active in the colonial campaigns in Eritrea and Ethiopia.,https://www.lastampa.it/torino/2023/03/22/news/nomi_vie_piazze_colonialismo-12713667/,,True,verified,87147
543856,D403,048014,VIA VITTORIO BOTTEGO,,VIA VITTORIO BOTTEGO,Empoli,Toscana,048014,bottego_vittorio,Vittorio Bottego,Vittorio Bottego,100.0,exact_canonical,vittorio bottego,accepted_auto,Vittorio Bottego,exploration_geography,Somalia;Ethiopia;Eritrea,1887-1897,Army officer and explorer whose expeditions in the Horn of Africa were closely connected with Italian territorial ambitions in Somalia and Ethiopia.,https://www.treccani.it/enciclopedia/vittorio-bottego_%28Dizionario-Biografico%29/,,False,verified_manual,87147
1162201,D612,048017,VIA ANTONIO LOCATELLI,,VIA ANTONIO LOCATELLI,Firenze,Toscana,048017,locatelli_antonio,Antonio Locatelli,Antonio Locatelli,100.0,exact_canonical,antonio locatelli,accepted_auto,Antonio Locatelli;Locatelli,military,Ethiopia,1935-1936,"Aviator and volunteer in the war against Ethiopia, later commemorated in Italian public space.",https://www.tandfonline.com/doi/full/10.1080/1369801X.2023.2222710,,False,verified,87147
1163301,D612,048017,VIA FERDINANDO MARTINI,,VIA FERDINANDO MARTINI,Firenze,Toscana,048017,martini_ferdinando,Ferdinando Martini,Ferdinando Martini,100.0,exact_canonical,ferdinando martini,accepted_auto,Ferdinando Martini;Martini,political_and_administration,Eritrea,1897-1907,Italian politician and governor of Eritrea from 1897 to 1907.,https://www.tandfonline.com/doi/full/10.1080/1369801X.2023.2222710,,False,verified,87147
1163363,D612,048017,VIA FRANCESCO CRISPI,,VIA FRANCESCO CRISPI,Firenze,Toscana,048017,crispi_francesco,Francesco Crispi,Francesco Crispi,100.0,exact_canonical,francesco crispi,accepted_auto,Francesco Crispi,political_and_administration,Eritrea;Ethiopia;Somalia,1887-1896,Prime minister and a principal political promoter of Italian colonial expansion in the Horn of Africa; his policy culminated in the war ending at Adwa.,https://www.treccani.it/enciclopedia/francesco-crispi/,,False,verified_manual,87147
1163568,D612,048017,VIA GIUSEPPE GALLIANO,,VIA GIUSEPPE GALLIANO,Firenze,Toscana,048017,galliano_giuseppe,Giuseppe Galliano,Giuseppe Galliano,100.0,exact_canonical,giuseppe galliano,accepted_auto,Giuseppe Galliano;Galliano,military,Eritrea;Ethiopia,1880s-1890s,Italian officer active in the colonial campaigns in Eritrea and Ethiopia.,https://www.lastampa.it/torino/2023/03/22/news/nomi_vie_piazze_colonialismo-12713667/,,True,verified,87147
1163973,D612,048017,VIA PIETRO TOSELLI,,VIA PIETRO TOSELLI,Firenze,Toscana,048017,toselli_pietro,Pietro Toselli,Pietro Toselli,100.0,exact_canonical,pietro toselli,accepted_auto,Pietro Toselli;Toselli;Maggiore Toselli,military,Eritrea;Ethiopia,1890s,Italian officer in the colonial campaigns in the Horn of Africa; killed at Amba Alagi in 1895.,https://www.tandfonline.com/doi/full/10.1080/1369801X.2023.2222710,,True,verified,87147
1164013,D612,048017,VIA REGINALDO GIULIANI,,VIA REGINALDO GIULIANI,Firenze,Toscana,048017,giuliani_reginaldo,Reginaldo Giuliani,Reginaldo Giuliani,100.0,exact_canonical,reginaldo giuliani,accepted_auto,Reginaldo Giuliani;Giuliani;Padre Reginaldo Giuliani,military_and_religious,Ethiopia,1935-1936,Dominican friar and volunteer military chaplain associated with the war against Ethiopia.,https://www.tandfonline.com/doi/full/10.1080/1369801X.2023.2222710,,False,verified,87147
1164286,D612,048017,VIA VITTORIO BOTTEGO,,VIA VITTORIO BOTTEGO,Firenze,Toscana,048017,bottego_vittorio,Vittorio Bottego,Vittorio Bottego,100.0,exact_canonical,vittorio bottego,accepted_auto,Vittorio Bottego,exploration_geography,Somalia;Ethiopia;Eritrea,1887-1897,Army officer and explorer whose expeditions in the Horn of Africa were closely connected with Italian territorial ambitions in Somalia and Ethiopia.,https://www.treccani.it/enciclopedia/vittorio-bottego_%28Dizionario-Biografico%29/,,False,verified_manual,87147
1163225,D612,048017,VIALE DUCA DEGLI ABRUZZI,,VIALE DUCA DEGLI ABRUZZI,Firenze,Toscana,048017,savoiaaosta_luigiamedeo,Luigi Amedeo di Savoia-Aosta,Duca degli Abruzzi,100.0,exact_alias,duca degli abruzzi,accepted_auto,Luigi Amedeo di Savoia-Aosta;Duca degli Abruzzi,economic_and_colonization,Somalia,1919-1933,"Prince, explorer and founder of the large agricultural settlement and company at Villaggio Duca degli Abruzzi in Italian Somalia.",https://www.treccani.it/enciclopedia/savoia-aosta-luigi-amedeo-giuseppe-maria-ferdinando-francesco-di-duca-degli-abruzzi_%28Dizionario-Biografico%29/,,False,verified_manual,87147
1031933,D730,046013,VIA DUCA DEGLI ABRUZZI,,VIA DUCA DEGLI ABRUZZI,Forte dei Marmi,Toscana,046013,savoiaaosta_luigiamedeo,Luigi Amedeo di Savoia-Aosta,Duca degli Abruzzi,100.0,exact_alias,duca degli abruzzi,accepted_auto,Luigi Amedeo di Savoia-Aosta;Duca degli Abruzzi,economic_and_colonization,Somalia,1919-1933,"Prince, explorer and founder of the large agricultural settlement and company at Villaggio Duca degli Abruzzi in Italian Somalia.",https://www.treccani.it/enciclopedia/savoia-aosta-luigi-amedeo-giuseppe-maria-ferdinando-francesco-di-duca-degli-abruzzi_%28Dizionario-Biografico%29/,,False,verified_manual,87147
1031945,D730,046013,VIA FRANCESCO CRISPI,,VIA FRANCESCO CRISPI,Forte dei Marmi,Toscana,046013,crispi_francesco,Francesco Crispi,Francesco Crispi,100.0,exact_canonical,francesco crispi,accepted_auto,Francesco Crispi,political_and_administration,Eritrea;Ethiopia;Somalia,1887-1896,Prime minister and a principal political promoter of Italian colonial expansion in the Horn of Africa; his policy culminated in the war ending at Adwa.,https://www.treccani.it/enciclopedia/francesco-crispi/,,False,verified_manual,87147
320142,D735,045008,VIA GALLIANO,,VIA GALLIANO,Fosdinovo,Toscana,045008,galliano_giuseppe,Giuseppe Galliano,Galliano,100.0,exact_surname,galliano,needs_review,Giuseppe Galliano;Galliano,military,Eritrea;Ethiopia,1880s-1890s,Italian officer active in the colonial campaigns in Eritrea and Ethiopia.,https://www.lastampa.it/torino/2023/03/22/news/nomi_vie_piazze_colonialismo-12713667/,,True,verified,87147
320181,D735,045008,VIA TOSELLI,,VIA TOSELLI,Fosdinovo,Toscana,045008,toselli_pietro,Pietro Toselli,Toselli,100.0,exact_surname,toselli,needs_review,Pietro Toselli;Toselli;Maggiore Toselli,military,Eritrea;Ethiopia,1890s,Italian officer in the colonial campaigns in the Horn of Africa; killed at Amba Alagi in 1895.,https://www.tandfonline.com/doi/full/10.1080/1369801X.2023.2222710,,True,verified,87147
340326,E348,053012,VIA VITTORIO BOTTEGO,,VIA VITTORIO BOTTEGO,Isola del Giglio,Toscana,053012,bottego_vittorio,Vittorio Bottego,Vittorio Bottego,100.0,exact_canonical,vittorio bottego,accepted_auto,Vittorio Bottego,exploration_geography,Somalia;Ethiopia;Eritrea,1887-1897,Army officer and explorer whose expeditions in the Horn of Africa were closely connected with Italian territorial ambitions in Somalia and Ethiopia.,https://www.treccani.it/enciclopedia/vittorio-bottego_%28Dizionario-Biografico%29/,,False,verified_manual,87147
136177,E625,049009,VIA FRANCESCO CRISPI,,VIA FRANCESCO CRISPI,Livorno,Toscana,049009,crispi_francesco,Francesco Crispi,Francesco Crispi,100.0,exact_canonical,francesco crispi,accepted_auto,Francesco Crispi,political_and_administration,Eritrea;Ethiopia;Somalia,1887-1896,Prime minister and a principal political promoter of Italian colonial expansion in the Horn of Africa; his policy culminated in the war ending at Adwa.,https://www.treccani.it/enciclopedia/francesco-crispi/,,False,verified_manual,87147
354370,E693,051020,VIA DUCA DEGLI ABRUZZI,,VIA DUCA DEGLI ABRUZZI,Loro Ciuffenna,Toscana,051020,savoiaaosta_luigiamedeo,Luigi Amedeo di Savoia-Aosta,Duca degli Abruzzi,100.0,exact_alias,duca degli abruzzi,accepted_auto,Luigi Amedeo di Savoia-Aosta;Duca degli Abruzzi,economic_and_colonization,Somalia,1919-1933,"Prince, explorer and founder of the large agricultural settlement and company at Villaggio Duca degli Abruzzi in Italian Somalia.",https://www.treccani.it/enciclopedia/savoia-aosta-luigi-amedeo-giuseppe-maria-ferdinando-francesco-di-duca-degli-abruzzi_%28Dizionario-Biografico%29/,,False,verified_manual,87147
856382,E715,046017,VIA FERDINANDO MARTINI,,VIA FERDINANDO MARTINI,Lucca,Toscana,046017,martini_ferdinando,Ferdinando Martini,Ferdinando Martini,100.0,exact_canonical,ferdinando martini,accepted_auto,Ferdinando Martini;Martini,political_and_administration,Eritrea,1897-1907,Italian politician and governor of Eritrea from 1897 to 1907.,https://www.tandfonline.com/doi/full/10.1080/1369801X.2023.2222710,,False,verified,87147
592964,E930,049010,VIA DEL BONO,,VIA DEL BONO,Marciana,Toscana,049010,debono_emilio,Emilio De Bono,De Bono,93.33333333333333,fuzzy_full_or_alias,del bono,needs_review,Emilio De Bono;De Bono;Emilio De Bòno,military_political_administration,Libya;Eritrea;Ethiopia,1925-1935,"Governor of Tripolitania, minister of the Colonies, and commander in the first phase of the war against Ethiopia.",https://www.treccani.it/enciclopedia/emilio-de-bono/,,True,verified,87147
144318,F023,045010,VIA FERDINANDO MARTINI,,VIA FERDINANDO MARTINI,Massa,Toscana,045010,martini_ferdinando,Ferdinando Martini,Ferdinando Martini,100.0,exact_canonical,ferdinando martini,accepted_auto,Ferdinando Martini;Martini,political_and_administration,Eritrea,1897-1907,Italian politician and governor of Eritrea from 1897 to 1907.,https://www.tandfonline.com/doi/full/10.1080/1369801X.2023.2222710,,False,verified,87147
144379,F023,045010,VIA GIUSEPPE GALLIANO,,VIA GIUSEPPE GALLIANO,Massa,Toscana,045010,galliano_giuseppe,Giuseppe Galliano,Giuseppe Galliano,100.0,exact_canonical,giuseppe galliano,accepted_auto,Giuseppe Galliano;Galliano,military,Eritrea;Ethiopia,1880s-1890s,Italian officer active in the colonial campaigns in Eritrea and Ethiopia.,https://www.lastampa.it/torino/2023/03/22/news/nomi_vie_piazze_colonialismo-12713667/,,True,verified,87147
685586,F384,047009,PIAZZA FERDINANDO MARTINI,,PIAZZA FERDINANDO MARTINI,Monsummano Terme,Toscana,047009,martini_ferdinando,Ferdinando Martini,Ferdinando Martini,100.0,exact_canonical,ferdinando martini,accepted_auto,Ferdinando Martini;Martini,political_and_administration,Eritrea,1897-1907,Italian politician and governor of Eritrea from 1897 to 1907.,https://www.tandfonline.com/doi/full/10.1080/1369801X.2023.2222710,,False,verified,87147
685601,F384,047009,VIA FRANCESCO CRISPI,,VIA FRANCESCO CRISPI,Monsummano Terme,Toscana,047009,crispi_francesco,Francesco Crispi,Francesco Crispi,100.0,exact_canonical,francesco crispi,accepted_auto,Francesco Crispi,political_and_administration,Eritrea;Ethiopia;Somalia,1887-1896,Prime minister and a principal political promoter of Italian colonial expansion in the Horn of Africa; his policy culminated in the war ending at Adwa.,https://www.treccani.it/enciclopedia/francesco-crispi/,,False,verified_manual,87147
685649,F384,047009,VIA ITALO BALBO,,VIA ITALO BALBO,Monsummano Terme,Toscana,047009,balbo_italo,Italo Balbo,Italo Balbo,100.0,exact_canonical,italo balbo,accepted_auto,Italo Balbo;Balbo,political_and_administration,Libya,1934-1940,Governor-General of Italian Libya from 1934 to 1940.,https://www.treccani.it/enciclopedia/italo-balbo/,,True,verified,87147
634881,F410,047010,VIA FERNANDO MARTINI,,VIA FERNANDO MARTINI,Montale,Toscana,047010,martini_ferdinando,Ferdinando Martini,Ferdinando Martini,94.11764705882352,fuzzy_full_or_alias,fernando martini,needs_review,Ferdinando Martini;Martini,political_and_administration,Eritrea,1897-1907,Italian politician and governor of Eritrea from 1897 to 1907.,https://www.tandfonline.com/doi/full/10.1080/1369801X.2023.2222710,,False,verified,87147
634883,F410,047010,VIA FRANCESCO CRISPI,,VIA FRANCESCO CRISPI,Montale,Toscana,047010,crispi_francesco,Francesco Crispi,Francesco Crispi,100.0,exact_canonical,francesco crispi,accepted_auto,Francesco Crispi,political_and_administration,Eritrea;Ethiopia;Somalia,1887-1896,Prime minister and a principal political promoter of Italian colonial expansion in the Horn of Africa; his policy culminated in the war ending at Adwa.,https://www.treccani.it/enciclopedia/francesco-crispi/,,False,verified_manual,87147
334127,F437,053016,PIAZZA GIUSEPPE GALLIANO,,PIAZZA GIUSEPPE GALLIANO,Monte Argentario,Toscana,053016,galliano_giuseppe,Giuseppe Galliano,Giuseppe Galliano,100.0,exact_canonical,giuseppe galliano,accepted_auto,Giuseppe Galliano;Galliano,military,Eritrea;Ethiopia,1880s-1890s,Italian officer active in the colonial campaigns in Eritrea and Ethiopia.,https://www.lastampa.it/torino/2023/03/22/news/nomi_vie_piazze_colonialismo-12713667/,,True,verified,87147
334228,F437,053016,VIA PIETRO TOSELLI,,VIA PIETRO TOSELLI,Monte Argentario,Toscana,053016,toselli_pietro,Pietro Toselli,Pietro Toselli,100.0,exact_canonical,pietro toselli,accepted_auto,Pietro Toselli;Toselli;Maggiore Toselli,military,Eritrea;Ethiopia,1890s,Italian officer in the colonial campaigns in the Horn of Africa; killed at Amba Alagi in 1895.,https://www.tandfonline.com/doi/full/10.1080/1369801X.2023.2222710,,True,verified,87147
545166,F656,051026,VIA VITTORIO BOTTEGO,,VIA VITTORIO BOTTEGO,Montevarchi,Toscana,051026,bottego_vittorio,Vittorio Bottego,Vittorio Bottego,100.0,exact_canonical,vittorio bottego,accepted_auto,Vittorio Bottego,exploration_geography,Somalia;Ethiopia;Eritrea,1887-1897,Army officer and explorer whose expeditions in the Horn of Africa were closely connected with Italian territorial ambitions in Somalia and Ethiopia.,https://www.treccani.it/enciclopedia/vittorio-bottego_%28Dizionario-Biografico%29/,,False,verified_manual,87147
857692,G420,048032,VIA PADRE REGINALDO GIULIANI,,VIA PADRE REGINALDO GIULIANI,Pelago,Toscana,048032,giuliani_reginaldo,Reginaldo Giuliani,Reginaldo Giuliani,100.0,exact_canonical,padre reginaldo giuliani,accepted_auto,Reginaldo Giuliani;Giuliani;Padre Reginaldo Giuliani,military_and_religious,Ethiopia,1935-1936,Dominican friar and volunteer military chaplain associated with the war against Ethiopia.,https://www.tandfonline.com/doi/full/10.1080/1369801X.2023.2222710,,False,verified,87147
1088982,G491,047012,VIA FERDINANDO MARTINI,,VIA FERDINANDO MARTINI,Pescia,Toscana,047012,martini_ferdinando,Ferdinando Martini,Ferdinando Martini,100.0,exact_canonical,ferdinando martini,accepted_auto,Ferdinando Martini;Martini,political_and_administration,Eritrea,1897-1907,Italian politician and governor of Eritrea from 1897 to 1907.,https://www.tandfonline.com/doi/full/10.1080/1369801X.2023.2222710,,False,verified,87147
562434,G628,046024,PIAZZA FRANCESCO CRISPI,,PIAZZA FRANCESCO CRISPI,Pietrasanta,Toscana,046024,crispi_francesco,Francesco Crispi,Francesco Crispi,100.0,exact_canonical,francesco crispi,accepted_auto,Francesco Crispi,political_and_administration,Eritrea;Ethiopia;Somalia,1887-1896,Prime minister and a principal political promoter of Italian colonial expansion in the Horn of Africa; his policy culminated in the war ending at Adwa.,https://www.treccani.it/enciclopedia/francesco-crispi/,,False,verified_manual,87147
955897,G636,047013,VIA PIETRO TOSELLI,,VIA PIETRO TOSELLI,Pieve a Nievole,Toscana,047013,toselli_pietro,Pietro Toselli,Pietro Toselli,100.0,exact_canonical,pietro toselli,accepted_auto,Pietro Toselli;Toselli;Maggiore Toselli,military,Eritrea;Ethiopia,1890s,Italian officer in the colonial campaigns in the Horn of Africa; killed at Amba Alagi in 1895.,https://www.tandfonline.com/doi/full/10.1080/1369801X.2023.2222710,,True,verified,87147
789105,G702,050026,VIA ANTONIO LOCATELLI,,VIA ANTONIO LOCATELLI,Pisa,Toscana,050026,locatelli_antonio,Antonio Locatelli,Antonio Locatelli,100.0,exact_canonical,antonio locatelli,accepted_auto,Antonio Locatelli;Locatelli,military,Ethiopia,1935-1936,"Aviator and volunteer in the war against Ethiopia, later commemorated in Italian public space.",https://www.tandfonline.com/doi/full/10.1080/1369801X.2023.2222710,,False,verified,87147
789573,G702,050026,VIA FRANCESCO CRISPI,,VIA FRANCESCO CRISPI,Pisa,Toscana,050026,crispi_francesco,Francesco Crispi,Francesco Crispi,100.0,exact_canonical,francesco crispi,accepted_auto,Francesco Crispi,political_and_administration,Eritrea;Ethiopia;Somalia,1887-1896,Prime minister and a principal political promoter of Italian colonial expansion in the Horn of Africa; his policy culminated in the war ending at Adwa.,https://www.treccani.it/enciclopedia/francesco-crispi/,,False,verified_manual,87147
789939,G702,050026,VIA PIETRO TOSELLI,,VIA PIETRO TOSELLI,Pisa,Toscana,050026,toselli_pietro,Pietro Toselli,Pietro Toselli,100.0,exact_canonical,pietro toselli,accepted_auto,Pietro Toselli;Toselli;Maggiore Toselli,military,Eritrea;Ethiopia,1890s,Italian officer in the colonial campaigns in the Horn of Africa; killed at Amba Alagi in 1895.,https://www.tandfonline.com/doi/full/10.1080/1369801X.2023.2222710,,True,verified,87147
419210,G713,047014,VIA DUCA DEGLI ABRUZZI,,VIA DUCA DEGLI ABRUZZI,Pistoia,Toscana,047014,savoiaaosta_luigiamedeo,Luigi Amedeo di Savoia-Aosta,Duca degli Abruzzi,100.0,exact_alias,duca degli abruzzi,accepted_auto,Luigi Amedeo di Savoia-Aosta;Duca degli Abruzzi,economic_and_colonization,Somalia,1919-1933,"Prince, explorer and founder of the large agricultural settlement and company at Villaggio Duca degli Abruzzi in Italian Somalia.",https://www.treccani.it/enciclopedia/savoia-aosta-luigi-amedeo-giuseppe-maria-ferdinando-francesco-di-duca-degli-abruzzi_%28Dizionario-Biografico%29/,,False,verified_manual,87147
419229,G713,047014,VIA FERDINANDO MARTINI,,VIA FERDINANDO MARTINI,Pistoia,Toscana,047014,martini_ferdinando,Ferdinando Martini,Ferdinando Martini,100.0,exact_canonical,ferdinando martini,accepted_auto,Ferdinando Martini;Martini,political_and_administration,Eritrea,1897-1907,Italian politician and governor of Eritrea from 1897 to 1907.,https://www.tandfonline.com/doi/full/10.1080/1369801X.2023.2222710,,False,verified,87147
419247,G713,047014,VIA FRANCESCO CRISPI,,VIA FRANCESCO CRISPI,Pistoia,Toscana,047014,crispi_francesco,Francesco Crispi,Francesco Crispi,100.0,exact_canonical,francesco crispi,accepted_auto,Francesco Crispi,political_and_administration,Eritrea;Ethiopia;Somalia,1887-1896,Prime minister and a principal political promoter of Italian colonial expansion in the Horn of Africa; his policy culminated in the war ending at Adwa.,https://www.treccani.it/enciclopedia/francesco-crispi/,,False,verified_manual,87147
419307,G713,047014,VIA GIUSEPPE GALLIANO,,VIA GIUSEPPE GALLIANO,Pistoia,Toscana,047014,galliano_giuseppe,Giuseppe Galliano,Giuseppe Galliano,100.0,exact_canonical,giuseppe galliano,accepted_auto,Giuseppe Galliano;Galliano,military,Eritrea;Ethiopia,1880s-1890s,Italian officer active in the colonial campaigns in Eritrea and Ethiopia.,https://www.lastampa.it/torino/2023/03/22/news/nomi_vie_piazze_colonialismo-12713667/,,True,verified,87147
419454,G713,047014,VIA PIETRO TOSELLI,,VIA PIETRO TOSELLI,Pistoia,Toscana,047014,toselli_pietro,Pietro Toselli,Pietro Toselli,100.0,exact_canonical,pietro toselli,accepted_auto,Pietro Toselli;Toselli;Maggiore Toselli,military,Eritrea;Ethiopia,1890s,Italian officer in the colonial campaigns in the Horn of Africa; killed at Amba Alagi in 1895.,https://www.tandfonline.com/doi/full/10.1080/1369801X.2023.2222710,,True,verified,87147
131153,G999,100005,VIA PADRE REGINALDO GIULIANI,,VIA PADRE REGINALDO GIULIANI,Prato,Toscana,100005,giuliani_reginaldo,Reginaldo Giuliani,Reginaldo Giuliani,100.0,exact_canonical,padre reginaldo giuliani,accepted_auto,Reginaldo Giuliani;Giuliani;Padre Reginaldo Giuliani,military_and_religious,Ethiopia,1935-1936,Dominican friar and volunteer military chaplain associated with the war against Ethiopia.,https://www.tandfonline.com/doi/full/10.1080/1369801X.2023.2222710,,False,verified,87147
809610,H109,047017,VIA VITTORIO BOTTEGO,,VIA VITTORIO BOTTEGO,Quarrata,Toscana,047017,bottego_vittorio,Vittorio Bottego,Vittorio Bottego,100.0,exact_canonical,vittorio bottego,accepted_auto,Vittorio Bottego,exploration_geography,Somalia;Ethiopia;Eritrea,1887-1897,Army officer and explorer whose expeditions in the Horn of Africa were closely connected with Italian territorial ambitions in Somalia and Ethiopia.,https://www.treccani.it/enciclopedia/vittorio-bottego_%28Dizionario-Biografico%29/,,False,verified_manual,87147
871646,H449,053021,VIA FRANCESCO CRISPI,,VIA FRANCESCO CRISPI,Roccastrada,Toscana,053021,crispi_francesco,Francesco Crispi,Francesco Crispi,100.0,exact_canonical,francesco crispi,accepted_auto,Francesco Crispi,political_and_administration,Eritrea;Ethiopia;Somalia,1887-1896,Prime minister and a principal political promoter of Italian colonial expansion in the Horn of Africa; his policy culminated in the war ending at Adwa.,https://www.treccani.it/enciclopedia/francesco-crispi/,,False,verified_manual,87147
674794,I726,052032,VIALE PIETRO TOSELLI,,VIALE PIETRO TOSELLI,Siena,Toscana,052032,toselli_pietro,Pietro Toselli,Pietro Toselli,100.0,exact_canonical,pietro toselli,accepted_auto,Pietro Toselli;Toselli;Maggiore Toselli,military,Eritrea;Ethiopia,1890s,Italian officer in the colonial campaigns in the Horn of Africa; killed at Amba Alagi in 1895.,https://www.tandfonline.com/doi/full/10.1080/1369801X.2023.2222710,,True,verified,87147
1258357,L833,046033,VIA GIUSEPPE VOLPI,,VIA GIUSEPPE VOLPI,Viareggio,Toscana,046033,volpi_giuseppe,Giuseppe Volpi,Giuseppe Volpi,100.0,exact_canonical,giuseppe volpi,accepted_auto,Giuseppe Volpi;Giuseppe Volpi di Misurata;Volpi di Misurata;Volpi,political_economic_administration,Libya,1921-1925,Governor of Tripolitania and a major political-economic figure in Italian colonial policy.,https://www.treccani.it/enciclopedia/volpi-giuseppe-conte-di-misurata/,,False,verified,87147
1258564,L833,046033,VIA VITTORIO BOTTEGO,,VIA VITTORIO BOTTEGO,Viareggio,Toscana,046033,bottego_vittorio,Vittorio Bottego,Vittorio Bottego,100.0,exact_canonical,vittorio bottego,accepted_auto,Vittorio Bottego,exploration_geography,Somalia;Ethiopia;Eritrea,1887-1897,Army officer and explorer whose expeditions in the Horn of Africa were closely connected with Italian territorial ambitions in Somalia and Ethiopia.,https://www.treccani.it/enciclopedia/vittorio-bottego_%28Dizionario-Biografico%29/,,False,verified_manual,87147
787401,M328,050041,VIA GALLIANO,,VIA GALLIANO,Crespina Lorenzana,Toscana,050041,galliano_giuseppe,Giuseppe Galliano,Galliano,100.0,exact_surname,galliano,needs_review,Giuseppe Galliano;Galliano,military,Eritrea;Ethiopia,1880s-1890s,Italian officer active in the colonial campaigns in Eritrea and Ethiopia.,https://www.lastampa.it/torino/2023/03/22/news/nomi_vie_piazze_colonialismo-12713667/,,True,verified,87147
1334234,A952,021008,VIA ANTONIO LOCATELLI,,VIA ANTONIO LOCATELLI,Bolzano,Trentino-Alto Adige/Südtirol,021008,locatelli_antonio,Antonio Locatelli,Antonio Locatelli,100.0,exact_canonical,antonio locatelli,accepted_auto,Antonio Locatelli;Locatelli,military,Ethiopia,1935-1936,"Aviator and volunteer in the war against Ethiopia, later commemorated in Italian public space.",https://www.tandfonline.com/doi/full/10.1080/1369801X.2023.2222710,,False,verified,19527
1334141,A952,021008,VIA FRANCESCO CRISPI,,VIA FRANCESCO CRISPI,Bolzano,Trentino-Alto Adige/Südtirol,021008,crispi_francesco,Francesco Crispi,Francesco Crispi,100.0,exact_canonical,francesco crispi,accepted_auto,Francesco Crispi,political_and_administration,Eritrea;Ethiopia;Somalia,1887-1896,Prime minister and a principal political promoter of Italian colonial expansion in the Horn of Africa; his policy culminated in the war ending at Adwa.,https://www.treccani.it/enciclopedia/francesco-crispi/,,False,verified_manual,19527
1334200,A952,021008,VIA PADRE REGINALDO GIULIANI,,VIA PADRE REGINALDO GIULIANI,Bolzano,Trentino-Alto Adige/Südtirol,021008,giuliani_reginaldo,Reginaldo Giuliani,Reginaldo Giuliani,100.0,exact_canonical,padre reginaldo giuliani,accepted_auto,Reginaldo Giuliani;Giuliani;Padre Reginaldo Giuliani,military_and_religious,Ethiopia,1935-1936,Dominican friar and volunteer military chaplain associated with the war against Ethiopia.,https://www.tandfonline.com/doi/full/10.1080/1369801X.2023.2222710,,False,verified,19527
1313134,C372,022050,VIA ORESTE BARATIERI,,VIA ORESTE BARATIERI,Cavalese,Trentino-Alto Adige/Südtirol,022050,baratieri_oreste,Oreste Baratieri,Oreste Baratieri,100.0,exact_canonical,oreste baratieri,accepted_auto,Oreste Baratieri;Baratieri,military_and_administration,Eritrea;Ethiopia,1887-1896,Commander of Italian forces in East Africa and governor of Eritrea; led the 1895-1896 campaign ending at Adwa.,https://www.treccani.it/enciclopedia/oreste-baratieri/,,True,verified,19527
1333048,E421,021040,VIA FRANCESCO CRISPI,,VIA FRANCESCO CRISPI,Laives,Trentino-Alto Adige/Südtirol,021040,crispi_francesco,Francesco Crispi,Francesco Crispi,100.0,exact_canonical,francesco crispi,accepted_auto,Francesco Crispi,political_and_administration,Eritrea;Ethiopia;Somalia,1887-1896,Prime minister and a principal political promoter of Italian colonial expansion in the Horn of Africa; his policy culminated in the war ending at Adwa.,https://www.treccani.it/enciclopedia/francesco-crispi/,,False,verified_manual,19527
1316540,G452,022139,VIA ORESTE BARATIERI,,VIA ORESTE BARATIERI,Pergine Valsugana,Trentino-Alto Adige/Südtirol,022139,baratieri_oreste,Oreste Baratieri,Oreste Baratieri,100.0,exact_canonical,oreste baratieri,accepted_auto,Oreste Baratieri;Baratieri,military_and_administration,Eritrea;Ethiopia,1887-1896,Commander of Italian forces in East Africa and governor of Eritrea; led the 1895-1896 campaign ending at Adwa.,https://www.treccani.it/enciclopedia/oreste-baratieri/,,True,verified,19527
1317732,H612,022161,VIA ORESTE BARATIERI,,VIA ORESTE BARATIERI,Rovereto,Trentino-Alto Adige/Südtirol,022161,baratieri_oreste,Oreste Baratieri,Oreste Baratieri,100.0,exact_canonical,oreste baratieri,accepted_auto,Oreste Baratieri;Baratieri,military_and_administration,Eritrea;Ethiopia,1887-1896,Commander of Italian forces in East Africa and governor of Eritrea; led the 1895-1896 campaign ending at Adwa.,https://www.treccani.it/enciclopedia/oreste-baratieri/,,True,verified,19527
1318804,I975,022184,VIA FRANCESCO CRISPI,,VIA FRANCESCO CRISPI,Strembo,Trentino-Alto Adige/Südtirol,022184,crispi_francesco,Francesco Crispi,Francesco Crispi,100.0,exact_canonical,francesco crispi,accepted_auto,Francesco Crispi,political_and_administration,Eritrea;Ethiopia;Somalia,1887-1896,Prime minister and a principal political promoter of Italian colonial expansion in the Horn of Africa; his policy culminated in the war ending at Adwa.,https://www.treccani.it/enciclopedia/francesco-crispi/,,False,verified_manual,19527
1319254,L174,022199,VIA ITALO BALBO,,VIA ITALO BALBO,Tione di Trento,Trentino-Alto Adige/Südtirol,022199,balbo_italo,Italo Balbo,Italo Balbo,100.0,exact_canonical,italo balbo,accepted_auto,Italo Balbo;Balbo,political_and_administration,Libya,1934-1940,Governor-General of Italian Libya from 1934 to 1940.,https://www.treccani.it/enciclopedia/italo-balbo/,,True,verified,19527
1322022,M352,022238,VIA ORESTE BARATIERI,,VIA ORESTE BARATIERI,Borgo Chiese,Trentino-Alto Adige/Südtirol,022238,baratieri_oreste,Oreste Baratieri,Oreste Baratieri,100.0,exact_canonical,oreste baratieri,accepted_auto,Oreste Baratieri;Baratieri,military_and_administration,Eritrea;Ethiopia,1887-1896,Commander of Italian forces in East Africa and governor of Eritrea; led the 1895-1896 campaign ending at Adwa.,https://www.treccani.it/enciclopedia/oreste-baratieri/,,True,verified,19527
323658,A242,055003,VIA GALLIANO,,VIA GALLIANO,Alviano,Umbria,055003,galliano_giuseppe,Giuseppe Galliano,Galliano,100.0,exact_surname,galliano,needs_review,Giuseppe Galliano;Galliano,military,Eritrea;Ethiopia,1880s-1890s,Italian officer active in the colonial campaigns in Eritrea and Ethiopia.,https://www.lastampa.it/torino/2023/03/22/news/nomi_vie_piazze_colonialismo-12713667/,,True,verified,26096
323692,A242,055003,VIA TOSELLI,,VIA TOSELLI,Alviano,Umbria,055003,toselli_pietro,Pietro Toselli,Toselli,100.0,exact_surname,toselli,needs_review,Pietro Toselli;Toselli;Maggiore Toselli,military,Eritrea;Ethiopia,1890s,Italian officer in the colonial campaigns in the Horn of Africa; killed at Amba Alagi in 1895.,https://www.tandfonline.com/doi/full/10.1080/1369801X.2023.2222710,,True,verified,26096
810315,A475,054001,VIA DUCA DEGLI ABRUZZI,,VIA DUCA DEGLI ABRUZZI,Assisi,Umbria,054001,savoiaaosta_luigiamedeo,Luigi Amedeo di Savoia-Aosta,Duca degli Abruzzi,100.0,exact_alias,duca degli abruzzi,accepted_auto,Luigi Amedeo di Savoia-Aosta;Duca degli Abruzzi,economic_and_colonization,Somalia,1919-1933,"Prince, explorer and founder of the large agricultural settlement and company at Villaggio Duca degli Abruzzi in Italian Somalia.",https://www.treccani.it/enciclopedia/savoia-aosta-luigi-amedeo-giuseppe-maria-ferdinando-francesco-di-duca-degli-abruzzi_%28Dizionario-Biografico%29/,,False,verified_manual,26096
701898,C845,054014,VIA DUCA DEGLI ABRUZZI,,VIA DUCA DEGLI ABRUZZI,Collazzone,Umbria,054014,savoiaaosta_luigiamedeo,Luigi Amedeo di Savoia-Aosta,Duca degli Abruzzi,100.0,exact_alias,duca degli abruzzi,accepted_auto,Luigi Amedeo di Savoia-Aosta;Duca degli Abruzzi,economic_and_colonization,Somalia,1919-1933,"Prince, explorer and founder of the large agricultural settlement and company at Villaggio Duca degli Abruzzi in Italian Somalia.",https://www.treccani.it/enciclopedia/savoia-aosta-luigi-amedeo-giuseppe-maria-ferdinando-francesco-di-duca-degli-abruzzi_%28Dizionario-Biografico%29/,,False,verified_manual,26096
701830,C845,054014,VIA DUCA DEGLI ABRUZZI,,VIA DUCA DEGLI ABRUZZI,Collazzone,Umbria,054014,savoiaaosta_luigiamedeo,Luigi Amedeo di Savoia-Aosta,Duca degli Abruzzi,100.0,exact_alias,duca degli abruzzi,accepted_auto,Luigi Amedeo di Savoia-Aosta;Duca degli Abruzzi,economic_and_colonization,Somalia,1919-1933,"Prince, explorer and founder of the large agricultural settlement and company at Villaggio Duca degli Abruzzi in Italian Somalia.",https://www.treccani.it/enciclopedia/savoia-aosta-luigi-amedeo-giuseppe-maria-ferdinando-francesco-di-duca-degli-abruzzi_%28Dizionario-Biografico%29/,,False,verified_manual,26096
691026,C990,054015,VIA FRANCESCO CRISPI,,VIA FRANCESCO CRISPI,Corciano,Umbria,054015,crispi_francesco,Francesco Crispi,Francesco Crispi,100.0,exact_canonical,francesco crispi,accepted_auto,Francesco Crispi,political_and_administration,Eritrea;Ethiopia;Somalia,1887-1896,Prime minister and a principal political promoter of Italian colonial expansion in the Horn of Africa; his policy culminated in the war ending at Adwa.,https://www.treccani.it/enciclopedia/francesco-crispi/,,False,verified_manual,26096
691164,C990,054015,VIA ORAZIO ANTINORI,,VIA ORAZIO ANTINORI,Corciano,Umbria,054015,antinori_orazio,Orazio Antinori,Orazio Antinori,100.0,exact_canonical,orazio antinori,accepted_auto,Orazio Antinori,exploration_geography,Ethiopia;Eritrea,1870s-1882,Explorer and naturalist whose Ethiopian expeditions and diplomatic role helped establish early Italian political influence in Shoa.,https://www.treccani.it/enciclopedia/orazio-antinori_%28Enciclopedia-Italiana%29/,,False,verified_manual,26096
726440,D653,054018,VIA ORAZIO ANTINORI,,VIA ORAZIO ANTINORI,Foligno,Umbria,054018,antinori_orazio,Orazio Antinori,Orazio Antinori,100.0,exact_canonical,orazio antinori,accepted_auto,Orazio Antinori,exploration_geography,Ethiopia;Eritrea,1870s-1882,Explorer and naturalist whose Ethiopian expeditions and diplomatic role helped establish early Italian political influence in Shoa.,https://www.treccani.it/enciclopedia/orazio-antinori_%28Enciclopedia-Italiana%29/,,False,verified_manual,26096
726664,D653,054018,VIA VITTORIO BOTTEGO,,VIA VITTORIO BOTTEGO,Foligno,Umbria,054018,bottego_vittorio,Vittorio Bottego,Vittorio Bottego,100.0,exact_canonical,vittorio bottego,accepted_auto,Vittorio Bottego,exploration_geography,Somalia;Ethiopia;Eritrea,1887-1897,Army officer and explorer whose expeditions in the Horn of Africa were closely connected with Italian territorial ambitions in Somalia and Ethiopia.,https://www.treccani.it/enciclopedia/vittorio-bottego_%28Dizionario-Biografico%29/,,False,verified_manual,26096
635673,E229,054022,VIA TOSELLI,,VIA TOSELLI,Gualdo Cattaneo,Umbria,054022,toselli_pietro,Pietro Toselli,Toselli,100.0,exact_surname,toselli,needs_review,Pietro Toselli;Toselli;Maggiore Toselli,military,Eritrea;Ethiopia,1890s,Italian officer in the colonial campaigns in the Horn of Africa; killed at Amba Alagi in 1895.,https://www.tandfonline.com/doi/full/10.1080/1369801X.2023.2222710,,True,verified,26096
460371,E729,055016,VIA DUCA DEGLI ABRUZZI,,VIA DUCA DEGLI ABRUZZI,Lugnano in Teverina,Umbria,055016,savoiaaosta_luigiamedeo,Luigi Amedeo di Savoia-Aosta,Duca degli Abruzzi,100.0,exact_alias,duca degli abruzzi,accepted_auto,Luigi Amedeo di Savoia-Aosta;Duca degli Abruzzi,economic_and_colonization,Somalia,1919-1933,"Prince, explorer and founder of the large agricultural settlement and company at Villaggio Duca degli Abruzzi in Italian Somalia.",https://www.treccani.it/enciclopedia/savoia-aosta-luigi-amedeo-giuseppe-maria-ferdinando-francesco-di-duca-degli-abruzzi_%28Dizionario-Biografico%29/,,False,verified_manual,26096
699189,F456,054029,LARGO TOSELLI,,LARGO TOSELLI,Monte Castello di Vibio,Umbria,054029,toselli_pietro,Pietro Toselli,Toselli,100.0,exact_surname,toselli,needs_review,Pietro Toselli;Toselli;Maggiore Toselli,military,Eritrea;Ethiopia,1890s,Italian officer in the colonial campaigns in the Horn of Africa; killed at Amba Alagi in 1895.,https://www.tandfonline.com/doi/full/10.1080/1369801X.2023.2222710,,True,verified,26096
739517,F935,054035,VIA BALDISSERA,,VIA BALDISSERA,Norcia,Umbria,054035,baldissera_antonio,Antonio Baldissera,Baldissera,100.0,exact_surname,baldissera,needs_review,Antonio Baldissera;Baldissera,military_and_administration,Eritrea;Ethiopia,1880s-1890s,General associated with the occupation and military administration of Eritrea.,https://www.tandfonline.com/doi/full/10.1080/1369801X.2023.2222710,,True,verified,26096
739672,F935,054035,VIA GALLIANO,,VIA GALLIANO,Norcia,Umbria,054035,galliano_giuseppe,Giuseppe Galliano,Galliano,100.0,exact_surname,galliano,needs_review,Giuseppe Galliano;Galliano,military,Eritrea;Ethiopia,1880s-1890s,Italian officer active in the colonial campaigns in Eritrea and Ethiopia.,https://www.lastampa.it/torino/2023/03/22/news/nomi_vie_piazze_colonialismo-12713667/,,True,verified,26096
739772,F935,054035,VIA TOSELLI,,VIA TOSELLI,Norcia,Umbria,054035,toselli_pietro,Pietro Toselli,Toselli,100.0,exact_surname,toselli,needs_review,Pietro Toselli;Toselli;Maggiore Toselli,military,Eritrea;Ethiopia,1890s,Italian officer in the colonial campaigns in the Horn of Africa; killed at Amba Alagi in 1895.,https://www.tandfonline.com/doi/full/10.1080/1369801X.2023.2222710,,True,verified,26096
946059,G478,054039,VIALE ORAZIO ANTINORI,,VIALE ORAZIO ANTINORI,Perugia,Umbria,054039,antinori_orazio,Orazio Antinori,Orazio Antinori,100.0,exact_canonical,orazio antinori,accepted_auto,Orazio Antinori,exploration_geography,Ethiopia;Eritrea,1870s-1882,Explorer and naturalist whose Ethiopian expeditions and diplomatic role helped establish early Italian political influence in Shoa.,https://www.treccani.it/enciclopedia/orazio-antinori_%28Enciclopedia-Italiana%29/,,False,verified_manual,26096
317639,I727,054049,VIA GALLIANO,,VIA GALLIANO,Sigillo,Umbria,054049,galliano_giuseppe,Giuseppe Galliano,Galliano,100.0,exact_surname,galliano,needs_review,Giuseppe Galliano;Galliano,military,Eritrea;Ethiopia,1880s-1890s,Italian officer active in the colonial campaigns in Eritrea and Ethiopia.,https://www.lastampa.it/torino/2023/03/22/news/nomi_vie_piazze_colonialismo-12713667/,,True,verified,26096
924573,M258,055033,VIA GALLIANO,,VIA GALLIANO,Avigliano Umbro,Umbria,055033,galliano_giuseppe,Giuseppe Galliano,Galliano,100.0,exact_surname,galliano,needs_review,Giuseppe Galliano;Galliano,military,Eritrea;Ethiopia,1880s-1890s,Italian officer active in the colonial campaigns in Eritrea and Ethiopia.,https://www.lastampa.it/torino/2023/03/22/news/nomi_vie_piazze_colonialismo-12713667/,,True,verified,26096
806176,A326,007003,VIA DUCA DEGLI ABRUZZI,,VIA DUCA DEGLI ABRUZZI,Aosta,Valle d'Aosta/Vallée d'Aoste,007003,savoiaaosta_luigiamedeo,Luigi Amedeo di Savoia-Aosta,Duca degli Abruzzi,100.0,exact_alias,duca degli abruzzi,accepted_auto,Luigi Amedeo di Savoia-Aosta;Duca degli Abruzzi,economic_and_colonization,Somalia,1919-1933,"Prince, explorer and founder of the large agricultural settlement and company at Villaggio Duca degli Abruzzi in Italian Somalia.",https://www.treccani.it/enciclopedia/savoia-aosta-luigi-amedeo-giuseppe-maria-ferdinando-francesco-di-duca-degli-abruzzi_%28Dizionario-Biografico%29/,,False,verified_manual,6412
497935,A059,029001,STRADA GRAZIANI,,STRADA GRAZIANI,Adria,Veneto,029001,graziani_rodolfo,Rodolfo Graziani,Graziani,100.0,exact_surname,graziani,needs_review,Rodolfo Graziani;Graziani;Maresciallo Graziani,military_and_administration,Libya;Ethiopia,1920s-1937,Senior colonial commander in Libya and commander in the Italo-Ethiopian war; viceroy of Ethiopia in 1936-1937.,https://www.treccani.it/enciclopedia/rodolfo-graziani/,,True,verified,79091
452407,A459,024008,VIA FRANCESCO CRISPI,,VIA FRANCESCO CRISPI,Arzignano,Veneto,024008,crispi_francesco,Francesco Crispi,Francesco Crispi,100.0,exact_canonical,francesco crispi,accepted_auto,Francesco Crispi,political_and_administration,Eritrea;Ethiopia;Somalia,1887-1896,Prime minister and a principal political promoter of Italian colonial expansion in the Horn of Africa; his policy culminated in the war ending at Adwa.,https://www.treccani.it/enciclopedia/francesco-crispi/,,False,verified_manual,79091
452520,A459,024008,VIA ORAZIO ANTINORI,,VIA ORAZIO ANTINORI,Arzignano,Veneto,024008,antinori_orazio,Orazio Antinori,Orazio Antinori,100.0,exact_canonical,orazio antinori,accepted_auto,Orazio Antinori,exploration_geography,Ethiopia;Eritrea,1870s-1882,Explorer and naturalist whose Ethiopian expeditions and diplomatic role helped establish early Italian political influence in Shoa.,https://www.treccani.it/enciclopedia/orazio-antinori_%28Enciclopedia-Italiana%29/,,False,verified_manual,79091
452443,A459,024008,VIA PADRE REGINALDO GIULIANI,,VIA PADRE REGINALDO GIULIANI,Arzignano,Veneto,024008,giuliani_reginaldo,Reginaldo Giuliani,Reginaldo Giuliani,100.0,exact_canonical,padre reginaldo giuliani,accepted_auto,Reginaldo Giuliani;Giuliani;Padre Reginaldo Giuliani,military_and_religious,Ethiopia,1935-1936,Dominican friar and volunteer military chaplain associated with the war against Ethiopia.,https://www.tandfonline.com/doi/full/10.1080/1369801X.2023.2222710,,False,verified,79091
452303,A459,024008,VIA VITTORIO BOTTEGO,,VIA VITTORIO BOTTEGO,Arzignano,Veneto,024008,bottego_vittorio,Vittorio Bottego,Vittorio Bottego,100.0,exact_canonical,vittorio bottego,accepted_auto,Vittorio Bottego,exploration_geography,Somalia;Ethiopia;Eritrea,1887-1897,Army officer and explorer whose expeditions in the Horn of Africa were closely connected with Italian territorial ambitions in Somalia and Ethiopia.,https://www.treccani.it/enciclopedia/vittorio-bottego_%28Dizionario-Biografico%29/,,False,verified_manual,79091
608760,B642,027005,VIA DUCA DEGLI ABRUZZI,,VIA DUCA DEGLI ABRUZZI,Caorle,Veneto,027005,savoiaaosta_luigiamedeo,Luigi Amedeo di Savoia-Aosta,Duca degli Abruzzi,100.0,exact_alias,duca degli abruzzi,accepted_auto,Luigi Amedeo di Savoia-Aosta;Duca degli Abruzzi,economic_and_colonization,Somalia,1919-1933,"Prince, explorer and founder of the large agricultural settlement and company at Villaggio Duca degli Abruzzi in Italian Somalia.",https://www.treccani.it/enciclopedia/savoia-aosta-luigi-amedeo-giuseppe-maria-ferdinando-francesco-di-duca-degli-abruzzi_%28Dizionario-Biografico%29/,,False,verified_manual,79091
152542,B678,026007,VIA FRANCESCO CRISPI,,VIA FRANCESCO CRISPI,Cappella Maggiore,Veneto,026007,crispi_francesco,Francesco Crispi,Francesco Crispi,100.0,exact_canonical,francesco crispi,accepted_auto,Francesco Crispi,political_and_administration,Eritrea;Ethiopia;Somalia,1887-1896,Prime minister and a principal political promoter of Italian colonial expansion in the Horn of Africa; his policy culminated in the war ending at Adwa.,https://www.treccani.it/enciclopedia/francesco-crispi/,,False,verified_manual,79091
346843,C111,026012,VIA VITTORIO BOTTEGO,,VIA VITTORIO BOTTEGO,Castelfranco Veneto,Veneto,026012,bottego_vittorio,Vittorio Bottego,Vittorio Bottego,100.0,exact_canonical,vittorio bottego,accepted_auto,Vittorio Bottego,exploration_geography,Somalia;Ethiopia;Eritrea,1887-1897,Army officer and explorer whose expeditions in the Horn of Africa were closely connected with Italian territorial ambitions in Somalia and Ethiopia.,https://www.treccani.it/enciclopedia/vittorio-bottego_%28Dizionario-Biografico%29/,,False,verified_manual,79091
148481,C225,023022,VIA ITALO BALBO,,VIA ITALO BALBO,Castelnuovo del Garda,Veneto,023022,balbo_italo,Italo Balbo,Italo Balbo,100.0,exact_canonical,italo balbo,accepted_auto,Italo Balbo;Balbo,political_and_administration,Libya,1934-1940,Governor-General of Italian Libya from 1934 to 1940.,https://www.treccani.it/enciclopedia/italo-balbo/,,True,verified,79091
110726,C815,026019,VIA FRANCESCO CRISPI,,VIA FRANCESCO CRISPI,Codognè,Veneto,026019,crispi_francesco,Francesco Crispi,Francesco Crispi,100.0,exact_canonical,francesco crispi,accepted_auto,Francesco Crispi,political_and_administration,Eritrea;Ethiopia;Somalia,1887-1896,Prime minister and a principal political promoter of Italian colonial expansion in the Horn of Africa; his policy culminated in the war ending at Adwa.,https://www.treccani.it/enciclopedia/francesco-crispi/,,False,verified_manual,79091
190917,C957,026021,VIA FRANCESCO CRISPI,,VIA FRANCESCO CRISPI,Conegliano,Veneto,026021,crispi_francesco,Francesco Crispi,Francesco Crispi,100.0,exact_canonical,francesco crispi,accepted_auto,Francesco Crispi,political_and_administration,Eritrea;Ethiopia;Somalia,1887-1896,Prime minister and a principal political promoter of Italian colonial expansion in the Horn of Africa; his policy culminated in the war ending at Adwa.,https://www.treccani.it/enciclopedia/francesco-crispi/,,False,verified_manual,79091
105800,D107,024035,VIA FRANCESCO CRISPI,,VIA FRANCESCO CRISPI,Costabissara,Veneto,024035,crispi_francesco,Francesco Crispi,Francesco Crispi,100.0,exact_canonical,francesco crispi,accepted_auto,Francesco Crispi,political_and_administration,Eritrea;Ethiopia;Somalia,1887-1896,Prime minister and a principal political promoter of Italian colonial expansion in the Horn of Africa; his policy culminated in the war ending at Adwa.,https://www.treccani.it/enciclopedia/francesco-crispi/,,False,verified_manual,79091
282426,D325,027012,VIA DUCA DEGLI ABRUZZI,,VIA DUCA DEGLI ABRUZZI,Dolo,Veneto,027012,savoiaaosta_luigiamedeo,Luigi Amedeo di Savoia-Aosta,Duca degli Abruzzi,100.0,exact_alias,duca degli abruzzi,accepted_auto,Luigi Amedeo di Savoia-Aosta;Duca degli Abruzzi,economic_and_colonization,Somalia,1919-1933,"Prince, explorer and founder of the large agricultural settlement and company at Villaggio Duca degli Abruzzi in Italian Somalia.",https://www.treccani.it/enciclopedia/savoia-aosta-luigi-amedeo-giuseppe-maria-ferdinando-francesco-di-duca-degli-abruzzi_%28Dizionario-Biografico%29/,,False,verified_manual,79091
457825,D379,024038,VIA FRANCESCO CRISPI,,VIA FRANCESCO CRISPI,Dueville,Veneto,024038,crispi_francesco,Francesco Crispi,Francesco Crispi,100.0,exact_canonical,francesco crispi,accepted_auto,Francesco Crispi,political_and_administration,Eritrea;Ethiopia;Somalia,1887-1896,Prime minister and a principal political promoter of Italian colonial expansion in the Horn of Africa; his policy culminated in the war ending at Adwa.,https://www.treccani.it/enciclopedia/francesco-crispi/,,False,verified_manual,79091
222773,D530,025021,VIA FRANCESCO CRISPI,,VIA FRANCESCO CRISPI,Feltre,Veneto,025021,crispi_francesco,Francesco Crispi,Francesco Crispi,100.0,exact_canonical,francesco crispi,accepted_auto,Francesco Crispi,political_and_administration,Eritrea;Ethiopia;Somalia,1887-1896,Prime minister and a principal political promoter of Italian colonial expansion in the Horn of Africa; his policy culminated in the war ending at Adwa.,https://www.treccani.it/enciclopedia/francesco-crispi/,,False,verified_manual,79091
329383,D549,023034,VIA GENERALE GRAZIANI,,VIA GENERALE GRAZIANI,Ferrara di Monte Baldo,Veneto,023034,graziani_rodolfo,Rodolfo Graziani,Graziani,100.0,exact_surname,generale graziani,needs_review,Rodolfo Graziani;Graziani;Maresciallo Graziani,military_and_administration,Libya;Ethiopia,1920s-1937,Senior colonial commander in Libya and commander in the Italo-Ethiopian war; viceroy of Ethiopia in 1936-1937.,https://www.treccani.it/enciclopedia/rodolfo-graziani/,,True,verified,79091
103532,D956,028041,VIA ITALO BALBO,,VIA ITALO BALBO,Gazzo,Veneto,028041,balbo_italo,Italo Balbo,Italo Balbo,100.0,exact_canonical,italo balbo,accepted_auto,Italo Balbo;Balbo,political_and_administration,Libya,1934-1940,Governor-General of Italian Libya from 1934 to 1940.,https://www.treccani.it/enciclopedia/italo-balbo/,,True,verified,79091
102004,E145,028042,VIA DUCA DEGLI ABRUZZI,,VIA DUCA DEGLI ABRUZZI,Grantorto,Veneto,028042,savoiaaosta_luigiamedeo,Luigi Amedeo di Savoia-Aosta,Duca degli Abruzzi,100.0,exact_alias,duca degli abruzzi,accepted_auto,Luigi Amedeo di Savoia-Aosta;Duca degli Abruzzi,economic_and_colonization,Somalia,1919-1933,"Prince, explorer and founder of the large agricultural settlement and company at Villaggio Duca degli Abruzzi in Italian Somalia.",https://www.treccani.it/enciclopedia/savoia-aosta-luigi-amedeo-giuseppe-maria-ferdinando-francesco-di-duca-degli-abruzzi_%28Dizionario-Biografico%29/,,False,verified_manual,79091
553245,E215,027018,VIA GIUSEPPE VOLPI DI MISURATA,,VIA GIUSEPPE VOLPI DI MISURATA,Gruaro,Veneto,027018,volpi_giuseppe,Giuseppe Volpi,Giuseppe Volpi di Misurata,100.0,exact_alias,giuseppe volpi di misurata,accepted_auto,Giuseppe Volpi;Giuseppe Volpi di Misurata;Volpi di Misurata;Volpi,political_economic_administration,Libya,1921-1925,Governor of Tripolitania and a major political-economic figure in Italian colonial policy.,https://www.treccani.it/enciclopedia/volpi-giuseppe-conte-di-misurata/,,False,verified,79091
224013,E522,029029,VIA FRANCESCO CRISPI,,VIA FRANCESCO CRISPI,Lendinara,Veneto,029029,crispi_francesco,Francesco Crispi,Francesco Crispi,100.0,exact_canonical,francesco crispi,accepted_auto,Francesco Crispi,political_and_administration,Eritrea;Ethiopia;Somalia,1887-1896,Prime minister and a principal political promoter of Italian colonial expansion in the Horn of Africa; his policy culminated in the war ending at Adwa.,https://www.treccani.it/enciclopedia/francesco-crispi/,,False,verified_manual,79091
106265,E731,024053,VIA GRAZIANI,,VIA GRAZIANI,Lugo di Vicenza,Veneto,024053,graziani_rodolfo,Rodolfo Graziani,Graziani,100.0,exact_surname,graziani,needs_review,Rodolfo Graziani;Graziani;Maresciallo Graziani,military_and_administration,Libya;Ethiopia,1920s-1937,Senior colonial commander in Libya and commander in the Italo-Ethiopian war; viceroy of Ethiopia in 1936-1937.,https://www.treccani.it/enciclopedia/rodolfo-graziani/,,True,verified,79091
414798,E864,024055,VIA FRANCESCO CRISPI,,VIA FRANCESCO CRISPI,Malo,Veneto,024055,crispi_francesco,Francesco Crispi,Francesco Crispi,100.0,exact_canonical,francesco crispi,accepted_auto,Francesco Crispi,political_and_administration,Eritrea;Ethiopia;Somalia,1887-1896,Prime minister and a principal political promoter of Italian colonial expansion in the Horn of Africa; his policy culminated in the war ending at Adwa.,https://www.treccani.it/enciclopedia/francesco-crispi/,,False,verified_manual,79091
238189,E911,023046,VIA GRAZIANI,,VIA GRAZIANI,Marano di Valpolicella,Veneto,023046,graziani_rodolfo,Rodolfo Graziani,Graziani,100.0,exact_surname,graziani,needs_review,Rodolfo Graziani;Graziani;Maresciallo Graziani,military_and_administration,Libya;Ethiopia,1920s-1937,Senior colonial commander in Libya and commander in the Italo-Ethiopian war; viceroy of Ethiopia in 1936-1937.,https://www.treccani.it/enciclopedia/rodolfo-graziani/,,True,verified,79091
444378,F394,028056,VIA PADRE REGINALDO GIULIANI,,VIA PADRE REGINALDO GIULIANI,Montagnana,Veneto,028056,giuliani_reginaldo,Reginaldo Giuliani,Reginaldo Giuliani,100.0,exact_canonical,padre reginaldo giuliani,accepted_auto,Reginaldo Giuliani;Giuliani;Padre Reginaldo Giuliani,military_and_religious,Ethiopia,1935-1936,Dominican friar and volunteer military chaplain associated with the war against Ethiopia.,https://www.tandfonline.com/doi/full/10.1080/1369801X.2023.2222710,,False,verified,79091
413583,F443,026046,VIALE PIETRO BERTOLINI,,VIALE PIETRO BERTOLINI,Montebelluna,Veneto,026046,bertolini_pietro,Pietro Bertolini,Pietro Bertolini,100.0,exact_canonical,pietro bertolini,accepted_auto,Pietro Bertolini,political_and_administration,Libya;Eritrea;Somalia,1912-1914,First Minister of the Colonies after participating in the negotiations ending the Italo-Turkish War.,https://www.treccani.it/enciclopedia/pietro-bertolini_%28Enciclopedia-Italiana%29/,Q3903703,False,verified_manual,79091
488464,F464,024061,VIA FRANCESCO CRISPI,,VIA FRANCESCO CRISPI,Montecchio Maggiore,Veneto,024061,crispi_francesco,Francesco Crispi,Francesco Crispi,100.0,exact_canonical,francesco crispi,accepted_auto,Francesco Crispi,political_and_administration,Eritrea;Ethiopia;Somalia,1887-1896,Prime minister and a principal political promoter of Italian colonial expansion in the Horn of Africa; his policy culminated in the war ending at Adwa.,https://www.treccani.it/enciclopedia/francesco-crispi/,,False,verified_manual,79091
305533,F789,023051,VIA DUCA DEGLI ABRUZZI,,VIA DUCA DEGLI ABRUZZI,Mozzecane,Veneto,023051,savoiaaosta_luigiamedeo,Luigi Amedeo di Savoia-Aosta,Duca degli Abruzzi,100.0,exact_alias,duca degli abruzzi,accepted_auto,Luigi Amedeo di Savoia-Aosta;Duca degli Abruzzi,economic_and_colonization,Somalia,1919-1933,"Prince, explorer and founder of the large agricultural settlement and company at Villaggio Duca degli Abruzzi in Italian Somalia.",https://www.treccani.it/enciclopedia/savoia-aosta-luigi-amedeo-giuseppe-maria-ferdinando-francesco-di-duca-degli-abruzzi_%28Dizionario-Biografico%29/,,False,verified_manual,79091
194466,F872,026050,VICOLO PIETRO BERTOLINI,,VICOLO PIETRO BERTOLINI,Nervesa della Battaglia,Veneto,026050,bertolini_pietro,Pietro Bertolini,Pietro Bertolini,100.0,exact_canonical,pietro bertolini,accepted_auto,Pietro Bertolini,political_and_administration,Libya;Eritrea;Somalia,1912-1914,First Minister of the Colonies after participating in the negotiations ending the Italo-Turkish War.,https://www.treccani.it/enciclopedia/pietro-bertolini_%28Enciclopedia-Italiana%29/,Q3903703,False,verified_manual,79091
271346,G224,028060,VIA ANTONIO BALDISSERA,,VIA ANTONIO BALDISSERA,Padova,Veneto,028060,baldissera_antonio,Antonio Baldissera,Antonio Baldissera,100.0,exact_canonical,antonio baldissera,accepted_auto,Antonio Baldissera;Baldissera,military_and_administration,Eritrea;Ethiopia,1880s-1890s,General associated with the occupation and military administration of Eritrea.,https://www.tandfonline.com/doi/full/10.1080/1369801X.2023.2222710,,True,verified,79091
271376,G224,028060,VIA ANTONIO LOCATELLI,,VIA ANTONIO LOCATELLI,Padova,Veneto,028060,locatelli_antonio,Antonio Locatelli,Antonio Locatelli,100.0,exact_canonical,antonio locatelli,accepted_auto,Antonio Locatelli;Locatelli,military,Ethiopia,1935-1936,"Aviator and volunteer in the war against Ethiopia, later commemorated in Italian public space.",https://www.tandfonline.com/doi/full/10.1080/1369801X.2023.2222710,,False,verified,79091
271686,G224,028060,VIA COLONNELLO GIUSEPPE GALLIANO,,VIA COLONNELLO GIUSEPPE GALLIANO,Padova,Veneto,028060,galliano_giuseppe,Giuseppe Galliano,Giuseppe Galliano,100.0,exact_canonical,colonnello giuseppe galliano,accepted_auto,Giuseppe Galliano;Galliano,military,Eritrea;Ethiopia,1880s-1890s,Italian officer active in the colonial campaigns in Eritrea and Ethiopia.,https://www.lastampa.it/torino/2023/03/22/news/nomi_vie_piazze_colonialismo-12713667/,,True,verified,79091
271886,G224,028060,VIA DUCA DEGLI ABRUZZI,,VIA DUCA DEGLI ABRUZZI,Padova,Veneto,028060,savoiaaosta_luigiamedeo,Luigi Amedeo di Savoia-Aosta,Duca degli Abruzzi,100.0,exact_alias,duca degli abruzzi,accepted_auto,Luigi Amedeo di Savoia-Aosta;Duca degli Abruzzi,economic_and_colonization,Somalia,1919-1933,"Prince, explorer and founder of the large agricultural settlement and company at Villaggio Duca degli Abruzzi in Italian Somalia.",https://www.treccani.it/enciclopedia/savoia-aosta-luigi-amedeo-giuseppe-maria-ferdinando-francesco-di-duca-degli-abruzzi_%28Dizionario-Biografico%29/,,False,verified_manual,79091
272168,G224,028060,VIA GIOVANNI AMEGLIO,,VIA GIOVANNI AMEGLIO,Padova,Veneto,028060,ameglio_giovanni,Giovanni Ameglio,Giovanni Ameglio,100.0,exact_canonical,giovanni ameglio,accepted_auto,Giovanni Ameglio,military_and_administration,Eritrea;Libya,1890s-1918,Officer in the first Italo-Ethiopian conflict and a leading commander in the conquest of Libya; later governor of Cyrenaica and Tripolitania.,https://www.treccani.it/enciclopedia/giovanni-ameglio_%28Dizionario-Biografico%29/,,False,verified_manual,79091
272724,G224,028060,VIA ORAZIO ANTINORI,,VIA ORAZIO ANTINORI,Padova,Veneto,028060,antinori_orazio,Orazio Antinori,Orazio Antinori,100.0,exact_canonical,orazio antinori,accepted_auto,Orazio Antinori,exploration_geography,Ethiopia;Eritrea,1870s-1882,Explorer and naturalist whose Ethiopian expeditions and diplomatic role helped establish early Italian political influence in Shoa.,https://www.treccani.it/enciclopedia/orazio-antinori_%28Enciclopedia-Italiana%29/,,False,verified_manual,79091
272746,G224,028060,VIA PADRE REGINALDO GIULIANI,,VIA PADRE REGINALDO GIULIANI,Padova,Veneto,028060,giuliani_reginaldo,Reginaldo Giuliani,Reginaldo Giuliani,100.0,exact_canonical,padre reginaldo giuliani,accepted_auto,Reginaldo Giuliani;Giuliani;Padre Reginaldo Giuliani,military_and_religious,Ethiopia,1935-1936,Dominican friar and volunteer military chaplain associated with the war against Ethiopia.,https://www.tandfonline.com/doi/full/10.1080/1369801X.2023.2222710,,False,verified,79091
272821,G224,028060,VIA PIETRO TOSELLI,,VIA PIETRO TOSELLI,Padova,Veneto,028060,toselli_pietro,Pietro Toselli,Pietro Toselli,100.0,exact_canonical,pietro toselli,accepted_auto,Pietro Toselli;Toselli;Maggiore Toselli,military,Eritrea;Ethiopia,1890s,Italian officer in the colonial campaigns in the Horn of Africa; killed at Amba Alagi in 1895.,https://www.tandfonline.com/doi/full/10.1080/1369801X.2023.2222710,,True,verified,79091
273219,G224,028060,VIA VITTORIO BOTTEGO,,VIA VITTORIO BOTTEGO,Padova,Veneto,028060,bottego_vittorio,Vittorio Bottego,Vittorio Bottego,100.0,exact_canonical,vittorio bottego,accepted_auto,Vittorio Bottego,exploration_geography,Somalia;Ethiopia;Eritrea,1887-1897,Army officer and explorer whose expeditions in the Horn of Africa were closely connected with Italian territorial ambitions in Somalia and Ethiopia.,https://www.treccani.it/enciclopedia/vittorio-bottego_%28Dizionario-Biografico%29/,,False,verified_manual,79091
1346037,G229,026055,PIAZZA GIULIO CESARE TASSONI,,PIAZZA GIULIO CESARE TASSONI,Paese,Veneto,026055,tassoni_giuliocesare,Giulio Cesare Tassoni,Giulio Cesare Tassoni,100.0,exact_canonical,giulio cesare tassoni,accepted_auto,Giulio Cesare Tassoni,military_and_administration,Libya,1912-1915,Commander in Tripolitania during the Italo-Turkish War and governor of Tripolitania in 1915.,https://www.treccani.it/enciclopedia/giulio-cesare-tassoni_%28Dizionario-Biografico%29/,,False,verified_manual,79091
153864,G875,026059,VICOLO FRANCESCO CRISPI,,VICOLO FRANCESCO CRISPI,Ponzano Veneto,Veneto,026059,crispi_francesco,Francesco Crispi,Francesco Crispi,100.0,exact_canonical,francesco crispi,accepted_auto,Francesco Crispi,political_and_administration,Eritrea;Ethiopia;Somalia,1887-1896,Prime minister and a principal political promoter of Italian colonial expansion in the Horn of Africa; his policy culminated in the war ending at Adwa.,https://www.treccani.it/enciclopedia/francesco-crispi/,,False,verified_manual,79091
499786,G914,027029,VIA ANTONIO BALDISSERA,,VIA ANTONIO BALDISSERA,Portogruaro,Veneto,027029,baldissera_antonio,Antonio Baldissera,Antonio Baldissera,100.0,exact_canonical,antonio baldissera,accepted_auto,Antonio Baldissera;Baldissera,military_and_administration,Eritrea;Ethiopia,1880s-1890s,General associated with the occupation and military administration of Eritrea.,https://www.tandfonline.com/doi/full/10.1080/1369801X.2023.2222710,,True,verified,79091
500092,G914,027029,VIA ORAZIO ANTINORI,,VIA ORAZIO ANTINORI,Portogruaro,Veneto,027029,antinori_orazio,Orazio Antinori,Orazio Antinori,100.0,exact_canonical,orazio antinori,accepted_auto,Orazio Antinori,exploration_geography,Ethiopia;Eritrea,1870s-1882,Explorer and naturalist whose Ethiopian expeditions and diplomatic role helped establish early Italian political influence in Shoa.,https://www.treccani.it/enciclopedia/orazio-antinori_%28Enciclopedia-Italiana%29/,,False,verified_manual,79091
500213,G914,027029,VIA VITTORIO BOTTEGO,,VIA VITTORIO BOTTEGO,Portogruaro,Veneto,027029,bottego_vittorio,Vittorio Bottego,Vittorio Bottego,100.0,exact_canonical,vittorio bottego,accepted_auto,Vittorio Bottego,exploration_geography,Somalia;Ethiopia;Eritrea,1887-1897,Army officer and explorer whose expeditions in the Horn of Africa were closely connected with Italian territorial ambitions in Somalia and Ethiopia.,https://www.treccani.it/enciclopedia/vittorio-bottego_%28Dizionario-Biografico%29/,,False,verified_manual,79091
630466,G926,029052,VIA REGINALDO GIULIANI,,VIA REGINALDO GIULIANI,Porto Viro,Veneto,029052,giuliani_reginaldo,Reginaldo Giuliani,Reginaldo Giuliani,100.0,exact_canonical,reginaldo giuliani,accepted_auto,Reginaldo Giuliani;Giuliani;Padre Reginaldo Giuliani,military_and_religious,Ethiopia,1935-1936,Dominican friar and volunteer military chaplain associated with the war against Ethiopia.,https://www.tandfonline.com/doi/full/10.1080/1369801X.2023.2222710,,False,verified,79091
139538,H214,024084,PIAZZA AMEDEO DI SAVOIA AOSTA,,PIAZZA AMEDEO DI SAVOIA AOSTA,Recoaro Terme,Veneto,024084,savoiaaosta_amedeo,Amedeo di Savoia-Aosta,Amedeo di Savoia-Aosta,100.0,exact_canonical,amedeo di savoia aosta,accepted_auto,Amedeo di Savoia-Aosta,military_and_administration,Ethiopia;Eritrea;Somalia;Libya,1928-1941,Colonial military officer in Libya and viceroy/governor-general of Italian East Africa from 1937 until the collapse of the colony.,https://www.treccani.it/enciclopedia/savoia-aosta-amedeo-di-duca-d-aosta_%28Dizionario-Biografico%29/,,False,verified_manual,79091
549930,H620,029041,VIA VITTORIO BOTTEGO,,VIA VITTORIO BOTTEGO,Rovigo,Veneto,029041,bottego_vittorio,Vittorio Bottego,Vittorio Bottego,100.0,exact_canonical,vittorio bottego,accepted_auto,Vittorio Bottego,exploration_geography,Somalia;Ethiopia;Eritrea,1887-1897,Army officer and explorer whose expeditions in the Horn of Africa were closely connected with Italian territorial ambitions in Somalia and Ethiopia.,https://www.treccani.it/enciclopedia/vittorio-bottego_%28Dizionario-Biografico%29/,,False,verified_manual,79091
549602,H620,029041,VICOLO FRANCESCO CRISPI,,VICOLO FRANCESCO CRISPI,Rovigo,Veneto,029041,crispi_francesco,Francesco Crispi,Francesco Crispi,100.0,exact_canonical,francesco crispi,accepted_auto,Francesco Crispi,political_and_administration,Eritrea;Ethiopia;Somalia,1887-1896,Prime minister and a principal political promoter of Italian colonial expansion in the Horn of Africa; his policy culminated in the war ending at Adwa.,https://www.treccani.it/enciclopedia/francesco-crispi/,,False,verified_manual,79091
137212,H823,027033,VIA FRANCESCO CRISPI,,VIA FRANCESCO CRISPI,San Donà di Piave,Veneto,027033,crispi_francesco,Francesco Crispi,Francesco Crispi,100.0,exact_canonical,francesco crispi,accepted_auto,Francesco Crispi,political_and_administration,Eritrea;Ethiopia;Somalia,1887-1896,Prime minister and a principal political promoter of Italian colonial expansion in the Horn of Africa; his policy culminated in the war ending at Adwa.,https://www.treccani.it/enciclopedia/francesco-crispi/,,False,verified_manual,79091
154068,I221,026075,VIA FRANCESCO CRISPI,,VIA FRANCESCO CRISPI,Santa Lucia di Piave,Veneto,026075,crispi_francesco,Francesco Crispi,Francesco Crispi,100.0,exact_canonical,francesco crispi,accepted_auto,Francesco Crispi,political_and_administration,Eritrea;Ethiopia;Somalia,1887-1896,Prime minister and a principal political promoter of Italian colonial expansion in the Horn of Africa; his policy culminated in the war ending at Adwa.,https://www.treccani.it/enciclopedia/francesco-crispi/,,False,verified_manual,79091
482629,I531,024100,VIA VITTORIO BOTTEGO,,VIA VITTORIO BOTTEGO,Schio,Veneto,024100,bottego_vittorio,Vittorio Bottego,Vittorio Bottego,100.0,exact_canonical,vittorio bottego,accepted_auto,Vittorio Bottego,exploration_geography,Somalia;Ethiopia;Eritrea,1887-1897,Army officer and explorer whose expeditions in the Horn of Africa were closely connected with Italian territorial ambitions in Somalia and Ethiopia.,https://www.treccani.it/enciclopedia/vittorio-bottego_%28Dizionario-Biografico%29/,,False,verified_manual,79091
257027,I626,025055,VIA ITALO BALBO,,VIA ITALO BALBO,Seren del Grappa,Veneto,025055,balbo_italo,Italo Balbo,Italo Balbo,100.0,exact_canonical,italo balbo,accepted_auto,Italo Balbo;Balbo,political_and_administration,Libya,1934-1940,Governor-General of Italian Libya from 1934 to 1940.,https://www.treccani.it/enciclopedia/italo-balbo/,,True,verified,79091
670329,L407,026086,PIAZZA FRANCESCO CRISPI,,PIAZZA FRANCESCO CRISPI,Treviso,Veneto,026086,crispi_francesco,Francesco Crispi,Francesco Crispi,100.0,exact_canonical,francesco crispi,accepted_auto,Francesco Crispi,political_and_administration,Eritrea;Ethiopia;Somalia,1887-1896,Prime minister and a principal political promoter of Italian colonial expansion in the Horn of Africa; his policy culminated in the war ending at Adwa.,https://www.treccani.it/enciclopedia/francesco-crispi/,,False,verified_manual,79091
670692,L407,026086,VIA PIETRO BERTOLINI,,VIA PIETRO BERTOLINI,Treviso,Veneto,026086,bertolini_pietro,Pietro Bertolini,Pietro Bertolini,100.0,exact_canonical,pietro bertolini,accepted_auto,Pietro Bertolini,political_and_administration,Libya;Eritrea;Somalia,1912-1914,First Minister of the Colonies after participating in the negotiations ending the Italo-Turkish War.,https://www.treccani.it/enciclopedia/pietro-bertolini_%28Enciclopedia-Italiana%29/,Q3903703,False,verified_manual,79091
497736,L551,024111,VIA FRANCESCO CRISPI,,VIA FRANCESCO CRISPI,Valdagno,Veneto,024111,crispi_francesco,Francesco Crispi,Francesco Crispi,100.0,exact_canonical,francesco crispi,accepted_auto,Francesco Crispi,political_and_administration,Eritrea;Ethiopia;Somalia,1887-1896,Prime minister and a principal political promoter of Italian colonial expansion in the Horn of Africa; his policy culminated in the war ending at Adwa.,https://www.treccani.it/enciclopedia/francesco-crispi/,,False,verified_manual,79091
497453,L551,024111,VIA GALLIANO,,VIA GALLIANO,Valdagno,Veneto,024111,galliano_giuseppe,Giuseppe Galliano,Galliano,100.0,exact_surname,galliano,needs_review,Giuseppe Galliano;Galliano,military,Eritrea;Ethiopia,1880s-1890s,Italian officer active in the colonial campaigns in Eritrea and Ethiopia.,https://www.lastampa.it/torino/2023/03/22/news/nomi_vie_piazze_colonialismo-12713667/,,True,verified,79091
468386,L706,026089,VIA FRANCESCO CRISPI,,VIA FRANCESCO CRISPI,Vedelago,Veneto,026089,crispi_francesco,Francesco Crispi,Francesco Crispi,100.0,exact_canonical,francesco crispi,accepted_auto,Francesco Crispi,political_and_administration,Eritrea;Ethiopia;Somalia,1887-1896,Prime minister and a principal political promoter of Italian colonial expansion in the Horn of Africa; his policy culminated in the war ending at Adwa.,https://www.treccani.it/enciclopedia/francesco-crispi/,,False,verified_manual,79091
1090432,L736,027042,PIAZZALE FRANCESCO CRISPI,,PIAZZALE FRANCESCO CRISPI,Venezia,Veneto,027042,crispi_francesco,Francesco Crispi,Francesco Crispi,100.0,exact_canonical,francesco crispi,accepted_auto,Francesco Crispi,political_and_administration,Eritrea;Ethiopia;Somalia,1887-1896,Prime minister and a principal political promoter of Italian colonial expansion in the Horn of Africa; his policy culminated in the war ending at Adwa.,https://www.treccani.it/enciclopedia/francesco-crispi/,,False,verified_manual,79091
1089732,L736,027042,VIA ANTONIO BALDISSERA,,VIA ANTONIO BALDISSERA,Venezia,Veneto,027042,baldissera_antonio,Antonio Baldissera,Antonio Baldissera,100.0,exact_canonical,antonio baldissera,accepted_auto,Antonio Baldissera;Baldissera,military_and_administration,Eritrea;Ethiopia,1880s-1890s,General associated with the occupation and military administration of Eritrea.,https://www.tandfonline.com/doi/full/10.1080/1369801X.2023.2222710,,True,verified,79091
1090433,L736,027042,VIA FRANCESCO CRISPI,,VIA FRANCESCO CRISPI,Venezia,Veneto,027042,crispi_francesco,Francesco Crispi,Francesco Crispi,100.0,exact_canonical,francesco crispi,accepted_auto,Francesco Crispi,political_and_administration,Eritrea;Ethiopia;Somalia,1887-1896,Prime minister and a principal political promoter of Italian colonial expansion in the Horn of Africa; his policy culminated in the war ending at Adwa.,https://www.treccani.it/enciclopedia/francesco-crispi/,,False,verified_manual,79091
1090588,L736,027042,VIA GIUSEPPE GALLIANO,,VIA GIUSEPPE GALLIANO,Venezia,Veneto,027042,galliano_giuseppe,Giuseppe Galliano,Giuseppe Galliano,100.0,exact_canonical,giuseppe galliano,accepted_auto,Giuseppe Galliano;Galliano,military,Eritrea;Ethiopia,1880s-1890s,Italian officer active in the colonial campaigns in Eritrea and Ethiopia.,https://www.lastampa.it/torino/2023/03/22/news/nomi_vie_piazze_colonialismo-12713667/,,True,verified,79091
1090950,L736,027042,VIA PADRE REGINALDO GIULIANI,,VIA PADRE REGINALDO GIULIANI,Venezia,Veneto,027042,giuliani_reginaldo,Reginaldo Giuliani,Reginaldo Giuliani,100.0,exact_canonical,padre reginaldo giuliani,accepted_auto,Reginaldo Giuliani;Giuliani;Padre Reginaldo Giuliani,military_and_religious,Ethiopia,1935-1936,Dominican friar and volunteer military chaplain associated with the war against Ethiopia.,https://www.tandfonline.com/doi/full/10.1080/1369801X.2023.2222710,,False,verified,79091
169733,L781,023091,VIA ANTONIO LOCATELLI,,VIA ANTONIO LOCATELLI,Verona,Veneto,023091,locatelli_antonio,Antonio Locatelli,Antonio Locatelli,100.0,exact_canonical,antonio locatelli,accepted_auto,Antonio Locatelli;Locatelli,military,Ethiopia,1935-1936,"Aviator and volunteer in the war against Ethiopia, later commemorated in Italian public space.",https://www.tandfonline.com/doi/full/10.1080/1369801X.2023.2222710,,False,verified,79091
171484,L781,023091,VIA VITTORIO BOTTEGO,,VIA VITTORIO BOTTEGO,Verona,Veneto,023091,bottego_vittorio,Vittorio Bottego,Vittorio Bottego,100.0,exact_canonical,vittorio bottego,accepted_auto,Vittorio Bottego,exploration_geography,Somalia;Ethiopia;Eritrea,1887-1897,Army officer and explorer whose expeditions in the Horn of Africa were closely connected with Italian territorial ambitions in Somalia and Ethiopia.,https://www.treccani.it/enciclopedia/vittorio-bottego_%28Dizionario-Biografico%29/,,False,verified_manual,79091
170051,L781,023091,VIALE COLONNELLO GALLIANO,,VIALE COLONNELLO GALLIANO,Verona,Veneto,023091,galliano_giuseppe,Giuseppe Galliano,Galliano,100.0,exact_surname,colonnello galliano,needs_review,Giuseppe Galliano;Galliano,military,Eritrea;Ethiopia,1880s-1890s,Italian officer active in the colonial campaigns in Eritrea and Ethiopia.,https://www.lastampa.it/torino/2023/03/22/news/nomi_vie_piazze_colonialismo-12713667/,,True,verified,79091
164281,L840,024116,GALLERIA FRANCESCO CRISPI,,GALLERIA FRANCESCO CRISPI,Vicenza,Veneto,024116,crispi_francesco,Francesco Crispi,Francesco Crispi,100.0,exact_canonical,francesco crispi,accepted_auto,Francesco Crispi,political_and_administration,Eritrea;Ethiopia;Somalia,1887-1896,Prime minister and a principal political promoter of Italian colonial expansion in the Horn of Africa; his policy culminated in the war ending at Adwa.,https://www.treccani.it/enciclopedia/francesco-crispi/,,False,verified_manual,79091
164648,L840,024116,VIA ORAZIO ANTINORI,,VIA ORAZIO ANTINORI,Vicenza,Veneto,024116,antinori_orazio,Orazio Antinori,Orazio Antinori,100.0,exact_canonical,orazio antinori,accepted_auto,Orazio Antinori,exploration_geography,Ethiopia;Eritrea,1870s-1882,Explorer and naturalist whose Ethiopian expeditions and diplomatic role helped establish early Italian political influence in Shoa.,https://www.treccani.it/enciclopedia/orazio-antinori_%28Enciclopedia-Italiana%29/,,False,verified_manual,79091
164893,L840,024116,VIA VITTORIO BOTTEGO,,VIA VITTORIO BOTTEGO,Vicenza,Veneto,024116,bottego_vittorio,Vittorio Bottego,Vittorio Bottego,100.0,exact_canonical,vittorio bottego,accepted_auto,Vittorio Bottego,exploration_geography,Somalia;Ethiopia;Eritrea,1887-1897,Army officer and explorer whose expeditions in the Horn of Africa were closely connected with Italian territorial ambitions in Somalia and Ethiopia.,https://www.treccani.it/enciclopedia/vittorio-bottego_%28Dizionario-Biografico%29/,,False,verified_manual,79091
164280,L840,024116,VIALE FRANCESCO CRISPI,,VIALE FRANCESCO CRISPI,Vicenza,Veneto,024116,crispi_francesco,Francesco Crispi,Francesco Crispi,100.0,exact_canonical,francesco crispi,accepted_auto,Francesco Crispi,political_and_administration,Eritrea;Ethiopia;Somalia,1887-1896,Prime minister and a principal political promoter of Italian colonial expansion in the Horn of Africa; his policy culminated in the war ending at Adwa.,https://www.treccani.it/enciclopedia/francesco-crispi/,,False,verified_manual,79091
171723,L949,023096,VIA DUCA DEGLI ABRUZZI,,VIA DUCA DEGLI ABRUZZI,Villafranca di Verona,Veneto,023096,savoiaaosta_luigiamedeo,Luigi Amedeo di Savoia-Aosta,Duca degli Abruzzi,100.0,exact_alias,duca degli abruzzi,accepted_auto,Luigi Amedeo di Savoia-Aosta;Duca degli Abruzzi,economic_and_colonization,Somalia,1919-1933,"Prince, explorer and founder of the large agricultural settlement and company at Villaggio Duca degli Abruzzi in Italian Somalia.",https://www.treccani.it/enciclopedia/savoia-aosta-luigi-amedeo-giuseppe-maria-ferdinando-francesco-di-duca-degli-abruzzi_%28Dizionario-Biografico%29/,,False,verified_manual,79091
171738,L949,023096,VIA FRANCESCO CRISPI,,VIA FRANCESCO CRISPI,Villafranca di Verona,Veneto,023096,crispi_francesco,Francesco Crispi,Francesco Crispi,100.0,exact_canonical,francesco crispi,accepted_auto,Francesco Crispi,political_and_administration,Eritrea;Ethiopia;Somalia,1887-1896,Prime minister and a principal political promoter of Italian colonial expansion in the Horn of Africa; his policy culminated in the war ending at Adwa.,https://www.treccani.it/enciclopedia/francesco-crispi/,,False,verified_manual,79091
483914,M118,026093,VIA JACOPO GASPARINI,,VIA JACOPO GASPARINI,Volpago del Montello,Veneto,026093,gasparini_jacopo,Jacopo Gasparini,Jacopo Gasparini,100.0,exact_canonical,jacopo gasparini,accepted_auto,Jacopo Gasparini,political_and_administration,Eritrea,1920s,Diplomat and colonial administrator who served as governor of Eritrea.,https://it.wikipedia.org/wiki/Jacopo_Gasparini,Q3805878,False,verified_manual,79091
480860,M401,024124,VIA FRANCESCO CRISPI,,VIA FRANCESCO CRISPI,Barbarano Mossano,Veneto,024124,crispi_francesco,Francesco Crispi,Francesco Crispi,100.0,exact_canonical,francesco crispi,accepted_auto,Francesco Crispi,political_and_administration,Eritrea;Ethiopia;Somalia,1887-1896,Prime minister and a principal political promoter of Italian colonial expansion in the Horn of Africa; his policy culminated in the war ending at Adwa.,https://www.treccani.it/enciclopedia/francesco-crispi/,,False,verified_manual,79091
320277,M421,025074,VIA DUCA DEGLI ABRUZZI,,VIA DUCA DEGLI ABRUZZI,Borgo Valbelluna,Veneto,025074,savoiaaosta_luigiamedeo,Luigi Amedeo di Savoia-Aosta,Duca degli Abruzzi,100.0,exact_alias,duca degli abruzzi,accepted_auto,Luigi Amedeo di Savoia-Aosta;Duca degli Abruzzi,economic_and_colonization,Somalia,1919-1933,"Prince, explorer and founder of the large agricultural settlement and company at Villaggio Duca degli Abruzzi in Italian Somalia.",https://www.treccani.it/enciclopedia/savoia-aosta-luigi-amedeo-giuseppe-maria-ferdinando-francesco-di-duca-degli-abruzzi_%28Dizionario-Biografico%29/,,False,verified_manual,79091
320282,M421,025074,VIA GALLIANO,,VIA GALLIANO,Borgo Valbelluna,Veneto,025074,galliano_giuseppe,Giuseppe Galliano,Galliano,100.0,exact_surname,galliano,needs_review,Giuseppe Galliano;Galliano,military,Eritrea;Ethiopia,1880s-1890s,Italian officer active in the colonial campaigns in Eritrea and Ethiopia.,https://www.lastampa.it/torino/2023/03/22/news/nomi_vie_piazze_colonialismo-12713667/,,True,verified,79091
